OBJECTID,INDEX,ACCNUM,DATE,TIME,STREET1,STREET2,OFFSET,ROAD_CLASS,DISTRICT,LATITUDE,LONGITUDE,ACCLOC,TRAFFCTL,VISIBILITY,LIGHT,RDSFCOND,ACCLASS,IMPACTYPE,INVTYPE,INVAGE,INJURY,FATAL_NO,INITDIR,VEHTYPE,MANOEUVER,DRIVACT,DRIVCOND,PEDTYPE,PEDACT,PEDCOND,CYCLISTYPE,CYCACT,CYCCOND,PEDESTRIAN,CYCLIST,AUTOMOBILE,MOTORCYCLE,TRUCK,TRSN_CITY_VEH,EMERG_VEH,PASSENGER,SPEEDING,AG_DRIV,REDLIGHT,ALCOHOL,DISABILITY,HOOD_158,NEIGHBOURHOOD_158,HOOD_140,NEIGHBOURHOOD_140,DIVISION,x,y
123,5357937,1037585,4/19/2008 4:00:00 AM,1307,KINGSTON Road,OLD KINGSTON Road,,Minor Arterial,Scarborough,43.784045,-79.16919,At Intersection,No Control,Clear,Daylight,Dry,Non-Fatal Injury,Turning Movement,Motorcycle Driver,50 to 54,Major,,West,Motorcycle,Going Ahead,Driving Properly,Normal,,,,,,,,,Yes,Yes,,,,,,Yes,,,,133,Centennial Scarborough,133,Centennial Scarborough (133),D43,647316.302199978,4849515.56823574
124,5357938,1037585,4/19/2008 4:00:00 AM,1307,KINGSTON Road,OLD KINGSTON Road,,Minor Arterial,Scarborough,43.784045,-79.16919,At Intersection,No Control,Clear,Daylight,Dry,Non-Fatal Injury,Turning Movement,Driver,40 to 44,None,,East,"Automobile, Station Wagon",Turning Left,Failed to Yield Right of Way,Inattentive,,,,,,,,,Yes,Yes,,,,,,Yes,,,,133,Centennial Scarborough,133,Centennial Scarborough (133),D43,647316.302199978,4849515.56823574
125,5351243,1034570,4/22/2008 4:00:00 AM,1111,PORT UNION RD,RAVINE PARK CRES,,Minor Arterial,Scarborough,43.788043,-79.140193,At Intersection,Stop Sign,Clear,Daylight,Dry,Non-Fatal Injury,Turning Movement,Motorcycle Driver,30 to 34,Major,,North,Motorcycle,Going Ahead,Driving Properly,Normal,,,,,,,,,Yes,Yes,,,,,,,,,,143,West Rouge,131,Rouge (131),D43,649639.602340295,4850011.62632548
126,5351244,1034570,4/22/2008 4:00:00 AM,1111,PORT UNION RD,RAVINE PARK CRES,,Minor Arterial,Scarborough,43.788043,-79.140193,At Intersection,Stop Sign,Clear,Daylight,Dry,Non-Fatal Injury,Turning Movement,Vehicle Owner,unknown,,,,,,,,,,,,,,,,Yes,Yes,,,,,,,,,,143,West Rouge,131,Rouge (131),D43,649639.602340295,4850011.62632548
127,5351245,1034570,4/22/2008 4:00:00 AM,1111,PORT UNION RD,RAVINE PARK CRES,,Minor Arterial,Scarborough,43.788043,-79.140193,At Intersection,Stop Sign,Clear,Daylight,Dry,Non-Fatal Injury,Turning Movement,Driver,25 to 29,None,,West,"Automobile, Station Wagon",Turning Left,Improper Turn,Inattentive,,,,,,,,,Yes,Yes,,,,,,,,,,143,West Rouge,131,Rouge (131),D43,649639.602340295,4850011.62632548
128,5358490,1037827,4/24/2008 4:00:00 AM,1217,PAPE AVE,WOODVILLE AVE,,Major Arterial,Toronto and East York,43.692345,-79.34989,,Stop Sign,Clear,Daylight,Dry,Non-Fatal Injury,Angle,Motorcycle Driver,25 to 29,Major,,North,Motorcycle,Going Ahead,Driving Properly,Normal,,,,,,,,,Yes,Yes,,,,,,,,,,58,Old East York,58,Old East York (58),D55,632978.947099135,4839025.21431278
129,5358491,1037827,4/24/2008 4:00:00 AM,1217,PAPE AVE,WOODVILLE AVE,,Major Arterial,Toronto and East York,43.692345,-79.34989,,Stop Sign,Clear,Daylight,Dry,Non-Fatal Injury,Angle,Driver,70 to 74,None,,East,"Automobile, Station Wagon",Going Ahead,Driving Properly,Normal,,,,,,,,,Yes,Yes,,,,,,,,,,58,Old East York,58,Old East York (58),D55,632978.947099135,4839025.21431278
130,5362211,1039417,4/24/2008 4:00:00 AM,2020,ST CLAIR AVE W,SILVERTHORN AVE,,Major Arterial,Toronto and East York,43.674145,-79.45999,,Traffic Signal,Clear,Dark,Dry,Non-Fatal Injury,Sideswipe,Motorcycle Driver,30 to 34,Major,,West,Motorcycle,Going Ahead,Driving Properly,Normal,,,,,,,,,Yes,Yes,,,,,,,,,,91,Weston-Pelham Park,91,Weston-Pellam Park (91),D11,624143.665305471,4836833.18279935
131,5362212,1039417,4/24/2008 4:00:00 AM,2020,ST CLAIR AVE W,SILVERTHORN AVE,,Major Arterial,Toronto and East York,43.674145,-79.45999,,Traffic Signal,Clear,Dark,Dry,Non-Fatal Injury,Sideswipe,Vehicle Owner,unknown,,,,Other,,,,,,,,,,,,Yes,Yes,,,,,,,,,,91,Weston-Pelham Park,91,Weston-Pellam Park (91),D11,624143.665305471,4836833.18279935
132,5362213,1039417,4/24/2008 4:00:00 AM,2020,ST CLAIR AVE W,SILVERTHORN AVE,,Major Arterial,Toronto and East York,43.674145,-79.45999,,Traffic Signal,Clear,Dark,Dry,Non-Fatal Injury,Sideswipe,Driver,20 to 24,None,,West,"Automobile, Station Wagon",Changing Lanes,Improper Lane Change,Inattentive,,,,,,,,,Yes,Yes,,,,,,,,,,91,Weston-Pelham Park,91,Weston-Pellam Park (91),D11,624143.665305471,4836833.18279935
133,5368873,1042389,5/23/2008 4:00:00 AM,2135,CENTENNIAL PARK Rd,RATHBURN Rd,,Minor Arterial,Etobicoke York,43.650745,-79.58149,,No Control,Clear,Dark,Dry,Non-Fatal Injury,Turning Movement,Passenger,25 to 29,Major,,,Other,,,,,,,,,,,,Yes,Yes,,,,Yes,,Yes,,,,11,Eringate-Centennial-West Deane,11,Eringate-Centennial-West Deane (11),D22,614393.632564532,4834059.65051793
134,5368874,1042389,5/23/2008 4:00:00 AM,2135,CENTENNIAL PARK Rd,RATHBURN Rd,,Minor Arterial,Etobicoke York,43.650745,-79.58149,,No Control,Clear,Dark,Dry,Non-Fatal Injury,Turning Movement,Motorcycle Driver,20 to 24,Minor,,North,Motorcycle,Going Ahead,Lost control,Normal,,,,,,,,,Yes,Yes,,,,Yes,,Yes,,,,11,Eringate-Centennial-West Deane,11,Eringate-Centennial-West Deane (11),D22,614393.632564532,4834059.65051793
135,5368875,1042389,5/23/2008 4:00:00 AM,2135,CENTENNIAL PARK Rd,RATHBURN Rd,,Minor Arterial,Etobicoke York,43.650745,-79.58149,,No Control,Clear,Dark,Dry,Non-Fatal Injury,Turning Movement,Driver,20 to 24,None,,West,"Automobile, Station Wagon",Turning Left,Failed to Yield Right of Way,Normal,,,,,,,,,Yes,Yes,,,,Yes,,Yes,,,,11,Eringate-Centennial-West Deane,11,Eringate-Centennial-West Deane (11),D22,614393.632564532,4834059.65051793
136,5363175,1039861,5/24/2008 4:00:00 AM,30,BAYVIEW Aven,BLOOR Ramp,,,Toronto and East York,43.677146,-79.367893,,No Control,Clear,Dark,Dry,Fatal,SMV Other,Motorcycle Driver,25 to 29,Fatal,21,North,Motorcycle,Going Ahead,Exceeding Speed Limit,Unknown,,,,,,,,,,Yes,,,,,Yes,Yes,,,,98,Rosedale-Moore Park,98,Rosedale-Moore Park (98),D53,631561.328388073,4837308.44191574
137,5368533,1042256,5/24/2008 4:00:00 AM,200,SPADINA AVE,CLARENCE SQ W,,Major Arterial,Toronto and East York,43.644845,-79.39479,,No Control,Clear,Dark,Dry,Non-Fatal Injury,SMV Other,Motorcycle Passenger,20 to 24,Minimal,,,Other,,,,,,,,,,,,,Yes,,,,Yes,,,,,,164,Wellington Place,77,Waterfront Communities-The Island (77),D52,629462.59239971,4833678.67562488
138,5368534,1042256,5/24/2008 4:00:00 AM,200,SPADINA AVE,CLARENCE SQ W,,Major Arterial,Toronto and East York,43.644845,-79.39479,,No Control,Clear,Dark,Dry,Non-Fatal Injury,SMV Other,Motorcycle Driver,20 to 24,Major,,South,Motorcycle,Turning Left,Lost control,Normal,,,,,,,,,,Yes,,,,Yes,,,,,,164,Wellington Place,77,Waterfront Communities-The Island (77),D52,629462.59239971,4833678.67562488
139,5369445,1042639,5/28/2008 4:00:00 AM,1648,MILLWOOD RD,VILLAGE STATION RD,,Major Arterial,North York,43.701869,-79.358073,At Intersection,Traffic Signal,Clear,Daylight,Dry,Non-Fatal Injury,Turning Movement,Motorcycle Driver,45 to 49,Major,,East,Motorcycle,Going Ahead,Exceeding Speed Limit,Normal,,,,,,,,,Yes,Yes,,,,,Yes,Yes,,,,56,Leaside-Bennington,56,Leaside-Bennington (56),D53,632298.541918592,4840069.89731512
140,5369446,1042639,5/28/2008 4:00:00 AM,1648,MILLWOOD RD,VILLAGE STATION RD,,Major Arterial,North York,43.701869,-79.358073,At Intersection,Traffic Signal,Clear,Daylight,Dry,Non-Fatal Injury,Turning Movement,Driver,50 to 54,None,,West,"Automobile, Station Wagon",Turning Left,Driving Properly,Normal,,,,,,,,,Yes,Yes,,,,,Yes,Yes,,,,56,Leaside-Bennington,56,Leaside-Bennington (56),D53,632298.541918592,4840069.89731512
141,5375918,1045598,6/5/2008 4:00:00 AM,1220,WESTON RD,WESTON ALBION RD RAMP RD,,Major Arterial,Etobicoke York,43.718045,-79.53779,At Intersection,No Control,Clear,Daylight,Dry,Non-Fatal Injury,Sideswipe,Motorcycle Driver,30 to 34,Major,,South,Motorcycle,Changing Lanes,Improper Lane Change,Normal,,,,,,,,,Yes,Yes,,,,,,,,,,23,Pelmo Park-Humberlea,23,Pelmo Park-Humberlea (23),D31,617786.002224878,4841595.37894355
142,5375919,1045598,6/5/2008 4:00:00 AM,1220,WESTON RD,WESTON ALBION RD RAMP RD,,Major Arterial,Etobicoke York,43.718045,-79.53779,At Intersection,No Control,Clear,Daylight,Dry,Non-Fatal Injury,Sideswipe,Vehicle Owner,unknown,,,,Other,,,,,,,,,,,,Yes,Yes,,,,,,,,,,23,Pelmo Park-Humberlea,23,Pelmo Park-Humberlea (23),D31,617786.002224878,4841595.37894355
143,5375920,1045598,6/5/2008 4:00:00 AM,1220,WESTON RD,WESTON ALBION RD RAMP RD,,Major Arterial,Etobicoke York,43.718045,-79.53779,At Intersection,No Control,Clear,Daylight,Dry,Non-Fatal Injury,Sideswipe,Driver,60 to 64,None,,South,"Automobile, Station Wagon",Going Ahead,Driving Properly,Normal,,,,,,,,,Yes,Yes,,,,,,,,,,23,Pelmo Park-Humberlea,23,Pelmo Park-Humberlea (23),D31,617786.002224878,4841595.37894355
144,5367714,1041888,6/6/2008 4:00:00 AM,750,EGLINTON AVE W,RICHARDSON AVE,,Major Arterial,Etobicoke York,43.690945,-79.47149,At Intersection,Traffic Signal,Clear,Daylight,Dry,Non-Fatal Injury,Rear End,Motorcycle Driver,25 to 29,Major,,East,Motorcycle,Going Ahead,Lost control,Normal,,,,,,,,,Yes,Yes,,,,,,,,,,110,Keelesdale-Eglinton West,110,Keelesdale-Eglinton West (110),D12,623182.229116342,4838681.90227998
145,5367715,1041888,6/6/2008 4:00:00 AM,750,EGLINTON AVE W,RICHARDSON AVE,,Major Arterial,Etobicoke York,43.690945,-79.47149,At Intersection,Traffic Signal,Clear,Daylight,Dry,Non-Fatal Injury,Rear End,Driver,55 to 59,None,,East,"Automobile, Station Wagon",Stopped,Driving Properly,Normal,,,,,,,,,Yes,Yes,,,,,,,,,,110,Keelesdale-Eglinton West,110,Keelesdale-Eglinton West (110),D12,623182.229116342,4838681.90227998
146,5367716,1041888,6/6/2008 4:00:00 AM,750,EGLINTON AVE W,RICHARDSON AVE,,Major Arterial,Etobicoke York,43.690945,-79.47149,At Intersection,Traffic Signal,Clear,Daylight,Dry,Non-Fatal Injury,Rear End,Driver,35 to 39,None,,East,"Automobile, Station Wagon",Stopped,Driving Properly,Normal,,,,,,,,,Yes,Yes,,,,,,,,,,110,Keelesdale-Eglinton West,110,Keelesdale-Eglinton West (110),D12,623182.229116342,4838681.90227998
147,5378443,1046692,6/12/2008 4:00:00 AM,2236,ROSE VALLEY CRES,WOODGATE DR,,Local,Etobicoke York,43.676645,-79.50229,,No Control,Clear,Dark,Dry,Non-Fatal Injury,Other,Motorcycle Driver,25 to 29,Major,,East,Motorcycle,Going Ahead,Lost control,Unknown,,,,,,,,,,Yes,,,,,,,,,,111,Rockcliffe-Smythe,111,Rockcliffe-Smythe (111),D12,620728.724571548,4837048.40410756
148,5377809,1046409,6/24/2008 4:00:00 AM,1838,F G GARDINER XY  W,LAKE SHORE BLVD E,,Major Arterial,Toronto and East York,43.653346,-79.341487,,No Control,Clear,Daylight,Dry,Non-Fatal Injury,Sideswipe,Motorcycle Driver,35 to 39,Major,,West,Motorcycle,Going Ahead,Driving Properly,Normal,,,,,,,,,Yes,Yes,,,,,Yes,Yes,,,,70,South Riverdale,70,South Riverdale (70),D55,633742.737575792,4834707.35438398
149,5377810,1046409,6/24/2008 4:00:00 AM,1838,F G GARDINER XY  W,LAKE SHORE BLVD E,,Major Arterial,Toronto and East York,43.653346,-79.341487,,No Control,Clear,Daylight,Dry,Non-Fatal Injury,Sideswipe,Driver,50 to 54,None,,West,"Automobile, Station Wagon",Changing Lanes,Improper Lane Change,Normal,,,,,,,,,Yes,Yes,,,,,Yes,Yes,,,,70,South Riverdale,70,South Riverdale (70),D55,633742.737575792,4834707.35438398
150,5393287,1053246,7/19/2008 4:00:00 AM,1744,BATHURST ST,DUNDAS ST W,,Major Arterial,Toronto and East York,43.652345,-79.40599,At Intersection,Traffic Signal,Clear,Daylight,Dry,Non-Fatal Injury,Turning Movement,Motorcycle Driver,45 to 49,Major,,South,Motorcycle,Going Ahead,Driving Properly,Normal,,,,,,,,,Yes,Yes,,,,,,,,Yes,,78,Kensington-Chinatown,78,Kensington-Chinatown (78),D14,628543.286752591,4834494.23799626
151,5393288,1053246,7/19/2008 4:00:00 AM,1744,BATHURST ST,DUNDAS ST W,,Major Arterial,Toronto and East York,43.652345,-79.40599,At Intersection,Traffic Signal,Clear,Daylight,Dry,Non-Fatal Injury,Turning Movement,Driver,25 to 29,None,,North,"Automobile, Station Wagon",Turning Left,Improper Turn,"Ability Impaired, Alcohol",,,,,,,,,Yes,Yes,,,,,,,,Yes,,78,Kensington-Chinatown,78,Kensington-Chinatown (78),D14,628543.286752591,4834494.23799626
152,5394991,1054021,7/22/2008 4:00:00 AM,2119,YONGE ST,WELLINGTON ST E,,Major Arterial,Toronto and East York,43.647845,-79.37739,At Intersection,Traffic Signal,Clear,Daylight,Dry,Non-Fatal Injury,Rear End,Motorcycle Driver,35 to 39,Major,,North,Motorcycle,Going Ahead,Following too Close,Had Been Drinking,,,,,,,,,Yes,Yes,,,,,,Yes,,,,170,Yonge-Bay Corridor,76,Bay Street Corridor (76),D52,630859.429014695,4834039.15482958
153,5394992,1054021,7/22/2008 4:00:00 AM,2119,YONGE ST,WELLINGTON ST E,,Major Arterial,Toronto and East York,43.647845,-79.37739,At Intersection,Traffic Signal,Clear,Daylight,Dry,Non-Fatal Injury,Rear End,Driver,25 to 29,None,,North,"Automobile, Station Wagon",Slowing or Stopping,Driving Properly,Normal,,,,,,,,,Yes,Yes,,,,,,Yes,,,,170,Yonge-Bay Corridor,76,Bay Street Corridor (76),D52,630859.429014695,4834039.15482958
154,5386401,1050109,7/25/2008 4:00:00 AM,1133,F G GARDINER Expr E,DOWLING Aven,,Major Arterial,Toronto and East York,43.633944,-79.43719,,No Control,Clear,Daylight,Dry,Non-Fatal Injury,SMV Other,Motorcycle Driver,35 to 39,Major,,East,Motorcycle,Slowing or Stopping,Speed too Fast For Condition,Normal,,,,,,,,,,Yes,,,,,Yes,Yes,,,,85,South Parkdale,85,South Parkdale (85),D14,626065.730291248,4832402.71316434
155,5396138,1054496,7/28/2008 4:00:00 AM,1553,MORTIMER AVE,LOGAN AVE,,Minor Arterial,Toronto and East York,43.684845,-79.35189,At Intersection,Traffic Signal,Clear,Daylight,Dry,Non-Fatal Injury,Angle,Driver,30 to 34,None,,West,"Automobile, Station Wagon",Going Ahead,Driving Properly,Normal,,,,,,,,,Yes,Yes,,,,,,Yes,Yes,,,57,Broadview North,57,Broadview North (57),D55,632834.324585344,4838189.02972238
156,5396139,1054496,7/28/2008 4:00:00 AM,1553,MORTIMER AVE,LOGAN AVE,,Minor Arterial,Toronto and East York,43.684845,-79.35189,At Intersection,Traffic Signal,Clear,Daylight,Dry,Non-Fatal Injury,Angle,Motorcycle Driver,45 to 49,Major,,North,Motorcycle,Going Ahead,Disobeyed Traffic Control,Inattentive,,,,,,,,,Yes,Yes,,,,,,Yes,Yes,,,57,Broadview North,57,Broadview North (57),D55,632834.324585344,4838189.02972238
157,5400291,1056289,8/2/2008 4:00:00 AM,2007,CALEDONIA Road,JOYCE Park,,Minor Arterial,North York,43.709345,-79.46609,At Intersection,Stop Sign,Clear,Daylight,Dry,Non-Fatal Injury,Turning Movement,Vehicle Owner,unknown,,,,Other,,,,,,,,,,,,Yes,Yes,,,,,,Yes,,,,31,Yorkdale-Glen Park,31,Yorkdale-Glen Park (31),D13,623579.61018967,4840733.51189602
158,5400292,1056289,8/2/2008 4:00:00 AM,2007,CALEDONIA Road,JOYCE Park,,Minor Arterial,North York,43.709345,-79.46609,At Intersection,Stop Sign,Clear,Daylight,Dry,Non-Fatal Injury,Turning Movement,Motorcycle Driver,35 to 39,Major,,North,Motorcycle,Going Ahead,Driving Properly,Normal,,,,,,,,,Yes,Yes,,,,,,Yes,,,,31,Yorkdale-Glen Park,31,Yorkdale-Glen Park (31),D13,623579.61018967,4840733.51189602
159,5400293,1056289,8/2/2008 4:00:00 AM,2007,CALEDONIA Road,JOYCE Park,,Minor Arterial,North York,43.709345,-79.46609,At Intersection,Stop Sign,Clear,Daylight,Dry,Non-Fatal Injury,Turning Movement,Driver,35 to 39,None,,West,"Automobile, Station Wagon",Turning Left,Failed to Yield Right of Way,Normal,,,,,,,,,Yes,Yes,,,,,,Yes,,,,31,Yorkdale-Glen Park,31,Yorkdale-Glen Park (31),D13,623579.61018967,4840733.51189602
160,5407636,1059312,8/7/2008 4:00:00 AM,151,DANFORTH Aven,BASTEDO Aven,,Major Arterial,Toronto and East York,43.684345,-79.31919,,No Control,Clear,Dark,Dry,Non-Fatal Injury,Sideswipe,Vehicle Owner,unknown,,,,Other,,,,,,,,,,,,Yes,Yes,,,,,,,,Yes,,66,Danforth,66,Danforth (66),D55,635471.033340713,4838186.39509803
161,5407637,1059312,8/7/2008 4:00:00 AM,151,DANFORTH Aven,BASTEDO Aven,,Major Arterial,Toronto and East York,43.684345,-79.31919,,No Control,Clear,Dark,Dry,Non-Fatal Injury,Sideswipe,Motorcycle Driver,45 to 49,Major,,West,Motorcycle,Pulling Away from Shoulder or Curb,Lost control,"Ability Impaired, Alcohol Over .08",,,,,,,,,Yes,Yes,,,,,,,,Yes,,66,Danforth,66,Danforth (66),D55,635471.033340713,4838186.39509803
162,5407638,1059312,8/7/2008 4:00:00 AM,151,DANFORTH Aven,BASTEDO Aven,,Major Arterial,Toronto and East York,43.684345,-79.31919,,No Control,Clear,Dark,Dry,Non-Fatal Injury,Sideswipe,Vehicle Owner,unknown,,,,"Automobile, Station Wagon",,,,,,,,,,,,Yes,Yes,,,,,,,,Yes,,66,Danforth,66,Danforth (66),D55,635471.033340713,4838186.39509803
163,5407639,1059312,8/7/2008 4:00:00 AM,151,DANFORTH Aven,BASTEDO Aven,,Major Arterial,Toronto and East York,43.684345,-79.31919,,No Control,Clear,Dark,Dry,Non-Fatal Injury,Sideswipe,Driver,35 to 39,None,,East,"Automobile, Station Wagon",Going Ahead,Driving Properly,Normal,,,,,,,,,Yes,Yes,,,,,,,,Yes,,66,Danforth,66,Danforth (66),D55,635471.033340713,4838186.39509803
164,5394733,1053906,8/14/2008 4:00:00 AM,2045,ST CLAIR Aven W,FORD Stre,,Major Arterial,Toronto and East York,43.673645,-79.46249,At Intersection,No Control,Clear,Dark,Dry,Non-Fatal Injury,Sideswipe,Motorcycle Driver,25 to 29,Major,,East,Motorcycle,Going Ahead,Driving Properly,Normal,,,,,,,,,Yes,Yes,,,,,,,,,,91,Weston-Pelham Park,91,Weston-Pellam Park (91),D11,623943.162150768,4836773.91264013
165,5394734,1053906,8/14/2008 4:00:00 AM,2045,ST CLAIR Aven W,FORD Stre,,Major Arterial,Toronto and East York,43.673645,-79.46249,At Intersection,No Control,Clear,Dark,Dry,Non-Fatal Injury,Sideswipe,Driver,unknown,None,,East,"Automobile, Station Wagon",Changing Lanes,Improper Lane Change,Unknown,,,,,,,,,Yes,Yes,,,,,,,,,,91,Weston-Pelham Park,91,Weston-Pellam Park (91),D11,623943.162150768,4836773.91264013
166,5406125,1058686,8/27/2008 4:00:00 AM,723,EGLINTON Aven W,ALAMEDA Aven,,Major Arterial,North York,43.697845,-79.44029,At Intersection,Stop Sign,Clear,Daylight,Dry,Non-Fatal Injury,Turning Movement,Motorcycle Driver,50 to 54,Major,,East,Motorcycle,Going Ahead,Improper Passing,Normal,,,,,,,,,Yes,Yes,,,,,,Yes,,,,108,Briar Hill-Belgravia,108,Briar Hill-Belgravia (108),D13,625682.237200088,4839495.06220637
167,5406126,1058686,8/27/2008 4:00:00 AM,723,EGLINTON Aven W,ALAMEDA Aven,,Major Arterial,North York,43.697845,-79.44029,At Intersection,Stop Sign,Clear,Daylight,Dry,Non-Fatal Injury,Turning Movement,Driver,55 to 59,Minimal,,North,"Automobile, Station Wagon",Turning Left,Improper Turn,Normal,,,,,,,,,Yes,Yes,,,,,,Yes,,,,108,Briar Hill-Belgravia,108,Briar Hill-Belgravia (108),D13,625682.237200088,4839495.06220637
168,5406153,1058699,8/27/2008 4:00:00 AM,1354,VICTORIA PARK Aven,SLOANE Aven,,Major Arterial,North York,43.738745,-79.30849,At Intersection,Stop Sign,Clear,Daylight,Dry,Non-Fatal Injury,Pedestrian Collisions,Motorcycle Driver,45 to 49,Major,,South,Motorcycle,Going Ahead,Lost control,Normal,,,,,,,Yes,,,Yes,,,,,,,,,,43,Victoria Village,43,Victoria Village (43),D33,636210.153289164,4844245.83336539
169,5406154,1058699,8/27/2008 4:00:00 AM,1354,VICTORIA PARK Aven,SLOANE Aven,,Major Arterial,North York,43.738745,-79.30849,At Intersection,Stop Sign,Clear,Daylight,Dry,Non-Fatal Injury,Pedestrian Collisions,Pedestrian,40 to 44,None,,,Other,,,,Vehicle is going straight thru inter.while ped cross without ROW,Crossing without right of way,Unknown,,,,Yes,,,Yes,,,,,,,,,,43,Victoria Village,43,Victoria Village (43),D33,636210.153289164,4844245.83336539
170,5411691,1061106,9/25/2008 4:00:00 AM,2027,JARVIS ST,CARLTON ST,,Major Arterial,Toronto and East York,43.664645,-79.377589,,No Control,Clear,Dark,Dry,Non-Fatal Injury,Turning Movement,Motorcycle Driver,45 to 49,Major,,South,Motorcycle,Going Ahead,Driving Properly,Normal,,,,,,,,,Yes,Yes,,,,,,Yes,,,,71,Cabbagetown-South St.James Town,71,Cabbagetown-South St.James Town (71),D51,630806.896967813,4835904.70334491
171,5411692,1061106,9/25/2008 4:00:00 AM,2027,JARVIS ST,CARLTON ST,,Major Arterial,Toronto and East York,43.664645,-79.377589,,No Control,Clear,Dark,Dry,Non-Fatal Injury,Turning Movement,Vehicle Owner,unknown,,,,Other,,,,,,,,,,,,Yes,Yes,,,,,,Yes,,,,71,Cabbagetown-South St.James Town,71,Cabbagetown-South St.James Town (71),D51,630806.896967813,4835904.70334491
172,5411693,1061106,9/25/2008 4:00:00 AM,2027,JARVIS ST,CARLTON ST,,Major Arterial,Toronto and East York,43.664645,-79.377589,,No Control,Clear,Dark,Dry,Non-Fatal Injury,Turning Movement,Driver,65 to 69,None,,South,"Automobile, Station Wagon",Making U Turn,Failed to Yield Right of Way,Inattentive,,,,,,,,,Yes,Yes,,,,,,Yes,,,,71,Cabbagetown-South St.James Town,71,Cabbagetown-South St.James Town (71),D51,630806.896967813,4835904.70334491
173,5420024,1064784,9/28/2008 4:00:00 AM,1517,EASTERN AVE,CARLAW AVE,,Major Arterial,Toronto and East York,43.658345,-79.33899,At Intersection,Traffic Signal,Clear,Daylight,Dry,Non-Fatal Injury,SMV Other,Motorcycle Passenger,30 to 34,Minor,,,Other,,,,,,,,,,,,,Yes,,,,Yes,,,,,,70,South Riverdale,70,South Riverdale (70),D55,633932.984097511,4835266.58762537
174,5420025,1064784,9/28/2008 4:00:00 AM,1517,EASTERN AVE,CARLAW AVE,,Major Arterial,Toronto and East York,43.658345,-79.33899,At Intersection,Traffic Signal,Clear,Daylight,Dry,Non-Fatal Injury,SMV Other,Motorcycle Driver,35 to 39,Major,,East,Motorcycle,Slowing or Stopping,Lost control,Normal,,,,,,,,,,Yes,,,,Yes,,,,,,70,South Riverdale,70,South Riverdale (70),D55,633932.984097511,4835266.58762537
175,5415209,1062626,10/3/2008 4:00:00 AM,2327,F G GARDINER XY  E,ELLIS AVE,,,Toronto and East York,43.636344,-79.466892,,No Control,Clear,Dark,Dry,Fatal,Rear End,Motorcycle Driver,35 to 39,Fatal,44,East,Motorcycle,Merging,Exceeding Speed Limit,Had Been Drinking,,,,,,,,,Yes,Yes,,,,Yes,Yes,Yes,,,,85,South Parkdale,85,South Parkdale (85),D11,623664.841250373,4832624.58451859
176,5415210,1062626,10/3/2008 4:00:00 AM,2327,F G GARDINER XY  E,ELLIS AVE,,,Toronto and East York,43.636344,-79.466892,,No Control,Clear,Dark,Dry,Fatal,Rear End,Driver,40 to 44,None,,East,Delivery Van,Stopped,Driving Properly,Normal,,,,,,,,,Yes,Yes,,,,Yes,Yes,Yes,,,,85,South Parkdale,85,South Parkdale (85),D11,623664.841250373,4832624.58451859
177,5415211,1062626,10/3/2008 4:00:00 AM,2327,F G GARDINER XY  E,ELLIS AVE,,,Toronto and East York,43.636344,-79.466892,,No Control,Clear,Dark,Dry,Fatal,Rear End,Vehicle Owner,unknown,,,,,,,,,,,,,,,,Yes,Yes,,,,Yes,Yes,Yes,,,,85,South Parkdale,85,South Parkdale (85),D11,623664.841250373,4832624.58451859
178,5415212,1062626,10/3/2008 4:00:00 AM,2327,F G GARDINER XY  E,ELLIS AVE,,,Toronto and East York,43.636344,-79.466892,,No Control,Clear,Dark,Dry,Fatal,Rear End,Passenger,30 to 34,None,,,,,,,,,,,,,,,Yes,Yes,,,,Yes,Yes,Yes,,,,85,South Parkdale,85,South Parkdale (85),D11,623664.841250373,4832624.58451859
179,5415213,1062626,10/3/2008 4:00:00 AM,2327,F G GARDINER XY  E,ELLIS AVE,,,Toronto and East York,43.636344,-79.466892,,No Control,Clear,Dark,Dry,Fatal,Rear End,Driver,30 to 34,None,,East,"Automobile, Station Wagon",Going Ahead,Driving Properly,Normal,,,,,,,,,Yes,Yes,,,,Yes,Yes,Yes,,,,85,South Parkdale,85,South Parkdale (85),D11,623664.841250373,4832624.58451859
180,5415214,1062626,10/3/2008 4:00:00 AM,2327,F G GARDINER XY  E,ELLIS AVE,,,Toronto and East York,43.636344,-79.466892,,No Control,Clear,Dark,Dry,Fatal,Rear End,Passenger,30 to 34,None,,,,,,,,,,,,,,,Yes,Yes,,,,Yes,Yes,Yes,,,,85,South Parkdale,85,South Parkdale (85),D11,623664.841250373,4832624.58451859
181,5433271,1070741,10/7/2008 4:00:00 AM,700,71 MAYBROOK Dr,,,Collector,Scarborough,43.824845,-79.26099,,No Control,Clear,Daylight,Dry,Non-Fatal Injury,Turning Movement,Driver,30 to 34,None,,North,"Automobile, Station Wagon",Turning Left,Improper Turn,Inattentive,,,,,,,,,Yes,Yes,,,,,,,,,,130,Milliken,130,Milliken (130),D42,639834.286493821,4853887.78886021