OBJECTID,INDEX,ACCNUM,DATE,TIME,STREET1,STREET2,OFFSET,ROAD_CLASS,DISTRICT,LATITUDE,LONGITUDE,ACCLOC,TRAFFCTL,VISIBILITY,LIGHT,RDSFCOND,ACCLASS,IMPACTYPE,INVTYPE,INVAGE,INJURY,FATAL_NO,INITDIR,VEHTYPE,MANOEUVER,DRIVACT,DRIVCOND,PEDTYPE,PEDACT,PEDCOND,CYCLISTYPE,CYCACT,CYCCOND,PEDESTRIAN,CYCLIST,AUTOMOBILE,MOTORCYCLE,TRUCK,TRSN_CITY_VEH,EMERG_VEH,PASSENGER,SPEEDING,AG_DRIV,REDLIGHT,ALCOHOL,DISABILITY,HOOD_158,NEIGHBOURHOOD_158,HOOD_140,NEIGHBOURHOOD_140,DIVISION,x,y
182,5433272,1070741,10/7/2008 4:00:00 AM,700,71 MAYBROOK Dr,,,Collector,Scarborough,43.824845,-79.26099,,No Control,Clear,Daylight,Dry,Non-Fatal Injury,Turning Movement,Motorcycle Driver,25 to 29,Major,,South,Motorcycle,Going Ahead,Driving Properly,Normal,,,,,,,,,Yes,Yes,,,,,,,,,,130,Milliken,130,Milliken (130),D42,639834.286493821,4853887.78886021
183,5416299,1063149,10/7/2008 4:00:00 AM,2230,MARKHAM RD,TUXEDO CRT,,Major Arterial,Scarborough,43.780944,-79.233592,,No Control,Clear,Dark,Dry,Non-Fatal Injury,Turning Movement,Motorcycle Driver,35 to 39,Major,,South,Motorcycle,Going Ahead,Driving Properly,Normal,,,,,,,,,Yes,Yes,,,,,,Yes,,,,142,Woburn North,137,Woburn (137),D43,642141.47553285,4849058.55282556
184,5416300,1063149,10/7/2008 4:00:00 AM,2230,MARKHAM RD,TUXEDO CRT,,Major Arterial,Scarborough,43.780944,-79.233592,,No Control,Clear,Dark,Dry,Non-Fatal Injury,Turning Movement,Driver,25 to 29,None,,East,Pick Up Truck,Turning Left,Failed to Yield Right of Way,Normal,,,,,,,,,Yes,Yes,,,,,,Yes,,,,142,Woburn North,137,Woburn (137),D43,642141.47553285,4849058.55282556
185,5420894,1065135,10/18/2008 4:00:00 AM,1315,BAYVIEW BLOOR S RAMP N,BLOOR RAMP,,,Toronto and East York,43.678245,-79.36889,,No Control,Clear,Daylight,Dry,Fatal,Approaching,Passenger,50 to 54,None,,,Other,,,,,,,,,,,,Yes,Yes,,,,Yes,,,,,,98,Rosedale-Moore Park,98,Rosedale-Moore Park (98),D53,631478.560734972,4837428.91992412
186,5420895,1065135,10/18/2008 4:00:00 AM,1315,BAYVIEW BLOOR S RAMP N,BLOOR RAMP,,,Toronto and East York,43.678245,-79.36889,,No Control,Clear,Daylight,Dry,Fatal,Approaching,Passenger,50 to 54,None,,,Other,,,,,,,,,,,,Yes,Yes,,,,Yes,,,,,,98,Rosedale-Moore Park,98,Rosedale-Moore Park (98),D53,631478.560734972,4837428.91992412
187,5420896,1065135,10/18/2008 4:00:00 AM,1315,BAYVIEW BLOOR S RAMP N,BLOOR RAMP,,,Toronto and East York,43.678245,-79.36889,,No Control,Clear,Daylight,Dry,Fatal,Approaching,Driver,25 to 29,None,,West,"Automobile, Station Wagon",Going Ahead,Driving Properly,Normal,,,,,,,,,Yes,Yes,,,,Yes,,,,,,98,Rosedale-Moore Park,98,Rosedale-Moore Park (98),D53,631478.560734972,4837428.91992412
188,5420897,1065135,10/18/2008 4:00:00 AM,1315,BAYVIEW BLOOR S RAMP N,BLOOR RAMP,,,Toronto and East York,43.678245,-79.36889,,No Control,Clear,Daylight,Dry,Fatal,Approaching,Motorcycle Driver,30 to 34,Fatal,45,East,Motorcycle,Going Ahead,Lost control,Unknown,,,,,,,,,Yes,Yes,,,,Yes,,,,,,98,Rosedale-Moore Park,98,Rosedale-Moore Park (98),D53,631478.560734972,4837428.91992412
189,5420898,1065135,10/18/2008 4:00:00 AM,1315,BAYVIEW BLOOR S RAMP N,BLOOR RAMP,,,Toronto and East York,43.678245,-79.36889,,No Control,Clear,Daylight,Dry,Fatal,Approaching,Driver,20 to 24,None,,West,"Automobile, Station Wagon",Going Ahead,Driving Properly,Normal,,,,,,,,,Yes,Yes,,,,Yes,,,,,,98,Rosedale-Moore Park,98,Rosedale-Moore Park (98),D53,631478.560734972,4837428.91992412
190,5450611,1078711,12/1/2008 5:00:00 AM,1330,BATHURST Stre,ULSTER Stre,,Major Arterial,Toronto and East York,43.659745,-79.40909,At Intersection,Traffic Signal,Freezing Rain,Daylight,Wet,Non-Fatal Injury,Sideswipe,Motorcycle Driver,35 to 39,Major,,North,Motorcycle,Changing Lanes,Improper Lane Change,Inattentive,,,,,,,,,Yes,Yes,,,,,,,,,,80,Palmerston-Little Italy,80,Palmerston-Little Italy (80),D14,628277.538045524,4835311.30784718
191,5450612,1078711,12/1/2008 5:00:00 AM,1330,BATHURST Stre,ULSTER Stre,,Major Arterial,Toronto and East York,43.659745,-79.40909,At Intersection,Traffic Signal,Freezing Rain,Daylight,Wet,Non-Fatal Injury,Sideswipe,Driver,20 to 24,None,,North,"Automobile, Station Wagon",Going Ahead,Driving Properly,Normal,,,,,,,,,Yes,Yes,,,,,,,,,,80,Palmerston-Little Italy,80,Palmerston-Little Italy (80),D14,628277.538045524,4835311.30784718
192,5229560,1100116,3/27/2009 4:00:00 AM,1900,185 FIFTH ST,,,Local,Etobicoke York,43.603245,-79.50389,,No Control,Clear,Daylight,Dry,Non-Fatal Injury,SMV Other,Vehicle Owner,unknown,,,,Other,,,,,,,,,,,,,Yes,,,,,,,,,,18,New Toronto,18,New Toronto (18),D22,620746.686149031,4828894.08077288
193,5229561,1100116,3/27/2009 4:00:00 AM,1900,185 FIFTH ST,,,Local,Etobicoke York,43.603245,-79.50389,,No Control,Clear,Daylight,Dry,Non-Fatal Injury,SMV Other,Motorcycle Driver,40 to 44,Major,,West,Motorcycle,Turning Right,Lost control,Normal,,,,,,,,,,Yes,,,,,,,,,,18,New Toronto,18,New Toronto (18),D22,620746.686149031,4828894.08077288
194,5260764,1114016,4/17/2009 4:00:00 AM,1859,MCCULLOCH AVE,1 AUTUMN AVE,,Local,Etobicoke York,43.701445,-79.57249,,No Control,Clear,Daylight,Dry,Non-Fatal Injury,Sideswipe,Passenger,20 to 24,Major,,,Other,,,,,,,,,,,,,Yes,Yes,,,Yes,,Yes,,,,1,West Humber-Clairville,1,West Humber-Clairville (1),D23,615022.526296932,4839702.99533735
195,5260765,1114016,4/17/2009 4:00:00 AM,1859,MCCULLOCH AVE,1 AUTUMN AVE,,Local,Etobicoke York,43.701445,-79.57249,,No Control,Clear,Daylight,Dry,Non-Fatal Injury,Sideswipe,Motorcycle Driver,35 to 39,Minor,,South,Motorcycle,Overtaking,Improper Passing,Normal,,,,,,,,,,Yes,Yes,,,Yes,,Yes,,,,1,West Humber-Clairville,1,West Humber-Clairville (1),D23,615022.526296932,4839702.99533735
196,5260766,1114016,4/17/2009 4:00:00 AM,1859,MCCULLOCH AVE,1 AUTUMN AVE,,Local,Etobicoke York,43.701445,-79.57249,,No Control,Clear,Daylight,Dry,Non-Fatal Injury,Sideswipe,Vehicle Owner,unknown,,,,Other,,,,,,,,,,,,,Yes,Yes,,,Yes,,Yes,,,,1,West Humber-Clairville,1,West Humber-Clairville (1),D23,615022.526296932,4839702.99533735
197,5260767,1114016,4/17/2009 4:00:00 AM,1859,MCCULLOCH AVE,1 AUTUMN AVE,,Local,Etobicoke York,43.701445,-79.57249,,No Control,Clear,Daylight,Dry,Non-Fatal Injury,Sideswipe,Truck Driver,40 to 44,None,,South,Truck - Open,Turning Left,Driving Properly,Normal,,,,,,,,,,Yes,Yes,,,Yes,,Yes,,,,1,West Humber-Clairville,1,West Humber-Clairville (1),D23,615022.526296932,4839702.99533735
198,5260768,1114016,4/17/2009 4:00:00 AM,1859,MCCULLOCH AVE,1 AUTUMN AVE,,Local,Etobicoke York,43.701445,-79.57249,,No Control,Clear,Daylight,Dry,Non-Fatal Injury,Sideswipe,Vehicle Owner,unknown,,,,Other,,,,,,,,,,,,,Yes,Yes,,,Yes,,Yes,,,,1,West Humber-Clairville,1,West Humber-Clairville (1),D23,615022.526296932,4839702.99533735
199,5242451,1105956,4/29/2009 4:00:00 AM,2039,THE QUEENSWAY Stre,NORTH QUEEN ST,,Major Arterial,Etobicoke York,43.614345,-79.55519,,No Control,Clear,Dark,Dry,Non-Fatal Injury,Turning Movement,Driver,20 to 24,None,,South,"Automobile, Station Wagon",Turning Right,Improper Turn,Inattentive,,,,,,,,,Yes,Yes,,,,,Yes,Yes,,,,159,Etobicoke City Centre,14,Islington-City Centre West (14),D22,616584.931651518,4830053.56975926
200,5242452,1105956,4/29/2009 4:00:00 AM,2039,THE QUEENSWAY Stre,NORTH QUEEN ST,,Major Arterial,Etobicoke York,43.614345,-79.55519,,No Control,Clear,Dark,Dry,Non-Fatal Injury,Turning Movement,Motorcycle Driver,25 to 29,Major,,West,Motorcycle,Going Ahead,Exceeding Speed Limit,Inattentive,,,,,,,,,Yes,Yes,,,,,Yes,Yes,,,,159,Etobicoke City Centre,14,Islington-City Centre West (14),D22,616584.931651518,4830053.56975926
201,5255700,1111784,5/25/2009 4:00:00 AM,1720,FINCH Aven W,ALNESS Stre,,Major Arterial,North York,43.768145,-79.46959,,No Control,Clear,Daylight,Dry,Non-Fatal Injury,Turning Movement,Motorcycle Driver,35 to 39,Major,,East,Motorcycle,Going Ahead,Improper Passing,Inattentive,,,,,,,,,Yes,Yes,,,,,,Yes,,,,27,York University Heights,27,York University Heights (27),D32,623177.000765108,4847258.89213643
202,5255701,1111784,5/25/2009 4:00:00 AM,1720,FINCH Aven W,ALNESS Stre,,Major Arterial,North York,43.768145,-79.46959,,No Control,Clear,Daylight,Dry,Non-Fatal Injury,Turning Movement,Driver,25 to 29,None,,North,"Automobile, Station Wagon",Turning Left,Driving Properly,Normal,,,,,,,,,Yes,Yes,,,,,,Yes,,,,27,York University Heights,27,York University Heights (27),D32,623177.000765108,4847258.89213643
203,5259439,1113420,6/4/2009 4:00:00 AM,1258,FINCH Aven W,CLARKHILL Stre,,Major Arterial,North York,43.775445,-79.43499,At Intersection,Stop Sign,Clear,Daylight,Dry,Non-Fatal Injury,Turning Movement,Motorcycle Driver,45 to 49,Major,,West,Motorcycle,Going Ahead,Driving Properly,Normal,,,,,,,,,Yes,Yes,,,,,,,,,,37,Willowdale West,37,Willowdale West (37),D32,625946.525462223,4848121.71756967
204,5259440,1113420,6/4/2009 4:00:00 AM,1258,FINCH Aven W,CLARKHILL Stre,,Major Arterial,North York,43.775445,-79.43499,At Intersection,Stop Sign,Clear,Daylight,Dry,Non-Fatal Injury,Turning Movement,Vehicle Owner,unknown,,,,Other,,,,,,,,,,,,Yes,Yes,,,,,,,,,,37,Willowdale West,37,Willowdale West (37),D32,625946.525462223,4848121.71756967
205,5259441,1113420,6/4/2009 4:00:00 AM,1258,FINCH Aven W,CLARKHILL Stre,,Major Arterial,North York,43.775445,-79.43499,At Intersection,Stop Sign,Clear,Daylight,Dry,Non-Fatal Injury,Turning Movement,Driver,65 to 69,None,,East,"Automobile, Station Wagon",Making U Turn,Improper Turn,Normal,,,,,,,,,Yes,Yes,,,,,,,,,,37,Willowdale West,37,Willowdale West (37),D32,625946.525462223,4848121.71756967
206,5259536,1113455,6/5/2009 4:00:00 AM,1206,THE QUEENSWAY,CHARTWELL Road,,Major Arterial,Etobicoke York,43.624545,-79.51049,At Intersection,No Control,Clear,Daylight,Dry,Non-Fatal Injury,Turning Movement,Driver,80 to 84,None,,East,"Automobile, Station Wagon",Turning Left,Improper Turn,Normal,,,,,,,,,Yes,Yes,,,,,,,,,,16,Stonegate-Queensway,16,Stonegate-Queensway (16),D22,620171.583520752,4831250.13039414
207,5259537,1113455,6/5/2009 4:00:00 AM,1206,THE QUEENSWAY,CHARTWELL Road,,Major Arterial,Etobicoke York,43.624545,-79.51049,At Intersection,No Control,Clear,Daylight,Dry,Non-Fatal Injury,Turning Movement,Motorcycle Driver,20 to 24,Major,,West,Motorcycle,Going Ahead,Driving Properly,Normal,,,,,,,,,Yes,Yes,,,,,,,,,,16,Stonegate-Queensway,16,Stonegate-Queensway (16),D22,620171.583520752,4831250.13039414
208,5247781,1108193,6/5/2009 4:00:00 AM,1547,FINCH AVE W,HALESIA DR,,Major Arterial,Etobicoke York,43.733745,-79.60669,At Intersection,Traffic Signal,Clear,Daylight,Dry,Fatal,Turning Movement,Motorcycle Driver,35 to 39,Fatal,15,East,Motorcycle,Slowing or Stopping,Lost control,Unknown,,,,,,,,,Yes,Yes,,,,,,Yes,,,,1,West Humber-Clairville,1,West Humber-Clairville (1),D23,612206.519301,4843243.47894619
209,5247782,1108193,6/5/2009 4:00:00 AM,1547,FINCH AVE W,HALESIA DR,,Major Arterial,Etobicoke York,43.733745,-79.60669,At Intersection,Traffic Signal,Clear,Daylight,Dry,Fatal,Turning Movement,Driver,35 to 39,None,,West,"Automobile, Station Wagon",Turning Left,Failed to Yield Right of Way,Inattentive,,,,,,,,,Yes,Yes,,,,,,Yes,,,,1,West Humber-Clairville,1,West Humber-Clairville (1),D23,612206.519301,4843243.47894619
210,5260677,1113980,6/7/2009 4:00:00 AM,1631,ISLINGTON Ave,ABERLADY Rd,,Major Arterial,Etobicoke York,43.630045,-79.51739,,No Control,Clear,Daylight,Dry,Non-Fatal Injury,SMV Other,Motorcycle Driver,35 to 39,Major,,North,Motorcycle,Going Ahead,Lost control,Normal,,,,,,,,,,Yes,,,,,,,,,,16,Stonegate-Queensway,16,Stonegate-Queensway (16),D22,619603.988079564,4831851.00946823
211,5262301,1114683,6/12/2009 4:00:00 AM,1725,AMSTERDAM AVE,O CONNOR DR,,Major Arterial,Toronto and East York,43.714245,-79.30599,,No Control,Clear,Daylight,Dry,Non-Fatal Injury,Approaching,Motorcycle Driver,35 to 39,Major,,South,Motorcycle,Going Ahead,Improper Turn,Normal,,,,,,,,,Yes,Yes,,,,,,,,,,54,O'Connor-Parkview,54,O'Connor-Parkview (54),D55,636467.095754296,4841528.86208307
212,5262302,1114683,6/12/2009 4:00:00 AM,1725,AMSTERDAM AVE,O CONNOR DR,,Major Arterial,Toronto and East York,43.714245,-79.30599,,No Control,Clear,Daylight,Dry,Non-Fatal Injury,Approaching,Driver,45 to 49,None,,North,"Automobile, Station Wagon",Going Ahead,Driving Properly,Normal,,,,,,,,,Yes,Yes,,,,,,,,,,54,O'Connor-Parkview,54,O'Connor-Parkview (54),D55,636467.095754296,4841528.86208307
213,5262963,1114984,6/13/2009 4:00:00 AM,1818,DUPONT ST,SHAW ST,,Major Arterial,Toronto and East York,43.670545,-79.42659,,No Control,Clear,Daylight,Dry,Non-Fatal Injury,Turning Movement,Motorcycle Driver,35 to 39,Major,,East,Motorcycle,Slowing or Stopping,Driving Properly,Normal,,,,,,,,,Yes,Yes,,,,,,,,,,172,Dovercourt Village,93,Dovercourt-Wallace Emerson-Junction (93),D14,626843.723635885,4836483.88379649
214,5262964,1114984,6/13/2009 4:00:00 AM,1818,DUPONT ST,SHAW ST,,Major Arterial,Toronto and East York,43.670545,-79.42659,,No Control,Clear,Daylight,Dry,Non-Fatal Injury,Turning Movement,Vehicle Owner,unknown,,,,Other,,,,,,,,,,,,Yes,Yes,,,,,,,,,,172,Dovercourt Village,93,Dovercourt-Wallace Emerson-Junction (93),D14,626843.723635885,4836483.88379649
215,5262965,1114984,6/13/2009 4:00:00 AM,1818,DUPONT ST,SHAW ST,,Major Arterial,Toronto and East York,43.670545,-79.42659,,No Control,Clear,Daylight,Dry,Non-Fatal Injury,Turning Movement,Driver,15 to 19,None,,East,"Automobile, Station Wagon",Making U Turn,Improper Turn,Inattentive,,,,,,,,,Yes,Yes,,,,,,,,,,172,Dovercourt Village,93,Dovercourt-Wallace Emerson-Junction (93),D14,626843.723635885,4836483.88379649
216,5245961,1107460,6/22/2009 4:00:00 AM,0,F G GARDINER XY  E,KIPLING AVE,,,Etobicoke York,43.618045,-79.52479,,No Control,Clear,Daylight,Dry,Non-Fatal Injury,Sideswipe,Motorcycle Driver,25 to 29,Major,,East,Motorcycle,Going Ahead,Driving Properly,Normal,,,,,,,,,Yes,Yes,,,,,Yes,Yes,,,,160,Mimico-Queensway,17,Mimico (includes Humber Bay Shores) (17),D22,619030.695545214,4830507.62767773
217,5245962,1107460,6/22/2009 4:00:00 AM,0,F G GARDINER XY  E,KIPLING AVE,,,Etobicoke York,43.618045,-79.52479,,No Control,Clear,Daylight,Dry,Non-Fatal Injury,Sideswipe,Driver,40 to 44,None,,East,"Automobile, Station Wagon",Changing Lanes,Improper Lane Change,Normal,,,,,,,,,Yes,Yes,,,,,Yes,Yes,,,,160,Mimico-Queensway,17,Mimico (includes Humber Bay Shores) (17),D22,619030.695545214,4830507.62767773
218,5266649,1116589,6/22/2009 4:00:00 AM,2218,DANFORTH AVE,GREENWOOD AVE,,Major Arterial,Toronto and East York,43.681445,-79.33239,At Intersection,Traffic Signal,Clear,Dark,Dry,Non-Fatal Injury,Turning Movement,Passenger,25 to 29,Major,,,Other,,,,,,,,,,,,Yes,Yes,,,,Yes,,,,,,69,Blake-Jones,69,Blake-Jones (69),D55,634413.595480642,4837842.83180625
219,5266650,1116589,6/22/2009 4:00:00 AM,2218,DANFORTH AVE,GREENWOOD AVE,,Major Arterial,Toronto and East York,43.681445,-79.33239,At Intersection,Traffic Signal,Clear,Dark,Dry,Non-Fatal Injury,Turning Movement,Motorcycle Driver,30 to 34,Minimal,,East,Motorcycle,Going Ahead,Driving Properly,Normal,,,,,,,,,Yes,Yes,,,,Yes,,,,,,69,Blake-Jones,69,Blake-Jones (69),D55,634413.595480642,4837842.83180625
220,5266651,1116589,6/22/2009 4:00:00 AM,2218,DANFORTH AVE,GREENWOOD AVE,,Major Arterial,Toronto and East York,43.681445,-79.33239,At Intersection,Traffic Signal,Clear,Dark,Dry,Non-Fatal Injury,Turning Movement,Vehicle Owner,unknown,,,,Other,,,,,,,,,,,,Yes,Yes,,,,Yes,,,,,,69,Blake-Jones,69,Blake-Jones (69),D55,634413.595480642,4837842.83180625
221,5266652,1116589,6/22/2009 4:00:00 AM,2218,DANFORTH AVE,GREENWOOD AVE,,Major Arterial,Toronto and East York,43.681445,-79.33239,At Intersection,Traffic Signal,Clear,Dark,Dry,Non-Fatal Injury,Turning Movement,Driver,40 to 44,None,,West,"Automobile, Station Wagon",Turning Left,Improper Turn,Inattentive,,,,,,,,,Yes,Yes,,,,Yes,,,,,,69,Blake-Jones,69,Blake-Jones (69),D55,634413.595480642,4837842.83180625
222,5253844,1110977,6/24/2009 4:00:00 AM,2144,WILLIAM R ALLEN RD S,RIDELLE AVE,,,North York,43.705745,-79.43909,,No Control,Clear,Dark,Dry,Non-Fatal Injury,Rear End,Motorcycle Driver,35 to 39,Major,,South,Motorcycle,Slowing or Stopping,Driving Properly,Normal,,,,,,,,,Yes,Yes,,,,,,Yes,,,,31,Yorkdale-Glen Park,31,Yorkdale-Glen Park (31),D13,625762.415814724,4840374.28666398
223,5253845,1110977,6/24/2009 4:00:00 AM,2144,WILLIAM R ALLEN RD S,RIDELLE AVE,,,North York,43.705745,-79.43909,,No Control,Clear,Dark,Dry,Non-Fatal Injury,Rear End,Driver,25 to 29,None,,South,"Automobile, Station Wagon",Going Ahead,Following too Close,Normal,,,,,,,,,Yes,Yes,,,,,,Yes,,,,31,Yorkdale-Glen Park,31,Yorkdale-Glen Park (31),D13,625762.415814724,4840374.28666398
224,5253846,1110977,6/24/2009 4:00:00 AM,2144,WILLIAM R ALLEN RD S,RIDELLE AVE,,,North York,43.705745,-79.43909,,No Control,Clear,Dark,Dry,Non-Fatal Injury,Rear End,Driver,25 to 29,None,,South,"Automobile, Station Wagon",Slowing or Stopping,Driving Properly,Normal,,,,,,,,,Yes,Yes,,,,,,Yes,,,,31,Yorkdale-Glen Park,31,Yorkdale-Glen Park (31),D13,625762.415814724,4840374.28666398
225,5270558,1118326,6/29/2009 4:00:00 AM,1542,QUEEN ST W,CAMERON ST,,Major Arterial,Toronto and East York,43.648545,-79.39739,,No Control,Clear,Daylight,Wet,Non-Fatal Injury,Angle,Motorcycle Driver,50 to 54,Major,,West,Motorcycle,Going Ahead,Driving Properly,Normal,,,,,,,,,Yes,Yes,,,,,,,,,,164,Wellington Place,78,Kensington-Chinatown (78),D14,629244.960882751,4834085.55621197
226,5270559,1118326,6/29/2009 4:00:00 AM,1542,QUEEN ST W,CAMERON ST,,Major Arterial,Toronto and East York,43.648545,-79.39739,,No Control,Clear,Daylight,Wet,Non-Fatal Injury,Angle,Vehicle Owner,unknown,,,,Other,,,,,,,,,,,,Yes,Yes,,,,,,,,,,164,Wellington Place,78,Kensington-Chinatown (78),D14,629244.960882751,4834085.55621197
227,5270560,1118326,6/29/2009 4:00:00 AM,1542,QUEEN ST W,CAMERON ST,,Major Arterial,Toronto and East York,43.648545,-79.39739,,No Control,Clear,Daylight,Wet,Non-Fatal Injury,Angle,Driver,50 to 54,None,,East,"Automobile, Station Wagon",Reversing,Other,Normal,,,,,,,,,Yes,Yes,,,,,,,,,,164,Wellington Place,78,Kensington-Chinatown (78),D14,629244.960882751,4834085.55621197
228,5274369,1120071,7/6/2009 4:00:00 AM,2030,FINCH AVE W,WILMINGTON AVE,,Major Arterial,North York,43.770245,-79.46069,At Intersection,Traffic Signal,Clear,Daylight,Dry,Non-Fatal Injury,Turning Movement,Driver,75 to 79,None,,West,"Automobile, Station Wagon",Turning Left,Improper Turn,Normal,,,,,,,,,Yes,Yes,,,,,Yes,Yes,Yes,,,34,Bathurst Manor,34,Bathurst Manor (34),D32,623888.998844276,4847505.40605619
229,5274370,1120071,7/6/2009 4:00:00 AM,2030,FINCH AVE W,WILMINGTON AVE,,Major Arterial,North York,43.770245,-79.46069,At Intersection,Traffic Signal,Clear,Daylight,Dry,Non-Fatal Injury,Turning Movement,Motorcycle Driver,20 to 24,Major,,East,Motorcycle,Going Ahead,Disobeyed Traffic Control,Normal,,,,,,,,,Yes,Yes,,,,,Yes,Yes,Yes,,,34,Bathurst Manor,34,Bathurst Manor (34),D32,623888.998844276,4847505.40605619
230,5792549,1114459,7/16/2009 4:00:00 AM,8,SHEPPARD AVE E,MCCOWAN RD,,Major Arterial,Scarborough,43.791045,-79.25189,,No Control,Clear,Dark,Dry,Non-Fatal Injury,Turning Movement,Vehicle Owner,unknown,,,,Other,,,,,,,,,,,,Yes,Yes,,,,,Yes,Yes,,,,128,Agincourt South-Malvern West,128,Agincourt South-Malvern West (128),D42,640645.340088117,4850149.17322908
231,5792550,1114459,7/16/2009 4:00:00 AM,8,SHEPPARD AVE E,MCCOWAN RD,,Major Arterial,Scarborough,43.791045,-79.25189,,No Control,Clear,Dark,Dry,Non-Fatal Injury,Turning Movement,Driver,35 to 39,None,,East,"Automobile, Station Wagon",Turning Left,Improper Turn,Had Been Drinking,,,,,,,,,Yes,Yes,,,,,Yes,Yes,,,,128,Agincourt South-Malvern West,128,Agincourt South-Malvern West (128),D42,640645.340088117,4850149.17322908
232,5792551,1114459,7/16/2009 4:00:00 AM,8,SHEPPARD AVE E,MCCOWAN RD,,Major Arterial,Scarborough,43.791045,-79.25189,,No Control,Clear,Dark,Dry,Non-Fatal Injury,Turning Movement,Motorcycle Driver,35 to 39,Major,,West,Motorcycle,Going Ahead,Exceeding Speed Limit,Normal,,,,,,,,,Yes,Yes,,,,,Yes,Yes,,,,128,Agincourt South-Malvern West,128,Agincourt South-Malvern West (128),D42,640645.340088117,4850149.17322908
233,5278145,1121596,7/18/2009 4:00:00 AM,1653,QUEEN ST E,SCARBORO BEACH BLVD,,Minor Arterial,Toronto and East York,43.671345,-79.29349,At Intersection,Stop Sign,Clear,Daylight,Dry,Non-Fatal Injury,Turning Movement,Vehicle Owner,unknown,,,,Other,,,,,,,,,,,,Yes,Yes,,,,,,Yes,,,,63,The Beaches,63,The Beaches (63),D55,637572.150173449,4836784.86861231
234,5278146,1121596,7/18/2009 4:00:00 AM,1653,QUEEN ST E,SCARBORO BEACH BLVD,,Minor Arterial,Toronto and East York,43.671345,-79.29349,At Intersection,Stop Sign,Clear,Daylight,Dry,Non-Fatal Injury,Turning Movement,Driver,65 to 69,None,,North,"Automobile, Station Wagon",Turning Left,Failed to Yield Right of Way,Inattentive,,,,,,,,,Yes,Yes,,,,,,Yes,,,,63,The Beaches,63,The Beaches (63),D55,637572.150173449,4836784.86861231
235,5278147,1121596,7/18/2009 4:00:00 AM,1653,QUEEN ST E,SCARBORO BEACH BLVD,,Minor Arterial,Toronto and East York,43.671345,-79.29349,At Intersection,Stop Sign,Clear,Daylight,Dry,Non-Fatal Injury,Turning Movement,Other,unknown,None,,West,Other,Parked,,,,,,,,,,,Yes,Yes,,,,,,Yes,,,,63,The Beaches,63,The Beaches (63),D55,637572.150173449,4836784.86861231
236,5278148,1121596,7/18/2009 4:00:00 AM,1653,QUEEN ST E,SCARBORO BEACH BLVD,,Minor Arterial,Toronto and East York,43.671345,-79.29349,At Intersection,Stop Sign,Clear,Daylight,Dry,Non-Fatal Injury,Turning Movement,Motorcycle Driver,55 to 59,Major,,West,Motorcycle,Going Ahead,Driving Properly,Normal,,,,,,,,,Yes,Yes,,,,,,Yes,,,,63,The Beaches,63,The Beaches (63),D55,637572.150173449,4836784.86861231
237,5286186,1124992,8/17/2009 4:00:00 AM,1826,SOUTH KINGSWAY,RIPLEY AVE,,Minor Arterial,Toronto and East York,43.636745,-79.47529,At Intersection,Stop Sign,Clear,Daylight,Dry,Non-Fatal Injury,Turning Movement,Motorcycle Driver,50 to 54,Major,,North,Motorcycle,Going Ahead,Driving Properly,Normal,,,,,,,,,Yes,Yes,,,,,,Yes,,,,87,High Park-Swansea,87,High Park-Swansea (87),D11,622986.610456035,4832656.64351732
238,5286187,1124992,8/17/2009 4:00:00 AM,1826,SOUTH KINGSWAY,RIPLEY AVE,,Minor Arterial,Toronto and East York,43.636745,-79.47529,At Intersection,Stop Sign,Clear,Daylight,Dry,Non-Fatal Injury,Turning Movement,Driver,55 to 59,None,,West,"Automobile, Station Wagon",Turning Left,Failed to Yield Right of Way,Normal,,,,,,,,,Yes,Yes,,,,,,Yes,,,,87,High Park-Swansea,87,High Park-Swansea (87),D11,622986.610456035,4832656.64351732
239,5289824,1126613,8/25/2009 4:00:00 AM,1806,LAWRENCE AVE E,WEST HILL DR,,Minor Arterial,Scarborough,43.769845,-79.17989,,No Control,Clear,Daylight,Dry,Non-Fatal Injury,Rear End,Motorcycle Driver,40 to 44,Major,,East,Motorcycle,Going Ahead,Following too Close,Normal,,,,,,,,,Yes,Yes,,,,,,Yes,,,,136,West Hill,136,West Hill (136),D43,646489.988689209,4847919.44505984
240,5289825,1126613,8/25/2009 4:00:00 AM,1806,LAWRENCE AVE E,WEST HILL DR,,Minor Arterial,Scarborough,43.769845,-79.17989,,No Control,Clear,Daylight,Dry,Non-Fatal Injury,Rear End,Driver,30 to 34,None,,East,"Automobile, Station Wagon",Going Ahead,Driving Properly,Normal,,,,,,,,,Yes,Yes,,,,,,Yes,,,,136,West Hill,136,West Hill (136),D43,646489.988689209,4847919.44505984
241,5292406,1127732,8/29/2009 4:00:00 AM,1800,SHEPPARD AVE E,MEADOWVALE RD,,Major Arterial,Scarborough,43.808345,-79.17079,At Intersection,Traffic Signal,Clear,Daylight,Dry,Non-Fatal Injury,Turning Movement,Motorcycle Driver,60 to 64,Major,,East,Motorcycle,Turning Left,Disobeyed Traffic Control,Normal,,,,,,,,,Yes,Yes,,,,,,Yes,Yes,,,143,West Rouge,131,Rouge (131),D42,647127.901898769,4852211.63223331
242,5292407,1127732,8/29/2009 4:00:00 AM,1800,SHEPPARD AVE E,MEADOWVALE RD,,Major Arterial,Scarborough,43.808345,-79.17079,At Intersection,Traffic Signal,Clear,Daylight,Dry,Non-Fatal Injury,Turning Movement,Vehicle Owner,unknown,,,,Other,,,,,,,,,,,,Yes,Yes,,,,,,Yes,Yes,,,143,West Rouge,131,Rouge (131),D42,647127.901898769,4852211.63223331