OBJECTID,INDEX,ACCNUM,DATE,TIME,STREET1,STREET2,OFFSET,ROAD_CLASS,DISTRICT,LATITUDE,LONGITUDE,ACCLOC,TRAFFCTL,VISIBILITY,LIGHT,RDSFCOND,ACCLASS,IMPACTYPE,INVTYPE,INVAGE,INJURY,FATAL_NO,INITDIR,VEHTYPE,MANOEUVER,DRIVACT,DRIVCOND,PEDTYPE,PEDACT,PEDCOND,CYCLISTYPE,CYCACT,CYCCOND,PEDESTRIAN,CYCLIST,AUTOMOBILE,MOTORCYCLE,TRUCK,TRSN_CITY_VEH,EMERG_VEH,PASSENGER,SPEEDING,AG_DRIV,REDLIGHT,ALCOHOL,DISABILITY,HOOD_158,NEIGHBOURHOOD_158,HOOD_140,NEIGHBOURHOOD_140,DIVISION,x,y
303,6186765,1187629,7/30/2010 4:00:00 AM,2015,THE ESPLANADE,CHURCH ST,,Collector,Toronto and East York,43.647245,-79.37329,At Intersection,Traffic Signal,Clear,Daylight,Dry,Non-Fatal Injury,Turning Movement,Driver,25 to 29,None,,West,"Automobile, Station Wagon",Turning Left,Failed to Yield Right of Way,Normal,,,,,,,,,Yes,Yes,,,,Yes,,Yes,,,,166,St Lawrence-East Bayfront-The Islands,77,Waterfront Communities-The Island (77),D51,631191.393512496,4833978.99027898
304,6915136,1188456,8/4/2010 4:00:00 AM,1530,5785 YONGE ST,,,Major Arterial,North York,43.783745,-79.41659,,No Control,Clear,Daylight,Dry,Non-Fatal Injury,Turning Movement,Motorcycle Driver,20 to 24,Major,,North,Motorcycle,Going Ahead,Driving Properly,Normal,,,,,,,,,Yes,Yes,,,,,,,,,,36,Newtonbrook West,36,Newtonbrook West (36),D32,627409.675275757,4849071.71410986
305,6915137,1188456,8/4/2010 4:00:00 AM,1530,5785 YONGE ST,,,Major Arterial,North York,43.783745,-79.41659,,No Control,Clear,Daylight,Dry,Non-Fatal Injury,Turning Movement,Driver,35 to 39,None,,South,"Automobile, Station Wagon",Turning Left,Improper Turn,Normal,,,,,,,,,Yes,Yes,,,,,,,,,,36,Newtonbrook West,36,Newtonbrook West (36),D32,627409.675275757,4849071.71410986
306,6170899,1181097,8/6/2010 4:00:00 AM,1931,RICHMOND ST W,SIMCOE ST,,Major Arterial,Toronto and East York,43.649845,-79.38709,At Intersection,No Control,Clear,Daylight,Dry,Non-Fatal Injury,Pedestrian Collisions,Motorcycle Driver,45 to 49,Major,,West,Motorcycle,Going Ahead,Driving Properly,Normal,,,,,,,Yes,,,Yes,,,,,,,,,,170,Yonge-Bay Corridor,76,Bay Street Corridor (76),D52,630072.822845634,4834246.0311728
307,6170900,1181097,8/6/2010 4:00:00 AM,1931,RICHMOND ST W,SIMCOE ST,,Major Arterial,Toronto and East York,43.649845,-79.38709,At Intersection,No Control,Clear,Daylight,Dry,Non-Fatal Injury,Pedestrian Collisions,Pedestrian,35 to 39,Major,,South,Other,,,,Vehicle is going straight thru inter.while ped cross without ROW,"Crossing, no Traffic Control",Inattentive,,,,Yes,,,Yes,,,,,,,,,,170,Yonge-Bay Corridor,76,Bay Street Corridor (76),D52,630072.822845634,4834246.0311728
308,6279580,1185601,8/21/2010 4:00:00 AM,1338,GERRARD ST E,NASMITH AVE,,Minor Arterial,Toronto and East York,43.662945,-79.36229,,No Control,Rain,Daylight,Wet,Non-Fatal Injury,Rear End,Motorcycle Driver,55 to 59,Major,,East,Motorcycle,Going Ahead,Driving Properly,Normal,,,,,,,,,Yes,Yes,,,,,,Yes,,,,72,Regent Park,72,Regent Park (72),D51,632044.119290093,4835740.13146469
309,6279581,1185601,8/21/2010 4:00:00 AM,1338,GERRARD ST E,NASMITH AVE,,Minor Arterial,Toronto and East York,43.662945,-79.36229,,No Control,Rain,Daylight,Wet,Non-Fatal Injury,Rear End,Other,unknown,None,,East,Other,Parked,,,,,,,,,,,Yes,Yes,,,,,,Yes,,,,72,Regent Park,72,Regent Park (72),D51,632044.119290093,4835740.13146469
310,6279582,1185601,8/21/2010 4:00:00 AM,1338,GERRARD ST E,NASMITH AVE,,Minor Arterial,Toronto and East York,43.662945,-79.36229,,No Control,Rain,Daylight,Wet,Non-Fatal Injury,Rear End,Driver,unknown,None,,East,"Automobile, Station Wagon",Going Ahead,Following too Close,Unknown,,,,,,,,,Yes,Yes,,,,,,Yes,,,,72,Regent Park,72,Regent Park (72),D51,632044.119290093,4835740.13146469
311,6197451,1192130,8/25/2010 4:00:00 AM,2344,CHESSWOOD DR,CHAMPAGNE DR,,Minor Arterial,North York,43.764345,-79.47659,At Intersection,Stop Sign,Clear,Dark,Dry,Non-Fatal Injury,Angle,Vehicle Owner,unknown,,,,Other,,,,,,,,,,,,Yes,Yes,,,,,,Yes,,,,27,York University Heights,27,York University Heights (27),D32,622621.356296558,4846826.45654935
312,6197452,1192130,8/25/2010 4:00:00 AM,2344,CHESSWOOD DR,CHAMPAGNE DR,,Minor Arterial,North York,43.764345,-79.47659,At Intersection,Stop Sign,Clear,Dark,Dry,Non-Fatal Injury,Angle,Motorcycle Driver,30 to 34,Major,,West,Motorcycle,Going Ahead,Disobeyed Traffic Control,Had Been Drinking,,,,,,,,,Yes,Yes,,,,,,Yes,,,,27,York University Heights,27,York University Heights (27),D32,622621.356296558,4846826.45654935
313,6197453,1192130,8/25/2010 4:00:00 AM,2344,CHESSWOOD DR,CHAMPAGNE DR,,Minor Arterial,North York,43.764345,-79.47659,At Intersection,Stop Sign,Clear,Dark,Dry,Non-Fatal Injury,Angle,Driver,50 to 54,Minimal,,North,"Automobile, Station Wagon",Going Ahead,Other,Had Been Drinking,,,,,,,,,Yes,Yes,,,,,,Yes,,,,27,York University Heights,27,York University Heights (27),D32,622621.356296558,4846826.45654935
314,6204821,1195361,9/11/2010 4:00:00 AM,2052,DUFFERIN ST,SHANLY ST,,Major Arterial,Toronto and East York,43.662945,-79.43669,At Intersection,Traffic Signal,Clear,Dark,Dry,Non-Fatal Injury,Turning Movement,Motorcycle Passenger,25 to 29,Minimal,,,Other,,,,,,,,,,,,Yes,Yes,,,,Yes,,,,,,171,Junction-Wallace Emerson,93,Dovercourt-Wallace Emerson-Junction (93),D11,626045.389075268,4835624.40885406
315,6204822,1195361,9/11/2010 4:00:00 AM,2052,DUFFERIN ST,SHANLY ST,,Major Arterial,Toronto and East York,43.662945,-79.43669,At Intersection,Traffic Signal,Clear,Dark,Dry,Non-Fatal Injury,Turning Movement,Motorcycle Driver,35 to 39,Major,,North,Motorcycle,Going Ahead,Driving Properly,Normal,,,,,,,,,Yes,Yes,,,,Yes,,,,,,171,Junction-Wallace Emerson,93,Dovercourt-Wallace Emerson-Junction (93),D11,626045.389075268,4835624.40885406
316,6204823,1195361,9/11/2010 4:00:00 AM,2052,DUFFERIN ST,SHANLY ST,,Major Arterial,Toronto and East York,43.662945,-79.43669,At Intersection,Traffic Signal,Clear,Dark,Dry,Non-Fatal Injury,Turning Movement,Vehicle Owner,unknown,,,,Other,,,,,,,,,,,,Yes,Yes,,,,Yes,,,,,,171,Junction-Wallace Emerson,93,Dovercourt-Wallace Emerson-Junction (93),D11,626045.389075268,4835624.40885406
317,6204824,1195361,9/11/2010 4:00:00 AM,2052,DUFFERIN ST,SHANLY ST,,Major Arterial,Toronto and East York,43.662945,-79.43669,At Intersection,Traffic Signal,Clear,Dark,Dry,Non-Fatal Injury,Turning Movement,Driver,40 to 44,None,,South,"Automobile, Station Wagon",Turning Left,Improper Turn,Normal,,,,,,,,,Yes,Yes,,,,Yes,,,,,,171,Junction-Wallace Emerson,93,Dovercourt-Wallace Emerson-Junction (93),D11,626045.389075268,4835624.40885406
318,6190417,1189140,9/14/2010 4:00:00 AM,1100,KINGSTON RD,LAKESIDE AVE,,Major Arterial,Scarborough,43.690745,-79.26609,At Intersection,Stop Sign,Clear,Daylight,Dry,Non-Fatal Injury,Turning Movement,Motorcycle Driver,70 to 74,Major,,North,Motorcycle,Turning Left,Failed to Yield Right of Way,Normal,,,,,,,,,Yes,Yes,,,,,,Yes,,,,122,Birchcliffe-Cliffside,122,Birchcliffe-Cliffside (122),D41,639736.01108679,4838985.31803704
319,6190418,1189140,9/14/2010 4:00:00 AM,1100,KINGSTON RD,LAKESIDE AVE,,Major Arterial,Scarborough,43.690745,-79.26609,At Intersection,Stop Sign,Clear,Daylight,Dry,Non-Fatal Injury,Turning Movement,Driver,70 to 74,None,,East,"Automobile, Station Wagon",Going Ahead,Driving Properly,Normal,,,,,,,,,Yes,Yes,,,,,,Yes,,,,122,Birchcliffe-Cliffside,122,Birchcliffe-Cliffside (122),D41,639736.01108679,4838985.31803704
320,6209176,1197199,9/19/2010 4:00:00 AM,1550,EGLINTON AVE E,VICTORIA PARK AVE,,Major Arterial,North York,43.724745,-79.302593,At Intersection,Traffic Signal,Clear,Daylight,Dry,Non-Fatal Injury,Turning Movement,Motorcycle Driver,40 to 44,Major,,East,Motorcycle,Going Ahead,Driving Properly,Normal,,,,,,,,,Yes,Yes,,,,,,,,,,119,Wexford/Maryvale,119,Wexford/Maryvale (119),D41,636716.872082837,4842700.63864756
321,6209177,1197199,9/19/2010 4:00:00 AM,1550,EGLINTON AVE E,VICTORIA PARK AVE,,Major Arterial,North York,43.724745,-79.302593,At Intersection,Traffic Signal,Clear,Daylight,Dry,Non-Fatal Injury,Turning Movement,Driver,60 to 64,None,,West,"Automobile, Station Wagon",Turning Left,Improper Turn,Inattentive,,,,,,,,,Yes,Yes,,,,,,,,,,119,Wexford/Maryvale,119,Wexford/Maryvale (119),D41,636716.872082837,4842700.63864756
322,6211659,1198255,9/22/2010 4:00:00 AM,1448,YONGE ST,ELLERSLIE AVE,,Major Arterial,North York,43.771945,-79.41359,At Intersection,Stop Sign,Clear,Daylight,Dry,Non-Fatal Injury,Turning Movement,Motorcycle Driver,30 to 34,Major,,South,Motorcycle,Going Ahead,Driving Properly,Normal,,,,,,,,,Yes,Yes,,,,,,Yes,,,,37,Willowdale West,37,Willowdale West (37),D32,627676.185754056,4847765.76485864
323,6211660,1198255,9/22/2010 4:00:00 AM,1448,YONGE ST,ELLERSLIE AVE,,Major Arterial,North York,43.771945,-79.41359,At Intersection,Stop Sign,Clear,Daylight,Dry,Non-Fatal Injury,Turning Movement,Driver,65 to 69,None,,East,"Automobile, Station Wagon",Turning Left,Failed to Yield Right of Way,Inattentive,,,,,,,,,Yes,Yes,,,,,,Yes,,,,37,Willowdale West,37,Willowdale West (37),D32,627676.185754056,4847765.76485864
324,6195570,1191325,9/24/2010 4:00:00 AM,2225,ALBION RD,TODD BROOK DR,,Major Arterial,Etobicoke York,43.738245,-79.57159,,No Control,Clear,Dark,Dry,Non-Fatal Injury,Rear End,Motorcycle Driver,20 to 24,Major,,East,Motorcycle,Going Ahead,Exceeding Speed Limit,Normal,,,,,,,,,Yes,Yes,,,,,Yes,Yes,,,,3,Thistletown-Beaumond Heights,3,Thistletown-Beaumond Heights (3),D23,615024.607637312,4843791.3962223
325,6195571,1191325,9/24/2010 4:00:00 AM,2225,ALBION RD,TODD BROOK DR,,Major Arterial,Etobicoke York,43.738245,-79.57159,,No Control,Clear,Dark,Dry,Non-Fatal Injury,Rear End,Driver,50 to 54,None,,East,"Automobile, Station Wagon",Going Ahead,Driving Properly,Normal,,,,,,,,,Yes,Yes,,,,,Yes,Yes,,,,3,Thistletown-Beaumond Heights,3,Thistletown-Beaumond Heights (3),D23,615024.607637312,4843791.3962223
326,6195943,1191508,9/26/2010 4:00:00 AM,1550,ROSEDALE VALLEY RD,BLOOR ST E,,Minor Arterial,Toronto and East York,43.671045,-79.36419,,No Control,Clear,Daylight,Dry,Non-Fatal Injury,SMV Other,Motorcycle Passenger,20 to 24,Major,,,Other,,,,,,,,,,,,,Yes,,,,Yes,,Yes,,,,71,Cabbagetown-South St.James Town,71,Cabbagetown-South St.James Town (71),D51,631873.186876996,4836636.72323618
327,6195944,1191508,9/26/2010 4:00:00 AM,1550,ROSEDALE VALLEY RD,BLOOR ST E,,Minor Arterial,Toronto and East York,43.671045,-79.36419,,No Control,Clear,Daylight,Dry,Non-Fatal Injury,SMV Other,Motorcycle Driver,35 to 39,Major,,West,Motorcycle,Overtaking,Improper Passing,Unknown,,,,,,,,,,Yes,,,,Yes,,Yes,,,,71,Cabbagetown-South St.James Town,71,Cabbagetown-South St.James Town (71),D51,631873.186876996,4836636.72323618
328,6212495,1198624,9/26/2010 4:00:00 AM,1937,DUFFERIN ST,KEYWEST AVE,,Major Arterial,Toronto and East York,43.692545,-79.44899,At Intersection,No Control,Clear,Dark,Dry,Non-Fatal Injury,Turning Movement,Motorcycle Driver,30 to 34,Major,,North,Motorcycle,Going Ahead,Driving Properly,Normal,,,,,,,,,Yes,Yes,,,,,,,,,,109,Caledonia-Fairbank,109,Caledonia-Fairbank (109),D13,624992.190945984,4838893.27343355
329,6212496,1198624,9/26/2010 4:00:00 AM,1937,DUFFERIN ST,KEYWEST AVE,,Major Arterial,Toronto and East York,43.692545,-79.44899,At Intersection,No Control,Clear,Dark,Dry,Non-Fatal Injury,Turning Movement,Driver,40 to 44,None,,South,"Automobile, Station Wagon",Turning Left,Improper Turn,Inattentive,,,,,,,,,Yes,Yes,,,,,,,,,,109,Caledonia-Fairbank,109,Caledonia-Fairbank (109),D13,624992.190945984,4838893.27343355
330,6198666,1192613,10/1/2010 4:00:00 AM,1232,KING ST W,FRASER AVE,,Major Arterial,Toronto and East York,43.639445,-79.42479,At Intersection,Stop Sign,Clear,Daylight,Dry,Non-Fatal Injury,Turning Movement,Motorcycle Driver,30 to 34,Major,,East,Motorcycle,Going Ahead,Driving Properly,Normal,,,,,,,,,Yes,Yes,,,,,,,,,,85,South Parkdale,85,South Parkdale (85),D14,627054.405356552,4833032.57575224
331,6198667,1192613,10/1/2010 4:00:00 AM,1232,KING ST W,FRASER AVE,,Major Arterial,Toronto and East York,43.639445,-79.42479,At Intersection,Stop Sign,Clear,Daylight,Dry,Non-Fatal Injury,Turning Movement,Driver,55 to 59,None,,West,"Automobile, Station Wagon",Turning Left,Improper Turn,Inattentive,,,,,,,,,Yes,Yes,,,,,,,,,,85,South Parkdale,85,South Parkdale (85),D14,627054.405356552,4833032.57575224
332,6214560,1199427,10/2/2010 4:00:00 AM,1810,ADELAIDE ST E,SHERBOURNE ST,,Major Arterial,Toronto and East York,43.652145,-79.36859,At Intersection,Traffic Signal,Clear,Daylight,Dry,Non-Fatal Injury,Angle,Motorcycle Driver,40 to 44,Major,,South,Motorcycle,Going Ahead,Disobeyed Traffic Control,Normal,,,,,,,,,Yes,Yes,,,,,,Yes,Yes,,,73,Moss Park,73,Moss Park (73),D51,631559.745989983,4834530.64037089
333,6214561,1199427,10/2/2010 4:00:00 AM,1810,ADELAIDE ST E,SHERBOURNE ST,,Major Arterial,Toronto and East York,43.652145,-79.36859,At Intersection,Traffic Signal,Clear,Daylight,Dry,Non-Fatal Injury,Angle,Vehicle Owner,unknown,,,,Other,,,,,,,,,,,,Yes,Yes,,,,,,Yes,Yes,,,73,Moss Park,73,Moss Park (73),D51,631559.745989983,4834530.64037089
334,6214562,1199427,10/2/2010 4:00:00 AM,1810,ADELAIDE ST E,SHERBOURNE ST,,Major Arterial,Toronto and East York,43.652145,-79.36859,At Intersection,Traffic Signal,Clear,Daylight,Dry,Non-Fatal Injury,Angle,Driver,20 to 24,None,,East,"Automobile, Station Wagon",Going Ahead,Driving Properly,Normal,,,,,,,,,Yes,Yes,,,,,,Yes,Yes,,,73,Moss Park,73,Moss Park (73),D51,631559.745989983,4834530.64037089
335,6216742,1200323,10/8/2010 4:00:00 AM,1130,WILSON AVE,PRIVET RD,,Major Arterial,North York,43.722745,-79.49939,,No Control,Clear,Daylight,Dry,Non-Fatal Injury,Turning Movement,Motorcycle Driver,25 to 29,Major,,East,Motorcycle,Going Ahead,Driving Properly,Normal,,,,,,,,,Yes,Yes,,,,,,Yes,,,,154,Oakdale-Beverley Heights,26,Downsview-Roding-CFB (26),D31,620869.826532853,4842172.66615076
336,6216743,1200323,10/8/2010 4:00:00 AM,1130,WILSON AVE,PRIVET RD,,Major Arterial,North York,43.722745,-79.49939,,No Control,Clear,Daylight,Dry,Non-Fatal Injury,Turning Movement,Driver,75 to 79,None,,West,"Automobile, Station Wagon",Turning Left,Improper Turn,Inattentive,,,,,,,,,Yes,Yes,,,,,,Yes,,,,154,Oakdale-Beverley Heights,26,Downsview-Roding-CFB (26),D31,620869.826532853,4842172.66615076
337,6209433,1197308,10/11/2010 4:00:00 AM,2050,KINGSTON RD,SANDOWN AVE,,Major Arterial,Scarborough,43.708245,-79.25009,,No Control,Clear,Dark,Dry,Non-Fatal Injury,Rear End,Motorcycle Driver,30 to 34,Major,,East,Motorcycle,Going Ahead,Following too Close,Had Been Drinking,,,,,,,,,Yes,Yes,,,,,,Yes,,Yes,,122,Birchcliffe-Cliffside,122,Birchcliffe-Cliffside (122),D41,640984.444737148,4840956.03201198
338,6209434,1197308,10/11/2010 4:00:00 AM,2050,KINGSTON RD,SANDOWN AVE,,Major Arterial,Scarborough,43.708245,-79.25009,,No Control,Clear,Dark,Dry,Non-Fatal Injury,Rear End,Driver,45 to 49,None,,East,"Automobile, Station Wagon",Slowing or Stopping,Other,"Ability Impaired, Alcohol Over .08",,,,,,,,,Yes,Yes,,,,,,Yes,,Yes,,122,Birchcliffe-Cliffside,122,Birchcliffe-Cliffside (122),D41,640984.444737148,4840956.03201198
339,6220296,1201798,10/16/2010 4:00:00 AM,1553,CHURCH ST,MC GILL ST,,Minor Arterial,Toronto and East York,43.660645,-79.37889,,No Control,Clear,Daylight,Dry,Non-Fatal Injury,Turning Movement,Motorcycle Driver,45 to 49,Major,,North,Motorcycle,Going Ahead,Driving Properly,Normal,,,,,,,,,Yes,Yes,,,,,,,,,,168,Downtown Yonge East,75,Church-Yonge Corridor (75),D51,630710.683216942,4835458.3994936
340,6220297,1201798,10/16/2010 4:00:00 AM,1553,CHURCH ST,MC GILL ST,,Minor Arterial,Toronto and East York,43.660645,-79.37889,,No Control,Clear,Daylight,Dry,Non-Fatal Injury,Turning Movement,Driver,20 to 24,None,,South,"Automobile, Station Wagon",Turning Left,Improper Turn,Normal,,,,,,,,,Yes,Yes,,,,,,,,,,168,Downtown Yonge East,75,Church-Yonge Corridor (75),D51,630710.683216942,4835458.3994936
341,6222524,1202672,10/27/2010 4:00:00 AM,726,DON MILLS RD,STEELES AVE E,,Major Arterial,North York,43.811145,-79.36079,At Intersection,Traffic Signal,Clear,Daylight,Wet,Non-Fatal Injury,Turning Movement,Motorcycle Driver,35 to 39,Major,,North,Motorcycle,Going Ahead,Disobeyed Traffic Control,Normal,,,,,,,,,Yes,Yes,,,,,,Yes,Yes,,,48,Hillcrest Village,48,Hillcrest Village (48),D33,631839.410418557,4852202.31205209
342,6222525,1202672,10/27/2010 4:00:00 AM,726,DON MILLS RD,STEELES AVE E,,Major Arterial,North York,43.811145,-79.36079,At Intersection,Traffic Signal,Clear,Daylight,Wet,Non-Fatal Injury,Turning Movement,Driver,30 to 34,None,,South,"Automobile, Station Wagon",Turning Left,Driving Properly,Normal,,,,,,,,,Yes,Yes,,,,,,Yes,Yes,,,48,Hillcrest Village,48,Hillcrest Village (48),D33,631839.410418557,4852202.31205209
343,6281379,1209188,10/29/2010 4:00:00 AM,2242,DUNDAS ST E,GEORGE ST,,Major Arterial,Toronto and East York,43.657745,-79.37299,,No Control,Clear,Dark,Dry,Non-Fatal Injury,SMV Other,Motorcycle Driver,40 to 44,Major,,East,Motorcycle,Going Ahead,Lost control,Unknown,,,,,,,,,,Yes,,,,,,,,,,73,Moss Park,73,Moss Park (73),D51,631192.723283025,4835145.62793053
344,6218312,1200931,11/11/2010 5:00:00 AM,934,F G GARDINER Expr W,DON VALLEY PARKWAY  N,,,Toronto and East York,43.650745,-79.34899,,No Control,Clear,Daylight,Dry,Non-Fatal Injury,SMV Other,Motorcycle Driver,25 to 29,Major,,West,Motorcycle,Going Ahead,Lost control,Normal,,,,,,,,,,Yes,,,,,Yes,Yes,,,,166,St Lawrence-East Bayfront-The Islands,77,Waterfront Communities-The Island (77),D51,633143.435273781,4834406.41304627
345,6258751,1207710,11/11/2010 5:00:00 AM,1225,KINGSTON RD,MARKHAM RD,,Major Arterial,Scarborough,43.738745,-79.21699,At Intersection,Traffic Signal,Clear,Daylight,Dry,Non-Fatal Injury,Turning Movement,Motorcycle Driver,45 to 49,Major,,East,Motorcycle,Going Ahead,Driving Properly,Normal,,,,,,,,,Yes,Yes,,,,,,,,,,139,Scarborough Village,139,Scarborough Village (139),D43,643578.350938499,4844400.34035012
346,6258752,1207710,11/11/2010 5:00:00 AM,1225,KINGSTON RD,MARKHAM RD,,Major Arterial,Scarborough,43.738745,-79.21699,At Intersection,Traffic Signal,Clear,Daylight,Dry,Non-Fatal Injury,Turning Movement,Driver,20 to 24,None,,West,"Automobile, Station Wagon",Turning Left,Improper Turn,Normal,,,,,,,,,Yes,Yes,,,,,,,,,,139,Scarborough Village,139,Scarborough Village (139),D43,643578.350938499,4844400.34035012
347,6230000,1205839,11/13/2010 5:00:00 AM,1430,LAKE SHORE Boul W,ONTARIO Driv,,Major Arterial,Toronto and East York,43.630445,-79.41979,At Intersection,Traffic Signal,Clear,Daylight,Dry,Non-Fatal Injury,Turning Movement,Motorcycle Driver,25 to 29,Major,,West,Motorcycle,Going Ahead,Driving Properly,Normal,,,,,,,,,Yes,Yes,,,,,,,,,,163,Fort York-Liberty Village,82,Niagara (82),D14,627476.731289857,4832040.67702126
348,6230001,1205839,11/13/2010 5:00:00 AM,1430,LAKE SHORE Boul W,ONTARIO Driv,,Major Arterial,Toronto and East York,43.630445,-79.41979,At Intersection,Traffic Signal,Clear,Daylight,Dry,Non-Fatal Injury,Turning Movement,Driver,70 to 74,None,,East,"Automobile, Station Wagon",Turning Left,Improper Turn,Normal,,,,,,,,,Yes,Yes,,,,,,,,,,163,Fort York-Liberty Village,82,Niagara (82),D14,627476.731289857,4832040.67702126
349,6280405,1201760,11/15/2010 5:00:00 AM,2303,STEELES Aven W,HIGHWAY 400  N,,Major Arterial,Etobicoke York,43.772045,-79.53789,At Intersection,Traffic Signal,Clear,Dark,Dry,Non-Fatal Injury,Turning Movement,Motorcycle Driver,20 to 24,Major,,West,Motorcycle,Going Ahead,Driving Properly,Normal,,,,,,,,,Yes,Yes,,,,,,,,,,21,Humber Summit,21,Humber Summit (21),D31,617672.099092056,4847592.71697323
350,6280406,1201760,11/15/2010 5:00:00 AM,2303,STEELES Aven W,HIGHWAY 400  N,,Major Arterial,Etobicoke York,43.772045,-79.53789,At Intersection,Traffic Signal,Clear,Dark,Dry,Non-Fatal Injury,Turning Movement,Driver,20 to 24,Minor,,East,"Automobile, Station Wagon",Turning Left,Improper Turn,Inattentive,,,,,,,,,Yes,Yes,,,,,,,,,,21,Humber Summit,21,Humber Summit (21),D31,617672.099092056,4847592.71697323
351,6581562,1210132,1/2/2011 5:00:00 AM,105,MCCOWAN RD,ELLESMERE RD,,Major Arterial,Scarborough,43.772145,-79.25149,At Intersection,Traffic Signal,Clear,Dark,Dry,Non-Fatal Injury,Turning Movement,Driver,55 to 59,None,,South,"Automobile, Station Wagon",Turning Left,Improper Turn,Normal,,,,,,,,,Yes,Yes,,,,,Yes,Yes,,,,142,Woburn North,137,Woburn (137),D43,640721.860412966,4848050.70945088
352,6581563,1210132,1/2/2011 5:00:00 AM,105,MCCOWAN RD,ELLESMERE RD,,Major Arterial,Scarborough,43.772145,-79.25149,At Intersection,Traffic Signal,Clear,Dark,Dry,Non-Fatal Injury,Turning Movement,Motorcycle Driver,20 to 24,Major,,North,Motorcycle,Going Ahead,Exceeding Speed Limit,Normal,,,,,,,,,Yes,Yes,,,,,Yes,Yes,,,,142,Woburn North,137,Woburn (137),D43,640721.860412966,4848050.70945088
353,6641492,1239488,4/22/2011 4:00:00 AM,1519,DANFORTH AVE,WOODMOUNT AVE,,Major Arterial,Toronto and East York,43.685245,-79.31469,,No Control,Clear,Daylight,Dry,Non-Fatal Injury,Sideswipe,Motorcycle Driver,20 to 24,Major,,West,Motorcycle,Going Ahead,Driving Properly,Normal,,,,,,,,,Yes,Yes,,,,,,,,,,64,Woodbine Corridor,64,Woodbine Corridor (64),D55,635831.700126745,4838293.71345599
354,6641493,1239488,4/22/2011 4:00:00 AM,1519,DANFORTH AVE,WOODMOUNT AVE,,Major Arterial,Toronto and East York,43.685245,-79.31469,,No Control,Clear,Daylight,Dry,Non-Fatal Injury,Sideswipe,Driver,65 to 69,None,,West,"Automobile, Station Wagon",Parked,Driving Properly,Normal,,,,,,,,,Yes,Yes,,,,,,,,,,64,Woodbine Corridor,64,Woodbine Corridor (64),D55,635831.700126745,4838293.71345599
355,6641494,1239488,4/22/2011 4:00:00 AM,1519,DANFORTH AVE,WOODMOUNT AVE,,Major Arterial,Toronto and East York,43.685245,-79.31469,,No Control,Clear,Daylight,Dry,Non-Fatal Injury,Sideswipe,Vehicle Owner,unknown,,,,Other,,,,,,,,,,,,Yes,Yes,,,,,,,,,,64,Woodbine Corridor,64,Woodbine Corridor (64),D55,635831.700126745,4838293.71345599
356,6641495,1239488,4/22/2011 4:00:00 AM,1519,DANFORTH AVE,WOODMOUNT AVE,,Major Arterial,Toronto and East York,43.685245,-79.31469,,No Control,Clear,Daylight,Dry,Non-Fatal Injury,Sideswipe,Driver,15 to 19,None,,West,"Automobile, Station Wagon",Changing Lanes,Improper Lane Change,Inattentive,,,,,,,,,Yes,Yes,,,,,,,,,,64,Woodbine Corridor,64,Woodbine Corridor (64),D55,635831.700126745,4838293.71345599
357,6622971,1230701,4/30/2011 4:00:00 AM,1837,F G GARDINER XY Expr E,CHERRY ST,,Major Arterial,Toronto and East York,43.649045,-79.35619,,No Control,Clear,Daylight,Dry,Fatal,SMV Other,Motorcycle Driver,25 to 29,Fatal,8,East,Motorcycle,Going Ahead,Exceeding Speed Limit,Had Been Drinking,,,,,,,,,Yes,Yes,,,,,Yes,Yes,,,,166,St Lawrence-East Bayfront-The Islands,77,Waterfront Communities-The Island (77),D51,632566.534719607,4834206.07856704
358,6622972,1230701,4/30/2011 4:00:00 AM,1837,F G GARDINER XY Expr E,CHERRY ST,,Major Arterial,Toronto and East York,43.649045,-79.35619,,No Control,Clear,Daylight,Dry,Fatal,SMV Other,Driver,25 to 29,None,,West,"Automobile, Station Wagon",Going Ahead,Driving Properly,Normal,,,,,,,,,Yes,Yes,,,,,Yes,Yes,,,,166,St Lawrence-East Bayfront-The Islands,77,Waterfront Communities-The Island (77),D51,632566.534719607,4834206.07856704
359,6624234,1232073,5/7/2011 4:00:00 AM,1450,DAVENPORT Road,DUFFERIN Stre,,Minor Arterial,Toronto and East York,43.672845,-79.44159,,No Control,Clear,Daylight,Dry,Non-Fatal Injury,Pedestrian Collisions,Pedestrian,15 to 19,Major,,North,Other,,,,Vehicle hits the pedestrian walking or running out from between parked vehicles at mid-block,Coming From Behind Parked Vehicle,Inattentive,,,,Yes,,Yes,Yes,,,,,,Yes,,,,171,Junction-Wallace Emerson,93,Dovercourt-Wallace Emerson-Junction (93),D13,625629.656966231,4836716.50268031
360,6624235,1232073,5/7/2011 4:00:00 AM,1450,DAVENPORT Road,DUFFERIN Stre,,Minor Arterial,Toronto and East York,43.672845,-79.44159,,No Control,Clear,Daylight,Dry,Non-Fatal Injury,Pedestrian Collisions,Motorcycle Driver,25 to 29,Minor,,East,Motorcycle,Going Ahead,Improper Passing,Unknown,,,,,,,Yes,,Yes,Yes,,,,,,Yes,,,,171,Junction-Wallace Emerson,93,Dovercourt-Wallace Emerson-Junction (93),D13,625629.656966231,4836716.50268031