OBJECTID,INDEX,ACCNUM,DATE,TIME,STREET1,STREET2,OFFSET,ROAD_CLASS,DISTRICT,LATITUDE,LONGITUDE,ACCLOC,TRAFFCTL,VISIBILITY,LIGHT,RDSFCOND,ACCLASS,IMPACTYPE,INVTYPE,INVAGE,INJURY,FATAL_NO,INITDIR,VEHTYPE,MANOEUVER,DRIVACT,DRIVCOND,PEDTYPE,PEDACT,PEDCOND,CYCLISTYPE,CYCACT,CYCCOND,PEDESTRIAN,CYCLIST,AUTOMOBILE,MOTORCYCLE,TRUCK,TRSN_CITY_VEH,EMERG_VEH,PASSENGER,SPEEDING,AG_DRIV,REDLIGHT,ALCOHOL,DISABILITY,HOOD_158,NEIGHBOURHOOD_158,HOOD_140,NEIGHBOURHOOD_140,DIVISION,x,y
361,6624236,1232073,5/7/2011 4:00:00 AM,1450,DAVENPORT Road,DUFFERIN Stre,,Minor Arterial,Toronto and East York,43.672845,-79.44159,,No Control,Clear,Daylight,Dry,Non-Fatal Injury,Pedestrian Collisions,Driver,50 to 54,None,,East,"Automobile, Station Wagon",Stopped,Driving Properly,Normal,,,,,,,Yes,,Yes,Yes,,,,,,Yes,,,,171,Junction-Wallace Emerson,93,Dovercourt-Wallace Emerson-Junction (93),D13,625629.656966231,4836716.50268031
362,6624237,1232073,5/7/2011 4:00:00 AM,1450,DAVENPORT Road,DUFFERIN Stre,,Minor Arterial,Toronto and East York,43.672845,-79.44159,,No Control,Clear,Daylight,Dry,Non-Fatal Injury,Pedestrian Collisions,Other,unknown,None,,,Other,Parked,,,,,,,,,Yes,,Yes,Yes,,,,,,Yes,,,,171,Junction-Wallace Emerson,93,Dovercourt-Wallace Emerson-Junction (93),D13,625629.656966231,4836716.50268031
363,6624238,1232073,5/7/2011 4:00:00 AM,1450,DAVENPORT Road,DUFFERIN Stre,,Minor Arterial,Toronto and East York,43.672845,-79.44159,,No Control,Clear,Daylight,Dry,Non-Fatal Injury,Pedestrian Collisions,Vehicle Owner,unknown,,,,Other,,,,,,,,,,Yes,,Yes,Yes,,,,,,Yes,,,,171,Junction-Wallace Emerson,93,Dovercourt-Wallace Emerson-Junction (93),D13,625629.656966231,4836716.50268031
364,6626710,1233062,5/14/2011 4:00:00 AM,1356,QUEEN ST W,GLADSTONE AVE,,Major Arterial,Toronto and East York,43.642545,-79.42719,At Intersection,Traffic Signal,"Fog, Mist, Smoke, Dust",Daylight,Dry,Non-Fatal Injury,Turning Movement,Motorcycle Driver,25 to 29,Major,,West,Motorcycle,Going Ahead,Exceeding Speed Limit,Inattentive,,,,,,,,,Yes,Yes,,,,,Yes,Yes,,,,84,Little Portugal,84,Little Portugal (84),D14,626854.29830249,4833373.19951619
365,6626711,1233062,5/14/2011 4:00:00 AM,1356,QUEEN ST W,GLADSTONE AVE,,Major Arterial,Toronto and East York,43.642545,-79.42719,At Intersection,Traffic Signal,"Fog, Mist, Smoke, Dust",Daylight,Dry,Non-Fatal Injury,Turning Movement,Driver,65 to 69,None,,East,"Automobile, Station Wagon",Turning Left,Failed to Yield Right of Way,Unknown,,,,,,,,,Yes,Yes,,,,,Yes,Yes,,,,84,Little Portugal,84,Little Portugal (84),D14,626854.29830249,4833373.19951619
366,6658057,1246412,5/14/2011 4:00:00 AM,1705,DIXON RD,ISLINGTON AVE,,Major Arterial,Etobicoke York,43.697045,-79.54669,At Intersection,Traffic Signal,Rain,Daylight,Wet,Non-Fatal Injury,Turning Movement,Passenger,15 to 19,Major,,,Other,,,,,,,,,,,,Yes,Yes,,,,Yes,,Yes,,,,6,Kingsview Village-The Westway,6,Kingsview Village-The Westway (6),D23,617109.9584665,4839250.43132823
367,6658058,1246412,5/14/2011 4:00:00 AM,1705,DIXON RD,ISLINGTON AVE,,Major Arterial,Etobicoke York,43.697045,-79.54669,At Intersection,Traffic Signal,Rain,Daylight,Wet,Non-Fatal Injury,Turning Movement,Motorcycle Driver,15 to 19,Major,,West,Motorcycle,Going Ahead,Driving Properly,Normal,,,,,,,,,Yes,Yes,,,,Yes,,Yes,,,,6,Kingsview Village-The Westway,6,Kingsview Village-The Westway (6),D23,617109.9584665,4839250.43132823
368,6658059,1246412,5/14/2011 4:00:00 AM,1705,DIXON RD,ISLINGTON AVE,,Major Arterial,Etobicoke York,43.697045,-79.54669,At Intersection,Traffic Signal,Rain,Daylight,Wet,Non-Fatal Injury,Turning Movement,Driver,30 to 34,None,,East,"Automobile, Station Wagon",Slowing or Stopping,Driving Properly,Normal,,,,,,,,,Yes,Yes,,,,Yes,,Yes,,,,6,Kingsview Village-The Westway,6,Kingsview Village-The Westway (6),D23,617109.9584665,4839250.43132823
369,6658060,1246412,5/14/2011 4:00:00 AM,1705,DIXON RD,ISLINGTON AVE,,Major Arterial,Etobicoke York,43.697045,-79.54669,At Intersection,Traffic Signal,Rain,Daylight,Wet,Non-Fatal Injury,Turning Movement,Driver,unknown,None,,East,"Automobile, Station Wagon",Turning Left,Failed to Yield Right of Way,Unknown,,,,,,,,,Yes,Yes,,,,Yes,,Yes,,,,6,Kingsview Village-The Westway,6,Kingsview Village-The Westway (6),D23,617109.9584665,4839250.43132823
370,6649400,1242717,5/21/2011 4:00:00 AM,1159,FINCH  AVE E,PHARMACY  AVE,,Major Arterial,Scarborough,43.794345,-79.32609,,No Control,Clear,Daylight,Dry,Non-Fatal Injury,Turning Movement,Motorcycle Driver,30 to 34,Major,,West,Motorcycle,Going Ahead,Driving Properly,Normal,,,,,,,,,Yes,Yes,,,,,,,,,,147,L'Amoreaux West,117,L'Amoreaux (117),D42,634668.054639842,4850392.28062976
371,6649401,1242717,5/21/2011 4:00:00 AM,1159,FINCH  AVE E,PHARMACY  AVE,,Major Arterial,Scarborough,43.794345,-79.32609,,No Control,Clear,Daylight,Dry,Non-Fatal Injury,Turning Movement,Driver,40 to 44,None,,South,"Automobile, Station Wagon",Turning Left,Improper Turn,Normal,,,,,,,,,Yes,Yes,,,,,,,,,,147,L'Amoreaux West,117,L'Amoreaux (117),D42,634668.054639842,4850392.28062976
372,6633156,1235900,6/1/2011 4:00:00 AM,1650,KING ST W,STRACHAN AVE,,Major Arterial,Toronto and East York,43.642145,-79.41129,,No Control,Clear,Daylight,Dry,Non-Fatal Injury,Pedestrian Collisions,Motorcycle Driver,50 to 54,Major,,East,Motorcycle,Going Ahead,Driving Properly,Normal,,,,,,,Yes,,,Yes,,,,,,,,,,162,West Queen West,82,Niagara (82),D14,628137.569140507,4833353.19921147
373,6633157,1235900,6/1/2011 4:00:00 AM,1650,KING ST W,STRACHAN AVE,,Major Arterial,Toronto and East York,43.642145,-79.41129,,No Control,Clear,Daylight,Dry,Non-Fatal Injury,Pedestrian Collisions,Pedestrian,25 to 29,Minor,,North,Other,,,,Pedestrian hit at mid-block,"Crossing, no Traffic Control",Other,,,,Yes,,,Yes,,,,,,,,,,162,West Queen West,82,Niagara (82),D14,628137.569140507,4833353.19921147
374,7558913,1239766,6/1/2011 4:00:00 AM,1935,THE ESPLANADE,BERKELEY Stre,,Collector,Toronto and East York,43.650145,-79.36359,,Traffic Signal,Clear,Daylight,Dry,Non-Fatal Injury,SMV Other,Vehicle Owner,unknown,,,,Other,,,,,,,,,,,,Yes,Yes,,,,,,,,,,166,St Lawrence-East Bayfront-The Islands,77,Waterfront Communities-The Island (77),D51,631967.339405193,4834316.45331603
375,7558914,1239766,6/1/2011 4:00:00 AM,1935,THE ESPLANADE,BERKELEY Stre,,Collector,Toronto and East York,43.650145,-79.36359,,Traffic Signal,Clear,Daylight,Dry,Non-Fatal Injury,SMV Other,Motorcycle Driver,30 to 34,Major,,East,Motorcycle,Going Ahead,Driving Properly,Normal,,,,,,,,,Yes,Yes,,,,,,,,,,166,St Lawrence-East Bayfront-The Islands,77,Waterfront Communities-The Island (77),D51,631967.339405193,4834316.45331603
376,7558915,1239766,6/1/2011 4:00:00 AM,1935,THE ESPLANADE,BERKELEY Stre,,Collector,Toronto and East York,43.650145,-79.36359,,Traffic Signal,Clear,Daylight,Dry,Non-Fatal Injury,SMV Other,Driver,unknown,None,,West,"Automobile, Station Wagon",Overtaking,Other,Unknown,,,,,,,,,Yes,Yes,,,,,,,,,,166,St Lawrence-East Bayfront-The Islands,77,Waterfront Communities-The Island (77),D51,631967.339405193,4834316.45331603
377,6653989,1244686,6/5/2011 4:00:00 AM,1330,YONGE ST,YORK MILLS RD,,Major Arterial,North York,43.745245,-79.40699,,No Control,Clear,Daylight,Dry,Non-Fatal Injury,Pedestrian Collisions,Vehicle Owner,unknown,,,,Other,,,,,,,,,,Yes,,,Yes,,,,,Yes,Yes,,,,39,Bedford Park-Nortown,39,Bedford Park-Nortown (39),D32,628264.404568131,4844810.52762591
378,6653990,1244686,6/5/2011 4:00:00 AM,1330,YONGE ST,YORK MILLS RD,,Major Arterial,North York,43.745245,-79.40699,,No Control,Clear,Daylight,Dry,Non-Fatal Injury,Pedestrian Collisions,Motorcycle Driver,25 to 29,Minor,,North,Motorcycle,Other,Exceeding Speed Limit,Normal,,,,,,,Yes,,,Yes,,,,,Yes,Yes,,,,39,Bedford Park-Nortown,39,Bedford Park-Nortown (39),D32,628264.404568131,4844810.52762591
379,6653991,1244686,6/5/2011 4:00:00 AM,1330,YONGE ST,YORK MILLS RD,,Major Arterial,North York,43.745245,-79.40699,,No Control,Clear,Daylight,Dry,Non-Fatal Injury,Pedestrian Collisions,Pedestrian,15 to 19,Major,,North,Other,,,,Pedestrian hit on sidewalk or shoulder,On Sidewalk or Shoulder,Normal,,,,Yes,,,Yes,,,,,Yes,Yes,,,,39,Bedford Park-Nortown,39,Bedford Park-Nortown (39),D32,628264.404568131,4844810.52762591
380,6639099,1238470,6/15/2011 4:00:00 AM,1,F G GARDINER Expr E,CHERRY Stre,,Major Arterial,Toronto and East York,43.649045,-79.35679,,No Control,Clear,Dark,Dry,Non-Fatal Injury,SMV Other,Motorcycle Driver,25 to 29,Major,,East,Motorcycle,Going Ahead,Lost control,Had Been Drinking,,,,,,,,,Yes,Yes,,,,,,,,,,166,St Lawrence-East Bayfront-The Islands,77,Waterfront Communities-The Island (77),D51,632518.146643953,4834205.12025506
381,6639100,1238470,6/15/2011 4:00:00 AM,1,F G GARDINER Expr E,CHERRY Stre,,Major Arterial,Toronto and East York,43.649045,-79.35679,,No Control,Clear,Dark,Dry,Non-Fatal Injury,SMV Other,Other,unknown,None,,,"Automobile, Station Wagon",,,,,,,,,,,,Yes,Yes,,,,,,,,,,166,St Lawrence-East Bayfront-The Islands,77,Waterfront Communities-The Island (77),D51,632518.146643953,4834205.12025506
382,6660705,1247513,6/22/2011 4:00:00 AM,1707,QUEEN Stre E,MC GEE Stre,,Minor Arterial,Toronto and East York,43.659845,-79.34549,At Intersection,No Control,Clear,Daylight,Dry,Non-Fatal Injury,Pedestrian Collisions,Motorcycle Driver,50 to 54,Major,,East,Motorcycle,Going Ahead,Lost control,Normal,,,,,,,Yes,,,Yes,,,,,,,,,,70,South Riverdale,70,South Riverdale (70),D55,633405.538647935,4835422.71073271
383,6660706,1247513,6/22/2011 4:00:00 AM,1707,QUEEN Stre E,MC GEE Stre,,Minor Arterial,Toronto and East York,43.659845,-79.34549,At Intersection,No Control,Clear,Daylight,Dry,Non-Fatal Injury,Pedestrian Collisions,Pedestrian,20 to 24,None,,North,Other,,,,Vehicle is going straight thru inter.while ped cross without ROW,"Crossing, no Traffic Control",Inattentive,,,,Yes,,,Yes,,,,,,,,,,70,South Riverdale,70,South Riverdale (70),D55,633405.538647935,4835422.71073271
384,7644722,1241593,7/1/2011 4:00:00 AM,2345,DON VALLEY PARKWAY  N,EASTERN AVE DIVERSION,,,Toronto and East York,43.656363,-79.352077,Non Intersection,No Control,Clear,Dark,Dry,Non-Fatal Injury,Rear End,Motorcycle Passenger,25 to 29,Major,,,,,,,,,,,,,,,Yes,Yes,,,,Yes,Yes,Yes,,,,70,South Riverdale,70,South Riverdale (70),D55,632882.094177915,4835025.41798479
385,7644723,1241593,7/1/2011 4:00:00 AM,2345,DON VALLEY PARKWAY  N,EASTERN AVE DIVERSION,,,Toronto and East York,43.656363,-79.352077,Non Intersection,No Control,Clear,Dark,Dry,Non-Fatal Injury,Rear End,Motorcycle Driver,30 to 34,Minor,,North,Motorcycle,Going Ahead,Driving Properly,Normal,,,,,,,,,Yes,Yes,,,,Yes,Yes,Yes,,,,70,South Riverdale,70,South Riverdale (70),D55,632882.094177915,4835025.41798479
386,7644724,1241593,7/1/2011 4:00:00 AM,2345,DON VALLEY PARKWAY  N,EASTERN AVE DIVERSION,,,Toronto and East York,43.656363,-79.352077,Non Intersection,No Control,Clear,Dark,Dry,Non-Fatal Injury,Rear End,Driver,15 to 19,None,,North,Pick Up Truck,Going Ahead,Speed too Fast For Condition,Normal,,,,,,,,,Yes,Yes,,,,Yes,Yes,Yes,,,,70,South Riverdale,70,South Riverdale (70),D55,632882.094177915,4835025.41798479
387,7644725,1241593,7/1/2011 4:00:00 AM,2345,DON VALLEY PARKWAY  N,EASTERN AVE DIVERSION,,,Toronto and East York,43.656363,-79.352077,Non Intersection,No Control,Clear,Dark,Dry,Non-Fatal Injury,Rear End,Driver,20 to 24,None,,North,"Automobile, Station Wagon",Going Ahead,Driving Properly,Normal,,,,,,,,,Yes,Yes,,,,Yes,Yes,Yes,,,,70,South Riverdale,70,South Riverdale (70),D55,632882.094177915,4835025.41798479
388,7644726,1241593,7/1/2011 4:00:00 AM,2345,DON VALLEY PARKWAY  N,EASTERN AVE DIVERSION,,,Toronto and East York,43.656363,-79.352077,Non Intersection,No Control,Clear,Dark,Dry,Non-Fatal Injury,Rear End,Vehicle Owner,unknown,,,,,,,,,,,,,,,,Yes,Yes,,,,Yes,Yes,Yes,,,,70,South Riverdale,70,South Riverdale (70),D55,632882.094177915,4835025.41798479
389,7644727,1241593,7/1/2011 4:00:00 AM,2345,DON VALLEY PARKWAY  N,EASTERN AVE DIVERSION,,,Toronto and East York,43.656363,-79.352077,Non Intersection,No Control,Clear,Dark,Dry,Non-Fatal Injury,Rear End,Driver,40 to 44,None,,North,"Automobile, Station Wagon",Going Ahead,Driving Properly,Normal,,,,,,,,,Yes,Yes,,,,Yes,Yes,Yes,,,,70,South Riverdale,70,South Riverdale (70),D55,632882.094177915,4835025.41798479
390,6805109,1250588,7/7/2011 4:00:00 AM,1915,BLOOR ST W,CLISSOLD RD,,Major Arterial,Etobicoke York,43.644445,-79.52449,,No Control,Clear,Daylight,Dry,Non-Fatal Injury,Rear End,Motorcycle Driver,20 to 24,Major,,West,Motorcycle,Going Ahead,Driving Properly,Normal,,,,,,,,,Yes,Yes,,,,,,,,,,159,Etobicoke City Centre,14,Islington-City Centre West (14),D22,619002.78911581,4833440.10522332
391,6805110,1250588,7/7/2011 4:00:00 AM,1915,BLOOR ST W,CLISSOLD RD,,Major Arterial,Etobicoke York,43.644445,-79.52449,,No Control,Clear,Daylight,Dry,Non-Fatal Injury,Rear End,Driver,35 to 39,None,,West,"Automobile, Station Wagon",Changing Lanes,Improper Lane Change,Normal,,,,,,,,,Yes,Yes,,,,,,,,,,159,Etobicoke City Centre,14,Islington-City Centre West (14),D22,619002.78911581,4833440.10522332
392,6667768,1250485,7/10/2011 4:00:00 AM,1805,LANSDOWNE AVE,DAVENPORT RD,,Collector,Toronto and East York,43.672745,-79.44909,,No Control,Clear,Daylight,Dry,Non-Fatal Injury,SMV Other,Vehicle Owner,unknown,,,,Other,,,,,,,,,,,,,Yes,,,,,,,,,,92,Corso Italia-Davenport,92,Corso Italia-Davenport (92),D13,625025.254006827,4836694.06493962
393,6667769,1250485,7/10/2011 4:00:00 AM,1805,LANSDOWNE AVE,DAVENPORT RD,,Collector,Toronto and East York,43.672745,-79.44909,,No Control,Clear,Daylight,Dry,Non-Fatal Injury,SMV Other,Motorcycle Driver,20 to 24,Major,,South,Motorcycle,Turning Left,Lost control,Normal,,,,,,,,,,Yes,,,,,,,,,,92,Corso Italia-Davenport,92,Corso Italia-Davenport (92),D13,625025.254006827,4836694.06493962
394,7644769,1251049,7/17/2011 4:00:00 AM,630,BREMNER Boul,VAN DE WATER Cres,,Minor Arterial,Toronto and East York,43.640345,-79.38899,At Intersection,Traffic Signal,Clear,Daylight,Dry,Non-Fatal Injury,Rear End,Motorcycle Driver,30 to 34,Major,,East,Motorcycle,Going Ahead,Driving Properly,Normal,,,,,,,,,Yes,Yes,,,,,,Yes,,,,165,Harbourfront-CityPlace,77,Waterfront Communities-The Island (77),D52,629940.077101289,4833187.9562925
395,7644770,1251049,7/17/2011 4:00:00 AM,630,BREMNER Boul,VAN DE WATER Cres,,Minor Arterial,Toronto and East York,43.640345,-79.38899,At Intersection,Traffic Signal,Clear,Daylight,Dry,Non-Fatal Injury,Rear End,Vehicle Owner,unknown,,,,Other,,,,,,,,,,,,Yes,Yes,,,,,,Yes,,,,165,Harbourfront-CityPlace,77,Waterfront Communities-The Island (77),D52,629940.077101289,4833187.9562925
396,7644771,1251049,7/17/2011 4:00:00 AM,630,BREMNER Boul,VAN DE WATER Cres,,Minor Arterial,Toronto and East York,43.640345,-79.38899,At Intersection,Traffic Signal,Clear,Daylight,Dry,Non-Fatal Injury,Rear End,Driver,35 to 39,Minimal,,East,"Automobile, Station Wagon",Slowing or Stopping,Improper Passing,Inattentive,,,,,,,,,Yes,Yes,,,,,,Yes,,,,165,Harbourfront-CityPlace,77,Waterfront Communities-The Island (77),D52,629940.077101289,4833187.9562925
397,6653437,1244462,7/17/2011 4:00:00 AM,2000,TWYN RIVERS Driv,LITTLE ROUGE RIVER,,Collector,Scarborough,43.814545,-79.15699,,No Control,Clear,Daylight,Dry,Non-Fatal Injury,Approaching,Motorcycle Driver,30 to 34,Major,,East,Motorcycle,Going Ahead,Other,Unknown,,,,,,,,,Yes,Yes,,,,,,,,,,144,Morningside Heights,131,Rouge (131),D42,648222.544627948,4852924.87716987
398,6653438,1244462,7/17/2011 4:00:00 AM,2000,TWYN RIVERS Driv,LITTLE ROUGE RIVER,,Collector,Scarborough,43.814545,-79.15699,,No Control,Clear,Daylight,Dry,Non-Fatal Injury,Approaching,Motorcycle Driver,25 to 29,Minor,,East,Motorcycle,Going Ahead,Other,Unknown,,,,,,,,,Yes,Yes,,,,,,,,,,144,Morningside Heights,131,Rouge (131),D42,648222.544627948,4852924.87716987
399,6653439,1244462,7/17/2011 4:00:00 AM,2000,TWYN RIVERS Driv,LITTLE ROUGE RIVER,,Collector,Scarborough,43.814545,-79.15699,,No Control,Clear,Daylight,Dry,Non-Fatal Injury,Approaching,Driver,35 to 39,None,,West,"Automobile, Station Wagon",Going Ahead,Driving Properly,Normal,,,,,,,,,Yes,Yes,,,,,,,,,,144,Morningside Heights,131,Rouge (131),D42,648222.544627948,4852924.87716987
400,6654190,1244765,7/19/2011 4:00:00 AM,340,GARDINER X W SHERWAY GARDENS RAMP,427 C S QEW X W RAMP,,,Etobicoke York,43.613045,-79.55109,,No Control,Clear,Dark,Dry,Non-Fatal Injury,SMV Other,Motorcycle Driver,20 to 24,Major,,West,Motorcycle,Going Ahead,Lost control,Normal,,,,,,,,,,Yes,,,,,,,,,,159,Etobicoke City Centre,14,Islington-City Centre West (14),D22,616918.291494145,4829914.95333279
401,6661465,1247862,8/7/2011 4:00:00 AM,1154,DIXON RD,GOLFWOOD HTS Heig,,Major Arterial,Etobicoke York,43.698545,-79.53989,At Intersection,Traffic Signal,Clear,Daylight,Dry,Fatal,Turning Movement,Motorcycle Driver,30 to 34,Fatal,17,West,Motorcycle,Going Ahead,Exceeding Speed Limit,Normal,,,,,,,,,Yes,Yes,,,,,Yes,Yes,,,,6,Kingsview Village-The Westway,6,Kingsview Village-The Westway (6),D23,617654.983464501,4839426.65328769
402,6661466,1247862,8/7/2011 4:00:00 AM,1154,DIXON RD,GOLFWOOD HTS Heig,,Major Arterial,Etobicoke York,43.698545,-79.53989,At Intersection,Traffic Signal,Clear,Daylight,Dry,Fatal,Turning Movement,Driver,75 to 79,Minimal,,East,"Automobile, Station Wagon",Turning Left,Driving Properly,Normal,,,,,,,,,Yes,Yes,,,,,Yes,Yes,,,,6,Kingsview Village-The Westway,6,Kingsview Village-The Westway (6),D23,617654.983464501,4839426.65328769
403,6661467,1247862,8/7/2011 4:00:00 AM,1154,DIXON RD,GOLFWOOD HTS Heig,,Major Arterial,Etobicoke York,43.698545,-79.53989,At Intersection,Traffic Signal,Clear,Daylight,Dry,Fatal,Turning Movement,Other Property Owner,unknown,,,,Other,,,,,,,,,,,,Yes,Yes,,,,,Yes,Yes,,,,6,Kingsview Village-The Westway,6,Kingsview Village-The Westway (6),D23,617654.983464501,4839426.65328769
404,6685442,1258313,8/12/2011 4:00:00 AM,1430,STEELES AVE W,MARKBROOK LANE,,Major Arterial,Etobicoke York,43.760045,-79.58609,,No Control,Clear,Daylight,Dry,Non-Fatal Injury,Rear End,Motorcycle Driver,25 to 29,Major,,West,Motorcycle,Going Ahead,Speed too Fast For Condition,Inattentive,,,,,,,,,,Yes,,Yes,,,Yes,Yes,,,,2,Mount Olive-Silverstone-Jamestown,2,Mount Olive-Silverstone-Jamestown (2),D23,613815.643177781,4846192.57304932
405,6685443,1258313,8/12/2011 4:00:00 AM,1430,STEELES AVE W,MARKBROOK LANE,,Major Arterial,Etobicoke York,43.760045,-79.58609,,No Control,Clear,Daylight,Dry,Non-Fatal Injury,Rear End,Vehicle Owner,unknown,,,,Other,,,,,,,,,,,,,Yes,,Yes,,,Yes,Yes,,,,2,Mount Olive-Silverstone-Jamestown,2,Mount Olive-Silverstone-Jamestown (2),D23,613815.643177781,4846192.57304932
406,6685444,1258313,8/12/2011 4:00:00 AM,1430,STEELES AVE W,MARKBROOK LANE,,Major Arterial,Etobicoke York,43.760045,-79.58609,,No Control,Clear,Daylight,Dry,Non-Fatal Injury,Rear End,Driver,40 to 44,None,,West,Municipal Transit Bus (TTC),Stopped,Driving Properly,Normal,,,,,,,,,,Yes,,Yes,,,Yes,Yes,,,,2,Mount Olive-Silverstone-Jamestown,2,Mount Olive-Silverstone-Jamestown (2),D23,613815.643177781,4846192.57304932
407,6915629,1248878,8/12/2011 4:00:00 AM,1808,DUFFERIN Stre,STEEPROCK Driv,,Major Arterial,North York,43.761045,-79.46519,At Intersection,Traffic Signal,Clear,Daylight,Dry,Non-Fatal Injury,Turning Movement,Vehicle Owner,unknown,,,,Other,,,,,,,,,,,,Yes,Yes,,,,,Yes,Yes,,,,34,Bathurst Manor,34,Bathurst Manor (34),D32,623545.757890068,4846476.88529014
408,6915630,1248878,8/12/2011 4:00:00 AM,1808,DUFFERIN Stre,STEEPROCK Driv,,Major Arterial,North York,43.761045,-79.46519,At Intersection,Traffic Signal,Clear,Daylight,Dry,Non-Fatal Injury,Turning Movement,Motorcycle Driver,25 to 29,Major,,South,Motorcycle,Going Ahead,Speed too Fast For Condition,Inattentive,,,,,,,,,Yes,Yes,,,,,Yes,Yes,,,,34,Bathurst Manor,34,Bathurst Manor (34),D32,623545.757890068,4846476.88529014
409,6915631,1248878,8/12/2011 4:00:00 AM,1808,DUFFERIN Stre,STEEPROCK Driv,,Major Arterial,North York,43.761045,-79.46519,At Intersection,Traffic Signal,Clear,Daylight,Dry,Non-Fatal Injury,Turning Movement,Driver,50 to 54,Minimal,,North,"Automobile, Station Wagon",Turning Left,Driving Properly,Normal,,,,,,,,,Yes,Yes,,,,,Yes,Yes,,,,34,Bathurst Manor,34,Bathurst Manor (34),D32,623545.757890068,4846476.88529014
410,6689941,1260223,8/19/2011 4:00:00 AM,1320,BATHURST ST,BARTON AVE,,Major Arterial,Toronto and East York,43.668145,-79.41239,At Intersection,Traffic Signal,Clear,Daylight,Dry,Non-Fatal Injury,Turning Movement,Passenger,15 to 19,Major,,,Other,,,,,,,,,,,,Yes,Yes,,,,Yes,,,,,,95,Annex,95,Annex (95),D14,627993.59871596,4836239.14265988
411,6689942,1260223,8/19/2011 4:00:00 AM,1320,BATHURST ST,BARTON AVE,,Major Arterial,Toronto and East York,43.668145,-79.41239,At Intersection,Traffic Signal,Clear,Daylight,Dry,Non-Fatal Injury,Turning Movement,Motorcycle Driver,35 to 39,Major,,South,Motorcycle,Going Ahead,Driving Properly,Normal,,,,,,,,,Yes,Yes,,,,Yes,,,,,,95,Annex,95,Annex (95),D14,627993.59871596,4836239.14265988
412,6689943,1260223,8/19/2011 4:00:00 AM,1320,BATHURST ST,BARTON AVE,,Major Arterial,Toronto and East York,43.668145,-79.41239,At Intersection,Traffic Signal,Clear,Daylight,Dry,Non-Fatal Injury,Turning Movement,Driver,40 to 44,None,,North,"Automobile, Station Wagon",Turning Left,Improper Turn,Normal,,,,,,,,,Yes,Yes,,,,Yes,,,,,,95,Annex,95,Annex (95),D14,627993.59871596,4836239.14265988
413,6689768,1260151,8/23/2011 4:00:00 AM,1742,WRIGHT AVE,SAM FRUSTAGLIO DR,,Local,Etobicoke York,43.699345,-79.50899,At Intersection,No Control,Clear,"Daylight, artificial",Dry,Non-Fatal Injury,SMV Other,Other Property Owner,unknown,,,,Other,,,,,,,,,,,,,Yes,,,,,Yes,Yes,,,,113,Weston,113,Weston (113),D12,620143.313074431,4839559.81501501
414,6689769,1260151,8/23/2011 4:00:00 AM,1742,WRIGHT AVE,SAM FRUSTAGLIO DR,,Local,Etobicoke York,43.699345,-79.50899,At Intersection,No Control,Clear,"Daylight, artificial",Dry,Non-Fatal Injury,SMV Other,Motorcycle Driver,20 to 24,Major,,West,Motorcycle,Going Ahead,Lost control,Inattentive,,,,,,,,,,Yes,,,,,Yes,Yes,,,,113,Weston,113,Weston (113),D12,620143.313074431,4839559.81501501
415,6689690,1260122,8/24/2011 4:00:00 AM,1630,DUNDAS ST W,PALMERSTON AVE,,Major Arterial,Toronto and East York,43.651745,-79.40849,,No Control,Clear,Daylight,Dry,Non-Fatal Injury,Sideswipe,Motorcycle Driver,30 to 34,Major,,West,Motorcycle,Going Ahead,Driving Properly,Normal,,,,,,,,,Yes,Yes,,,,,,,,,,81,Trinity-Bellwoods,81,Trinity-Bellwoods (81),D14,628342.959098799,4834423.73053194
416,6689691,1260122,8/24/2011 4:00:00 AM,1630,DUNDAS ST W,PALMERSTON AVE,,Major Arterial,Toronto and East York,43.651745,-79.40849,,No Control,Clear,Daylight,Dry,Non-Fatal Injury,Sideswipe,Vehicle Owner,unknown,,,,Other,,,,,,,,,,,,Yes,Yes,,,,,,,,,,81,Trinity-Bellwoods,81,Trinity-Bellwoods (81),D14,628342.959098799,4834423.73053194
417,6689692,1260122,8/24/2011 4:00:00 AM,1630,DUNDAS ST W,PALMERSTON AVE,,Major Arterial,Toronto and East York,43.651745,-79.40849,,No Control,Clear,Daylight,Dry,Non-Fatal Injury,Sideswipe,Driver,25 to 29,None,,West,"Automobile, Station Wagon",Turning Left,Improper Turn,Normal,,,,,,,,,Yes,Yes,,,,,,,,,,81,Trinity-Bellwoods,81,Trinity-Bellwoods (81),D14,628342.959098799,4834423.73053194
418,6675999,1254054,8/24/2011 4:00:00 AM,1840,4662 DUNDAS ST W,,,Major Arterial,Etobicoke York,43.654845,-79.52319,,No Control,Clear,Daylight,Dry,Non-Fatal Injury,Other,Motorcycle Driver,40 to 44,Major,,West,Motorcycle,Going Ahead,Driving Properly,Normal,,,,,,,,,Yes,Yes,,,,,,,,,,15,Kingsway South,15,Kingsway South (15),D22,619087.083175279,4834597.02253976
419,6676000,1254054,8/24/2011 4:00:00 AM,1840,4662 DUNDAS ST W,,,Major Arterial,Etobicoke York,43.654845,-79.52319,,No Control,Clear,Daylight,Dry,Non-Fatal Injury,Other,Driver,unknown,None,,West,"Automobile, Station Wagon",Slowing or Stopping,Other,Unknown,,,,,,,,,Yes,Yes,,,,,,,,,,15,Kingsway South,15,Kingsway South (15),D22,619087.083175279,4834597.02253976