OBJECTID,INDEX,ACCNUM,DATE,TIME,STREET1,STREET2,OFFSET,ROAD_CLASS,DISTRICT,LATITUDE,LONGITUDE,ACCLOC,TRAFFCTL,VISIBILITY,LIGHT,RDSFCOND,ACCLASS,IMPACTYPE,INVTYPE,INVAGE,INJURY,FATAL_NO,INITDIR,VEHTYPE,MANOEUVER,DRIVACT,DRIVCOND,PEDTYPE,PEDACT,PEDCOND,CYCLISTYPE,CYCACT,CYCCOND,PEDESTRIAN,CYCLIST,AUTOMOBILE,MOTORCYCLE,TRUCK,TRSN_CITY_VEH,EMERG_VEH,PASSENGER,SPEEDING,AG_DRIV,REDLIGHT,ALCOHOL,DISABILITY,HOOD_158,NEIGHBOURHOOD_158,HOOD_140,NEIGHBOURHOOD_140,DIVISION,x,y
420,6670203,1251485,8/26/2011 4:00:00 AM,1924,F G GARDINER E Expr E,SPADINA Ave,,,Toronto and East York,43.637745,-79.39799,,No Control,Clear,Daylight,Dry,Non-Fatal Injury,Rear End,Driver,40 to 44,None,,East,"Automobile, Station Wagon",Changing Lanes,Improper Lane Change,Normal,,,,,,,,,Yes,Yes,,,,,,,,,,165,Harbourfront-CityPlace,77,Waterfront Communities-The Island (77),D14,629219.725145196,4832885.14216192
421,6670204,1251485,8/26/2011 4:00:00 AM,1924,F G GARDINER E Expr E,SPADINA Ave,,,Toronto and East York,43.637745,-79.39799,,No Control,Clear,Daylight,Dry,Non-Fatal Injury,Rear End,Motorcycle Driver,45 to 49,Major,,East,Motorcycle,Going Ahead,Driving Properly,Normal,,,,,,,,,Yes,Yes,,,,,,,,,,165,Harbourfront-CityPlace,77,Waterfront Communities-The Island (77),D14,629219.725145196,4832885.14216192
422,6671413,1252026,8/28/2011 4:00:00 AM,1600,WARDEN AVE,ST CLAIR AVE E,,Major Arterial,Scarborough,43.712045,-79.28099,,Traffic Signal,Clear,Daylight,Dry,Non-Fatal Injury,SMV Other,Motorcycle Driver,25 to 29,Major,,North,Motorcycle,Going Ahead,Driving Properly,Normal,,,,,,,,,,Yes,,,,,,,,,,120,Clairlea-Birchmount,120,Clairlea-Birchmount (120),D41,638486.15196015,4841325.98586588
423,6671034,1251858,8/29/2011 4:00:00 AM,1935,DON VALLEY PARKWAY  S,QUEEN St E,,Local,Toronto and East York,43.657445,-79.35329,,No Control,Clear,Daylight,Dry,Non-Fatal Injury,Rear End,Motorcycle Driver,25 to 29,Major,,South,Motorcycle,Going Ahead,Following too Close,Normal,,,,,,,,,Yes,Yes,,,,,,Yes,,,,70,South Riverdale,70,South Riverdale (70),D55,632781.896575598,4835143.64658329
424,6671035,1251858,8/29/2011 4:00:00 AM,1935,DON VALLEY PARKWAY  S,QUEEN St E,,Local,Toronto and East York,43.657445,-79.35329,,No Control,Clear,Daylight,Dry,Non-Fatal Injury,Rear End,Driver,45 to 49,None,,South,"Automobile, Station Wagon",Going Ahead,Driving Properly,Normal,,,,,,,,,Yes,Yes,,,,,,Yes,,,,70,South Riverdale,70,South Riverdale (70),D55,632781.896575598,4835143.64658329
425,6697866,1263671,9/10/2011 4:00:00 AM,1834,BOTANY HILL RD,PLOVER RD,,Local,Scarborough,43.775345,-79.20589,,No Control,Clear,Daylight,Dry,Non-Fatal Injury,Approaching,Motorcycle Driver,40 to 44,Minor,,East,Motorcycle,Going Ahead,Lost control,Normal,,,,,,,,,Yes,Yes,,,,,,,,,,135,Morningside,135,Morningside (135),D43,644384.13769361,4848484.63443666
426,6697867,1263671,9/10/2011 4:00:00 AM,1834,BOTANY HILL RD,PLOVER RD,,Local,Scarborough,43.775345,-79.20589,,No Control,Clear,Daylight,Dry,Non-Fatal Injury,Approaching,Driver,55 to 59,Major,,West,"Automobile, Station Wagon",Going Ahead,Driving Properly,Normal,,,,,,,,,Yes,Yes,,,,,,,,,,135,Morningside,135,Morningside (135),D43,644384.13769361,4848484.63443666
427,6699085,1264189,9/13/2011 4:00:00 AM,2122,BATHURST St,HERRICK St,,Major Arterial,Toronto and East York,43.662645,-79.41019,,No Control,Clear,Dark,Dry,Non-Fatal Injury,Turning Movement,Passenger,35 to 39,Major,,,Other,,,,,,,,,,,,Yes,Yes,,,,Yes,,Yes,,,,79,University,79,University (79),D14,628182.670837368,4835631.6911423
428,6699086,1264189,9/13/2011 4:00:00 AM,2122,BATHURST St,HERRICK St,,Major Arterial,Toronto and East York,43.662645,-79.41019,,No Control,Clear,Dark,Dry,Non-Fatal Injury,Turning Movement,Motorcycle Driver,30 to 34,Major,,North,Motorcycle,Going Ahead,Driving Properly,Normal,,,,,,,,,Yes,Yes,,,,Yes,,Yes,,,,79,University,79,University (79),D14,628182.670837368,4835631.6911423
429,6699087,1264189,9/13/2011 4:00:00 AM,2122,BATHURST St,HERRICK St,,Major Arterial,Toronto and East York,43.662645,-79.41019,,No Control,Clear,Dark,Dry,Non-Fatal Injury,Turning Movement,Driver,45 to 49,None,,North,"Automobile, Station Wagon",Making U Turn,Failed to Yield Right of Way,Normal,,,,,,,,,Yes,Yes,,,,Yes,,Yes,,,,79,University,79,University (79),D14,628182.670837368,4835631.6911423
430,6702155,1265542,9/18/2011 4:00:00 AM,120,DAVENPORT RD,HURON ST,,Minor Arterial,Toronto and East York,43.678045,-79.40569,At Intersection,Stop Sign,Clear,Dark,Dry,Non-Fatal Injury,SMV Other,Motorcycle Driver,30 to 34,Major,,West,Motorcycle,Going Ahead,Speed too Fast For Condition,Had Been Drinking,,,,,,,,,,Yes,,,,,Yes,Yes,,,,96,Casa Loma,96,Casa Loma (96),D53,628512.627247422,4837349.03005249
431,6710775,1269208,10/8/2011 4:00:00 AM,1310,ST GEORGES Blvd,YORK Rd,,Local,Etobicoke York,43.702245,-79.55379,At Intersection,Stop Sign,Clear,Daylight,Dry,Non-Fatal Injury,SMV Other,Passenger,25 to 29,Minor,,,Other,,,,,,,,,,,,,Yes,,,,Yes,,,,,,6,Kingsview Village-The Westway,6,Kingsview Village-The Westway (6),D23,616527.751841943,4839817.95864005
432,6710776,1269208,10/8/2011 4:00:00 AM,1310,ST GEORGES Blvd,YORK Rd,,Local,Etobicoke York,43.702245,-79.55379,At Intersection,Stop Sign,Clear,Daylight,Dry,Non-Fatal Injury,SMV Other,Motorcycle Driver,30 to 34,Major,,West,Motorcycle,Going Ahead,Lost control,Other,,,,,,,,,,Yes,,,,Yes,,,,,,6,Kingsview Village-The Westway,6,Kingsview Village-The Westway (6),D23,616527.751841943,4839817.95864005
433,6712512,1269892,10/31/2011 4:00:00 AM,1154,LAKE SHORE BLVD W,NINTH ST,,Major Arterial,Etobicoke York,43.600245,-79.50759,At Intersection,Stop Sign,Clear,Daylight,Dry,Non-Fatal Injury,Turning Movement,Vehicle Owner,unknown,,,,Other,,,,,,,,,,,,Yes,Yes,,,,,,Yes,,,,18,New Toronto,18,New Toronto (18),D22,620454.053759488,4828555.52281501
434,6712513,1269892,10/31/2011 4:00:00 AM,1154,LAKE SHORE BLVD W,NINTH ST,,Major Arterial,Etobicoke York,43.600245,-79.50759,At Intersection,Stop Sign,Clear,Daylight,Dry,Non-Fatal Injury,Turning Movement,Motorcycle Driver,55 to 59,Major,,East,Motorcycle,Going Ahead,Driving Properly,Normal,,,,,,,,,Yes,Yes,,,,,,Yes,,,,18,New Toronto,18,New Toronto (18),D22,620454.053759488,4828555.52281501
435,6712514,1269892,10/31/2011 4:00:00 AM,1154,LAKE SHORE BLVD W,NINTH ST,,Major Arterial,Etobicoke York,43.600245,-79.50759,At Intersection,Stop Sign,Clear,Daylight,Dry,Non-Fatal Injury,Turning Movement,Driver,75 to 79,Minor,,North,"Automobile, Station Wagon",Turning Left,Failed to Yield Right of Way,Normal,,,,,,,,,Yes,Yes,,,,,,Yes,,,,18,New Toronto,18,New Toronto (18),D22,620454.053759488,4828555.52281501
436,7644909,1272947,11/2/2011 4:00:00 AM,625,OAKWOOD AVE,HOLLAND PARK AVE,,Minor Arterial,Toronto and East York,43.686345,-79.438389,At Intersection,Stop Sign,Clear,Dark,Dry,Non-Fatal Injury,Turning Movement,Motorcycle Driver,65 to 69,Major,,North,Motorcycle,Going Ahead,Driving Properly,Normal,,,,,,,,,Yes,Yes,,,,,,Yes,,,,107,Oakwood Village,107,Oakwood Village (107),D13,625859.47517873,4838220.71276077
437,7644910,1272947,11/2/2011 4:00:00 AM,625,OAKWOOD AVE,HOLLAND PARK AVE,,Minor Arterial,Toronto and East York,43.686345,-79.438389,At Intersection,Stop Sign,Clear,Dark,Dry,Non-Fatal Injury,Turning Movement,Driver,35 to 39,None,,West,"Automobile, Station Wagon",Turning Left,Failed to Yield Right of Way,Normal,,,,,,,,,Yes,Yes,,,,,,Yes,,,,107,Oakwood Village,107,Oakwood Village (107),D13,625859.47517873,4838220.71276077
438,6719329,1273001,11/2/2011 4:00:00 AM,1610,COLLEGE ST,HAVELOCK ST,,Major Arterial,Toronto and East York,43.652945,-79.42939,At Intersection,Stop Sign,Clear,Daylight,Dry,Non-Fatal Injury,Turning Movement,Motorcycle Driver,65 to 69,Major,,West,Motorcycle,Going Ahead,Driving Properly,Normal,,,,,,,,,Yes,Yes,,,,,,Yes,,,,84,Little Portugal,84,Little Portugal (84),D14,626654.996706604,4834524.89394227
439,6719330,1273001,11/2/2011 4:00:00 AM,1610,COLLEGE ST,HAVELOCK ST,,Major Arterial,Toronto and East York,43.652945,-79.42939,At Intersection,Stop Sign,Clear,Daylight,Dry,Non-Fatal Injury,Turning Movement,Vehicle Owner,unknown,,,,Other,,,,,,,,,,,,Yes,Yes,,,,,,Yes,,,,84,Little Portugal,84,Little Portugal (84),D14,626654.996706604,4834524.89394227
440,6719331,1273001,11/2/2011 4:00:00 AM,1610,COLLEGE ST,HAVELOCK ST,,Major Arterial,Toronto and East York,43.652945,-79.42939,At Intersection,Stop Sign,Clear,Daylight,Dry,Non-Fatal Injury,Turning Movement,Driver,15 to 19,None,,South,"Automobile, Station Wagon",Turning Right,Failed to Yield Right of Way,Normal,,,,,,,,,Yes,Yes,,,,,,Yes,,,,84,Little Portugal,84,Little Portugal (84),D14,626654.996706604,4834524.89394227
441,6723285,1276407,11/26/2011 5:00:00 AM,1955,2001 FINCH AVE W,,,Major Arterial,Etobicoke York,43.756945,-79.51939,,No Control,Clear,"Dark, artificial",Dry,Non-Fatal Injury,Turning Movement,Motorcycle Driver,35 to 39,Major,,East,Motorcycle,Going Ahead,Driving Properly,Normal,,,,,,,,,Yes,Yes,,,,,,Yes,,,,25,Glenfield-Jane Heights,25,Glenfield-Jane Heights (25),D31,619190.992291145,4845942.09450083
442,6723286,1276407,11/26/2011 5:00:00 AM,1955,2001 FINCH AVE W,,,Major Arterial,Etobicoke York,43.756945,-79.51939,,No Control,Clear,"Dark, artificial",Dry,Non-Fatal Injury,Turning Movement,Driver,35 to 39,None,,West,"Automobile, Station Wagon",Turning Left,Failed to Yield Right of Way,Inattentive,,,,,,,,,Yes,Yes,,,,,,Yes,,,,25,Glenfield-Jane Heights,25,Glenfield-Jane Heights (25),D31,619190.992291145,4845942.09450083
443,6807712,1278799,12/10/2011 5:00:00 AM,1724,FRONT St E,SCOTT St,,Minor Arterial,Toronto and East York,43.647445,-79.37579,,No Control,Clear,"Dark, artificial",Dry,Non-Fatal Injury,SMV Other,Motorcycle Driver,35 to 39,Major,,East,Motorcycle,Pulling Away from Shoulder or Curb,Lost control,Normal,,,,,,,,,,Yes,,,,,,,,,,166,St Lawrence-East Bayfront-The Islands,75,Church-Yonge Corridor (75),D51,630989.335860599,4833997.25381848
444,7375691,1274213,1/10/2012 5:00:00 AM,1147,AVENUE RD,FAIRLAWN AVE,,Major Arterial,North York,43.728445,-79.41809,,No Control,Clear,Daylight,Dry,Non-Fatal Injury,Pedestrian Collisions,Motorcycle Driver,30 to 34,None,,South,Motorcycle,Going Ahead,Driving Properly,Normal,,,,,,,Yes,,,Yes,,,,,,,,,,39,Bedford Park-Nortown,39,Bedford Park-Nortown (39),D32,627406.282151884,4842927.51620572
445,7375692,1274213,1/10/2012 5:00:00 AM,1147,AVENUE RD,FAIRLAWN AVE,,Major Arterial,North York,43.728445,-79.41809,,No Control,Clear,Daylight,Dry,Non-Fatal Injury,Pedestrian Collisions,Pedestrian,65 to 69,Major,,East,Other,,,,Pedestrian hit at mid-block,"Crossing, no Traffic Control",Inattentive,,,,Yes,,,Yes,,,,,,,,,,39,Bedford Park-Nortown,39,Bedford Park-Nortown (39),D32,627406.282151884,4842927.51620572
446,7408709,1291534,3/2/2012 5:00:00 AM,1812,PARLIAMENT ST,SPRUCE ST,,Minor Arterial,Toronto and East York,43.663245,-79.36759,,No Control,Clear,Daylight,Dry,Non-Fatal Injury,Pedestrian Collisions,Motorcycle Driver,45 to 49,Major,,South,Motorcycle,Going Ahead,Lost control,Inattentive,,,,,,,Yes,,,Yes,,,,,,Yes,,,,73,Moss Park,73,Moss Park (73),D51,631616.13445888,4835765.02874119
447,7408710,1291534,3/2/2012 5:00:00 AM,1812,PARLIAMENT ST,SPRUCE ST,,Minor Arterial,Toronto and East York,43.663245,-79.36759,,No Control,Clear,Daylight,Dry,Non-Fatal Injury,Pedestrian Collisions,Other,unknown,None,,South,Other,Parked,,,,,,,,,Yes,,,Yes,,,,,,Yes,,,,73,Moss Park,73,Moss Park (73),D51,631616.13445888,4835765.02874119
448,7408711,1291534,3/2/2012 5:00:00 AM,1812,PARLIAMENT ST,SPRUCE ST,,Minor Arterial,Toronto and East York,43.663245,-79.36759,,No Control,Clear,Daylight,Dry,Non-Fatal Injury,Pedestrian Collisions,Pedestrian,30 to 34,Minimal,,East,Other,,,,Pedestrian hit at mid-block,Walking on Roadway with Traffic,Normal,,,,Yes,,,Yes,,,,,,Yes,,,,73,Moss Park,73,Moss Park (73),D51,631616.13445888,4835765.02874119
449,7393164,1284881,3/18/2012 4:00:00 AM,1604,RATHBURN Road,WEST DEANE PARK Driv,,Minor Arterial,Etobicoke York,43.656545,-79.55759,At Intersection,No Control,Clear,Daylight,Dry,Non-Fatal Injury,Turning Movement,Motorcycle Driver,25 to 29,Major,,West,Motorcycle,Going Ahead,Exceeding Speed Limit,Normal,,,,,,,,,Yes,Yes,,,,,Yes,Yes,,,,11,Eringate-Centennial-West Deane,11,Eringate-Centennial-West Deane (11),D22,616309.830458567,4834737.03645843
450,7393165,1284881,3/18/2012 4:00:00 AM,1604,RATHBURN Road,WEST DEANE PARK Driv,,Minor Arterial,Etobicoke York,43.656545,-79.55759,At Intersection,No Control,Clear,Daylight,Dry,Non-Fatal Injury,Turning Movement,Driver,75 to 79,None,,West,"Automobile, Station Wagon",Turning Right,Driving Properly,Normal,,,,,,,,,Yes,Yes,,,,,Yes,Yes,,,,11,Eringate-Centennial-West Deane,11,Eringate-Centennial-West Deane (11),D22,616309.830458567,4834737.03645843
451,7412467,1293088,3/18/2012 4:00:00 AM,1810,BLOOR Stre W,LAUREL Aven,,Major Arterial,Etobicoke York,43.638145,-79.55149,At Intersection,No Control,Clear,Daylight,Dry,Non-Fatal Injury,Rear End,Vehicle Owner,unknown,,,,Other,,,,,,,,,,,,Yes,Yes,,,,,Yes,Yes,,,,158,Islington,14,Islington-City Centre West (14),D22,616837.379128778,4832702.05234717
452,7412468,1293088,3/18/2012 4:00:00 AM,1810,BLOOR Stre W,LAUREL Aven,,Major Arterial,Etobicoke York,43.638145,-79.55149,At Intersection,No Control,Clear,Daylight,Dry,Non-Fatal Injury,Rear End,Motorcycle Driver,25 to 29,Major,,East,Motorcycle,Going Ahead,Speed too Fast For Condition,Normal,,,,,,,,,Yes,Yes,,,,,Yes,Yes,,,,158,Islington,14,Islington-City Centre West (14),D22,616837.379128778,4832702.05234717
453,7412469,1293088,3/18/2012 4:00:00 AM,1810,BLOOR Stre W,LAUREL Aven,,Major Arterial,Etobicoke York,43.638145,-79.55149,At Intersection,No Control,Clear,Daylight,Dry,Non-Fatal Injury,Rear End,Driver,55 to 59,None,,East,"Automobile, Station Wagon",Stopped,Driving Properly,Normal,,,,,,,,,Yes,Yes,,,,,Yes,Yes,,,,158,Islington,14,Islington-City Centre West (14),D22,616837.379128778,4832702.05234717
454,7417729,1295424,3/31/2012 4:00:00 AM,1700,97 PROGRESS Ave,,,Minor Arterial,Scarborough,43.771945,-79.27569,,No Control,Clear,Daylight,Dry,Non-Fatal Injury,Rear End,Motorcycle Driver,25 to 29,Major,,East,Motorcycle,Slowing or Stopping,Lost control,Normal,,,,,,,,,Yes,Yes,,,,,,,,,,126,Dorset Park,126,Dorset Park (126),D41,638774.660333685,4847987.65008319
455,7417730,1295424,3/31/2012 4:00:00 AM,1700,97 PROGRESS Ave,,,Minor Arterial,Scarborough,43.771945,-79.27569,,No Control,Clear,Daylight,Dry,Non-Fatal Injury,Rear End,Driver,30 to 34,None,,East,"Automobile, Station Wagon",Stopped,Driving Properly,Normal,,,,,,,,,Yes,Yes,,,,,,,,,,126,Dorset Park,126,Dorset Park (126),D41,638774.660333685,4847987.65008319
456,7419158,1296063,4/2/2012 4:00:00 AM,1520,COMSTOCK Rd,WARDEN Ave,,Major Arterial,Scarborough,43.721545,-79.28499,At Intersection,Traffic Signal,Clear,Daylight,Dry,Non-Fatal Injury,Turning Movement,Vehicle Owner,unknown,,,,Other,,,,,,,,,,,,Yes,Yes,,,,,,Yes,,,,120,Clairlea-Birchmount,120,Clairlea-Birchmount (120),D41,638142.069038585,4842374.42385013
457,7419159,1296063,4/2/2012 4:00:00 AM,1520,COMSTOCK Rd,WARDEN Ave,,Major Arterial,Scarborough,43.721545,-79.28499,At Intersection,Traffic Signal,Clear,Daylight,Dry,Non-Fatal Injury,Turning Movement,Driver,45 to 49,None,,West,"Automobile, Station Wagon",Turning Left,Failed to Yield Right of Way,Normal,,,,,,,,,Yes,Yes,,,,,,Yes,,,,120,Clairlea-Birchmount,120,Clairlea-Birchmount (120),D41,638142.069038585,4842374.42385013
458,7419160,1296063,4/2/2012 4:00:00 AM,1520,COMSTOCK Rd,WARDEN Ave,,Major Arterial,Scarborough,43.721545,-79.28499,At Intersection,Traffic Signal,Clear,Daylight,Dry,Non-Fatal Injury,Turning Movement,Vehicle Owner,unknown,,,,Other,,,,,,,,,,,,Yes,Yes,,,,,,Yes,,,,120,Clairlea-Birchmount,120,Clairlea-Birchmount (120),D41,638142.069038585,4842374.42385013
459,7419161,1296063,4/2/2012 4:00:00 AM,1520,COMSTOCK Rd,WARDEN Ave,,Major Arterial,Scarborough,43.721545,-79.28499,At Intersection,Traffic Signal,Clear,Daylight,Dry,Non-Fatal Injury,Turning Movement,Motorcycle Driver,25 to 29,Major,,East,Motorcycle,Going Ahead,Driving Properly,Normal,,,,,,,,,Yes,Yes,,,,,,Yes,,,,120,Clairlea-Birchmount,120,Clairlea-Birchmount (120),D41,638142.069038585,4842374.42385013
460,7422373,1297456,4/7/2012 4:00:00 AM,2043,KINGSTON RD,VALHALLA BLVD,,Major Arterial,Scarborough,43.689433,-79.268268,At Intersection,No Control,Clear,"Dusk, artificial",Dry,Non-Fatal Injury,Turning Movement,Motorcycle Driver,30 to 34,Major,,East,Motorcycle,Going Ahead,Driving Properly,Normal,,,,,,,,,Yes,Yes,,,,,,Yes,,Yes,,122,Birchcliffe-Cliffside,122,Birchcliffe-Cliffside (122),D41,639563.526814976,4838835.93381156
461,7422374,1297456,4/7/2012 4:00:00 AM,2043,KINGSTON RD,VALHALLA BLVD,,Major Arterial,Scarborough,43.689433,-79.268268,At Intersection,No Control,Clear,"Dusk, artificial",Dry,Non-Fatal Injury,Turning Movement,Driver,50 to 54,None,,West,"Automobile, Station Wagon",Turning Left,Failed to Yield Right of Way,"Ability Impaired, Alcohol",,,,,,,,,Yes,Yes,,,,,,Yes,,Yes,,122,Birchcliffe-Cliffside,122,Birchcliffe-Cliffside (122),D41,639563.526814976,4838835.93381156
462,7402951,1289088,4/15/2012 4:00:00 AM,1752,SHEPPARD AVE E,PHARMACY AVE,,Major Arterial,Scarborough,43.776645,-79.31719,,No Control,Clear,Daylight,Dry,Non-Fatal Injury,Rear End,Vehicle Owner,unknown,,,,Other,,,,,,,,,,,,Yes,Yes,,,,,,Yes,,,,118,Tam O'Shanter-Sullivan,118,Tam O'Shanter-Sullivan (118),D42,635424.041879734,4848440.93769455
463,7402952,1289088,4/15/2012 4:00:00 AM,1752,SHEPPARD AVE E,PHARMACY AVE,,Major Arterial,Scarborough,43.776645,-79.31719,,No Control,Clear,Daylight,Dry,Non-Fatal Injury,Rear End,Motorcycle Driver,15 to 19,Major,,East,Motorcycle,Changing Lanes,Improper Passing,Inattentive,,,,,,,,,Yes,Yes,,,,,,Yes,,,,118,Tam O'Shanter-Sullivan,118,Tam O'Shanter-Sullivan (118),D42,635424.041879734,4848440.93769455
464,7402953,1289088,4/15/2012 4:00:00 AM,1752,SHEPPARD AVE E,PHARMACY AVE,,Major Arterial,Scarborough,43.776645,-79.31719,,No Control,Clear,Daylight,Dry,Non-Fatal Injury,Rear End,Driver,35 to 39,None,,East,"Automobile, Station Wagon",Going Ahead,Driving Properly,Normal,,,,,,,,,Yes,Yes,,,,,,Yes,,,,118,Tam O'Shanter-Sullivan,118,Tam O'Shanter-Sullivan (118),D42,635424.041879734,4848440.93769455
465,7405106,1289975,4/19/2012 4:00:00 AM,1434,NEILSON RD,SHEPPARD AVE E,,Major Arterial,Scarborough,43.798145,-79.21769,At Intersection,Traffic Signal,Clear,Daylight,Dry,Non-Fatal Injury,Turning Movement,Motorcycle Driver,25 to 29,Major,,South,Motorcycle,Going Ahead,Driving Properly,Normal,,,,,,,,,Yes,Yes,,,,,,Yes,,,,145,Malvern West,132,Malvern (132),D42,643379.973906403,4850996.42728127
466,7405107,1289975,4/19/2012 4:00:00 AM,1434,NEILSON RD,SHEPPARD AVE E,,Major Arterial,Scarborough,43.798145,-79.21769,At Intersection,Traffic Signal,Clear,Daylight,Dry,Non-Fatal Injury,Turning Movement,Vehicle Owner,unknown,,,,Other,,,,,,,,,,,,Yes,Yes,,,,,,Yes,,,,145,Malvern West,132,Malvern (132),D42,643379.973906403,4850996.42728127
467,7405108,1289975,4/19/2012 4:00:00 AM,1434,NEILSON RD,SHEPPARD AVE E,,Major Arterial,Scarborough,43.798145,-79.21769,At Intersection,Traffic Signal,Clear,Daylight,Dry,Non-Fatal Injury,Turning Movement,Driver,30 to 34,None,,North,"Automobile, Station Wagon",Turning Left,Failed to Yield Right of Way,Inattentive,,,,,,,,,Yes,Yes,,,,,,Yes,,,,145,Malvern West,132,Malvern (132),D42,643379.973906403,4850996.42728127
468,7514335,1290105,4/20/2012 4:00:00 AM,1447,DON VALLEY PARKWAY  N,GERRARD ST E,,,Toronto and East York,43.665145,-79.35589,,No Control,Clear,Daylight,Dry,Fatal,SMV Other,Motorcycle Driver,35 to 39,Fatal,11,North,Motorcycle,Going Ahead,Exceeding Speed Limit,Unknown,,,,,,,,,,Yes,,,,,Yes,Yes,,,,68,North Riverdale,68,North Riverdale (68),D55,632555.297416318,4835994.67706164
469,7411365,1292618,5/5/2012 4:00:00 AM,332,KENNEDY RD,WILLIAM KITCHEN RD,,Major Arterial,Scarborough,43.773045,-79.28379,At Intersection,Traffic Signal,Clear,"Dark, artificial",Dry,Non-Fatal Injury,Angle,Motorcycle Driver,35 to 39,Major,,East,Motorcycle,Going Ahead,Disobeyed Traffic Control,Normal,,,,,,,,,Yes,Yes,,,,,,Yes,Yes,Yes,,126,Dorset Park,126,Dorset Park (126),D41,638120.22240243,4848096.27775527
470,7411366,1292618,5/5/2012 4:00:00 AM,332,KENNEDY RD,WILLIAM KITCHEN RD,,Major Arterial,Scarborough,43.773045,-79.28379,At Intersection,Traffic Signal,Clear,"Dark, artificial",Dry,Non-Fatal Injury,Angle,Driver,55 to 59,None,,North,"Automobile, Station Wagon",Going Ahead,Driving Properly,"Ability Impaired, Alcohol Over .08",,,,,,,,,Yes,Yes,,,,,,Yes,Yes,Yes,,126,Dorset Park,126,Dorset Park (126),D41,638120.22240243,4848096.27775527
471,7433441,1302144,5/9/2012 4:00:00 AM,8,KING ST W,BRANT ST,,Major Arterial,Toronto and East York,43.645045,-79.39689,,No Control,Clear,"Dark, artificial",Dry,Non-Fatal Injury,Sideswipe,Motorcycle Driver,25 to 29,Major,,East,Motorcycle,Going Ahead,Driving Properly,Normal,,,,,,,,,Yes,Yes,,,,,,,,,,164,Wellington Place,77,Waterfront Communities-The Island (77),D14,629292.793422535,4833697.61450356
472,7433442,1302144,5/9/2012 4:00:00 AM,8,KING ST W,BRANT ST,,Major Arterial,Toronto and East York,43.645045,-79.39689,,No Control,Clear,"Dark, artificial",Dry,Non-Fatal Injury,Sideswipe,Vehicle Owner,unknown,,,,Other,,,,,,,,,,,,Yes,Yes,,,,,,,,,,164,Wellington Place,77,Waterfront Communities-The Island (77),D14,629292.793422535,4833697.61450356
473,7433443,1302144,5/9/2012 4:00:00 AM,8,KING ST W,BRANT ST,,Major Arterial,Toronto and East York,43.645045,-79.39689,,No Control,Clear,"Dark, artificial",Dry,Non-Fatal Injury,Sideswipe,Driver,40 to 44,None,,East,"Automobile, Station Wagon",Changing Lanes,Improper Lane Change,Inattentive,,,,,,,,,Yes,Yes,,,,,,,,,,164,Wellington Place,77,Waterfront Communities-The Island (77),D14,629292.793422535,4833697.61450356
474,7433444,1302144,5/9/2012 4:00:00 AM,8,KING ST W,BRANT ST,,Major Arterial,Toronto and East York,43.645045,-79.39689,,No Control,Clear,"Dark, artificial",Dry,Non-Fatal Injury,Sideswipe,Vehicle Owner,unknown,,,,Other,,,,,,,,,,,,Yes,Yes,,,,,,,,,,164,Wellington Place,77,Waterfront Communities-The Island (77),D14,629292.793422535,4833697.61450356
475,7433445,1302144,5/9/2012 4:00:00 AM,8,KING ST W,BRANT ST,,Major Arterial,Toronto and East York,43.645045,-79.39689,,No Control,Clear,"Dark, artificial",Dry,Non-Fatal Injury,Sideswipe,Driver,25 to 29,None,,East,"Automobile, Station Wagon",Stopped,Driving Properly,Normal,,,,,,,,,Yes,Yes,,,,,,,,,,164,Wellington Place,77,Waterfront Communities-The Island (77),D14,629292.793422535,4833697.61450356
476,7435503,1303045,5/14/2012 4:00:00 AM,1936,WARDEN AVE,HUNTINGWOOD DR,,Major Arterial,Scarborough,43.785445,-79.31089,At Intersection,Traffic Signal,Clear,Dusk,Dry,Non-Fatal Injury,Turning Movement,Vehicle Owner,unknown,,,,Other,,,,,,,,,,,,Yes,Yes,,,,,Yes,Yes,,,,118,Tam O'Shanter-Sullivan,118,Tam O'Shanter-Sullivan (118),D42,635911.097341967,4849428.6397489
477,7435504,1303045,5/14/2012 4:00:00 AM,1936,WARDEN AVE,HUNTINGWOOD DR,,Major Arterial,Scarborough,43.785445,-79.31089,At Intersection,Traffic Signal,Clear,Dusk,Dry,Non-Fatal Injury,Turning Movement,Motorcycle Driver,20 to 24,Major,,South,Motorcycle,Going Ahead,Exceeding Speed Limit,Normal,,,,,,,,,Yes,Yes,,,,,Yes,Yes,,,,118,Tam O'Shanter-Sullivan,118,Tam O'Shanter-Sullivan (118),D42,635911.097341967,4849428.6397489
478,7435505,1303045,5/14/2012 4:00:00 AM,1936,WARDEN AVE,HUNTINGWOOD DR,,Major Arterial,Scarborough,43.785445,-79.31089,At Intersection,Traffic Signal,Clear,Dusk,Dry,Non-Fatal Injury,Turning Movement,Driver,25 to 29,None,,North,"Automobile, Station Wagon",Turning Left,Driving Properly,Normal,,,,,,,,,Yes,Yes,,,,,Yes,Yes,,,,118,Tam O'Shanter-Sullivan,118,Tam O'Shanter-Sullivan (118),D42,635911.097341967,4849428.6397489