OBJECTID,INDEX,ACCNUM,DATE,TIME,STREET1,STREET2,OFFSET,ROAD_CLASS,DISTRICT,LATITUDE,LONGITUDE,ACCLOC,TRAFFCTL,VISIBILITY,LIGHT,RDSFCOND,ACCLASS,IMPACTYPE,INVTYPE,INVAGE,INJURY,FATAL_NO,INITDIR,VEHTYPE,MANOEUVER,DRIVACT,DRIVCOND,PEDTYPE,PEDACT,PEDCOND,CYCLISTYPE,CYCACT,CYCCOND,PEDESTRIAN,CYCLIST,AUTOMOBILE,MOTORCYCLE,TRUCK,TRSN_CITY_VEH,EMERG_VEH,PASSENGER,SPEEDING,AG_DRIV,REDLIGHT,ALCOHOL,DISABILITY,HOOD_158,NEIGHBOURHOOD_158,HOOD_140,NEIGHBOURHOOD_140,DIVISION,x,y
479,7438358,1304249,5/26/2012 4:00:00 AM,1044,BATHURST St,BRIAR HILL Ave,,Major Arterial,North York,43.707945,-79.42709,At Intersection,Traffic Signal,Clear,Daylight,Dry,Non-Fatal Injury,Rear End,Motorcycle Driver,20 to 24,Major,,South,Motorcycle,Going Ahead,Lost control,Normal,,,,,,,,,Yes,Yes,,,,,,,,,,102,Forest Hill North,102,Forest Hill North (102),D13,626724.628002661,4840636.90166997
480,7438359,1304249,5/26/2012 4:00:00 AM,1044,BATHURST St,BRIAR HILL Ave,,Major Arterial,North York,43.707945,-79.42709,At Intersection,Traffic Signal,Clear,Daylight,Dry,Non-Fatal Injury,Rear End,Driver,50 to 54,None,,South,"Automobile, Station Wagon",Stopped,Driving Properly,Normal,,,,,,,,,Yes,Yes,,,,,,,,,,102,Forest Hill North,102,Forest Hill North (102),D13,626724.628002661,4840636.90166997
481,7440701,1305179,6/3/2012 4:00:00 AM,1915,KINGSTON RD,MEADOWVALE RD,,Minor Arterial,Scarborough,43.788745,-79.16219,At Intersection,No Control,Clear,Daylight,Dry,Non-Fatal Injury,Turning Movement,Motorcycle Driver,40 to 44,Major,,West,Motorcycle,Going Ahead,Driving Properly,Normal,,,,,,,,,Yes,Yes,,,,,,,,,Yes,134,Highland Creek,134,Highland Creek (134),D43,647867.974878705,4850050.06087074
482,7440702,1305179,6/3/2012 4:00:00 AM,1915,KINGSTON RD,MEADOWVALE RD,,Minor Arterial,Scarborough,43.788745,-79.16219,At Intersection,No Control,Clear,Daylight,Dry,Non-Fatal Injury,Turning Movement,Driver,40 to 44,None,,East,"Automobile, Station Wagon",Turning Left,Improper Turn,Medical or Physical Disability,,,,,,,,,Yes,Yes,,,,,,,,,Yes,134,Highland Creek,134,Highland Creek (134),D43,647867.974878705,4850050.06087074
483,7527467,1298038,6/8/2012 4:00:00 AM,1520,LAWRENCE AVE E,KARL FRASER  RD,,Major Arterial,North York,43.736845,-79.34499,,No Control,Clear,Daylight,Dry,Fatal,Turning Movement,Driver,35 to 39,None,,West,"Automobile, Station Wagon",Turning Left,Failed to Yield Right of Way,Normal,,,,,,,,,Yes,Yes,,,,,,Yes,,,,42,Banbury-Don Mills,42,Banbury-Don Mills (42),D33,633275.14669336,4843975.44835158
484,7527468,1298038,6/8/2012 4:00:00 AM,1520,LAWRENCE AVE E,KARL FRASER  RD,,Major Arterial,North York,43.736845,-79.34499,,No Control,Clear,Daylight,Dry,Fatal,Turning Movement,Motorcycle Driver,40 to 44,Fatal,17,East,Motorcycle,Going Ahead,Driving Properly,Normal,,,,,,,,,Yes,Yes,,,,,,Yes,,,,42,Banbury-Don Mills,42,Banbury-Don Mills (42),D33,633275.14669336,4843975.44835158
485,7423797,1298041,6/8/2012 4:00:00 AM,2301,ST CLAIR AVE W,EARLSCOURT AVE,,Major Arterial,Toronto and East York,43.677145,-79.44679,At Intersection,No Control,Clear,Dark,Dry,Non-Fatal Injury,SMV Unattended Vehicle,Driver,45 to 49,None,,East,"Automobile, Station Wagon",Changing Lanes,Improper Lane Change,Normal,,,,,,,,,Yes,Yes,,,,,Yes,Yes,,,,92,Corso Italia-Davenport,92,Corso Italia-Davenport (92),D13,625201.51776502,4837186.2130047
486,7423798,1298041,6/8/2012 4:00:00 AM,2301,ST CLAIR AVE W,EARLSCOURT AVE,,Major Arterial,Toronto and East York,43.677145,-79.44679,At Intersection,No Control,Clear,Dark,Dry,Non-Fatal Injury,SMV Unattended Vehicle,Other,unknown,None,,East,Other,Parked,,,,,,,,,,,Yes,Yes,,,,,Yes,Yes,,,,92,Corso Italia-Davenport,92,Corso Italia-Davenport (92),D13,625201.51776502,4837186.2130047
487,7423799,1298041,6/8/2012 4:00:00 AM,2301,ST CLAIR AVE W,EARLSCOURT AVE,,Major Arterial,Toronto and East York,43.677145,-79.44679,At Intersection,No Control,Clear,Dark,Dry,Non-Fatal Injury,SMV Unattended Vehicle,Vehicle Owner,unknown,,,,Other,,,,,,,,,,,,Yes,Yes,,,,,Yes,Yes,,,,92,Corso Italia-Davenport,92,Corso Italia-Davenport (92),D13,625201.51776502,4837186.2130047
488,7423800,1298041,6/8/2012 4:00:00 AM,2301,ST CLAIR AVE W,EARLSCOURT AVE,,Major Arterial,Toronto and East York,43.677145,-79.44679,At Intersection,No Control,Clear,Dark,Dry,Non-Fatal Injury,SMV Unattended Vehicle,Motorcycle Driver,35 to 39,Major,,East,Motorcycle,Going Ahead,Exceeding Speed Limit,Inattentive,,,,,,,,,Yes,Yes,,,,,Yes,Yes,,,,92,Corso Italia-Davenport,92,Corso Italia-Davenport (92),D13,625201.51776502,4837186.2130047
489,7444491,1306710,6/16/2012 4:00:00 AM,1623,DUFFERIN ST,GEARY AVE,,Major Arterial,Toronto and East York,43.669545,-79.43949,,No Control,Clear,Daylight,Dry,Non-Fatal Injury,Turning Movement,Motorcycle Passenger,25 to 29,Major,,,Other,,,,,,,,,,,,Yes,Yes,,,,Yes,,Yes,,,,171,Junction-Wallace Emerson,93,Dovercourt-Wallace Emerson-Junction (93),D13,625805.84259428,4836353.17625147
490,7444492,1306710,6/16/2012 4:00:00 AM,1623,DUFFERIN ST,GEARY AVE,,Major Arterial,Toronto and East York,43.669545,-79.43949,,No Control,Clear,Daylight,Dry,Non-Fatal Injury,Turning Movement,Motorcycle Driver,35 to 39,Major,,South,Motorcycle,Going Ahead,Driving Properly,Normal,,,,,,,,,Yes,Yes,,,,Yes,,Yes,,,,171,Junction-Wallace Emerson,93,Dovercourt-Wallace Emerson-Junction (93),D13,625805.84259428,4836353.17625147
491,7444493,1306710,6/16/2012 4:00:00 AM,1623,DUFFERIN ST,GEARY AVE,,Major Arterial,Toronto and East York,43.669545,-79.43949,,No Control,Clear,Daylight,Dry,Non-Fatal Injury,Turning Movement,Vehicle Owner,unknown,,,,Other,,,,,,,,,,,,Yes,Yes,,,,Yes,,Yes,,,,171,Junction-Wallace Emerson,93,Dovercourt-Wallace Emerson-Junction (93),D13,625805.84259428,4836353.17625147
492,7444494,1306710,6/16/2012 4:00:00 AM,1623,DUFFERIN ST,GEARY AVE,,Major Arterial,Toronto and East York,43.669545,-79.43949,,No Control,Clear,Daylight,Dry,Non-Fatal Injury,Turning Movement,Driver,60 to 64,None,,North,"Automobile, Station Wagon",Making U Turn,Improper Turn,Inattentive,,,,,,,,,Yes,Yes,,,,Yes,,Yes,,,,171,Junction-Wallace Emerson,93,Dovercourt-Wallace Emerson-Junction (93),D13,625805.84259428,4836353.17625147
493,7427815,1299777,6/19/2012 4:00:00 AM,1033,3300 MIDLAND AVE,,,Major Arterial,Scarborough,43.806245,-79.28829,,No Control,Clear,Daylight,Dry,Non-Fatal Injury,Turning Movement,Vehicle Owner,unknown,,,,Other,,,,,,,,,,,,Yes,Yes,,,,,Yes,Yes,,,,130,Milliken,130,Milliken (130),D42,637681.804116855,4851776.16671876
494,7427816,1299777,6/19/2012 4:00:00 AM,1033,3300 MIDLAND AVE,,,Major Arterial,Scarborough,43.806245,-79.28829,,No Control,Clear,Daylight,Dry,Non-Fatal Injury,Turning Movement,Motorcycle Driver,25 to 29,Major,,South,Motorcycle,Going Ahead,Exceeding Speed Limit,Normal,,,,,,,,,Yes,Yes,,,,,Yes,Yes,,,,130,Milliken,130,Milliken (130),D42,637681.804116855,4851776.16671876
495,7427817,1299777,6/19/2012 4:00:00 AM,1033,3300 MIDLAND AVE,,,Major Arterial,Scarborough,43.806245,-79.28829,,No Control,Clear,Daylight,Dry,Non-Fatal Injury,Turning Movement,Driver,40 to 44,None,,North,"Automobile, Station Wagon",Turning Left,Failed to Yield Right of Way,Normal,,,,,,,,,Yes,Yes,,,,,Yes,Yes,,,,130,Milliken,130,Milliken (130),D42,637681.804116855,4851776.16671876
496,7432508,1301789,7/2/2012 4:00:00 AM,1815,FINCH AVE W,KIPLING AVE,,Major Arterial,Etobicoke York,43.743145,-79.58279,,No Control,Clear,Daylight,Dry,Non-Fatal Injury,SMV Other,Motorcycle Driver,25 to 29,Major,,West,Motorcycle,Going Ahead,Speed too Fast For Condition,Normal,,,,,,,,,,Yes,,,,,Yes,Yes,,,,2,Mount Olive-Silverstone-Jamestown,2,Mount Olive-Silverstone-Jamestown (2),D23,614113.39786143,4844320.12369952
497,7542189,1308558,7/4/2012 4:00:00 AM,1640,KIPLING AVE,TORLAKE CRES,,Major Arterial,Etobicoke York,43.614045,-79.52359,,No Control,Clear,Daylight,Dry,Non-Fatal Injury,Pedestrian Collisions,Motorcycle Driver,25 to 29,None,,South,Motorcycle,Going Ahead,Driving Properly,Normal,,,,,,,Yes,,,Yes,,,,,,,,,,160,Mimico-Queensway,17,Mimico (includes Humber Bay Shores) (17),D22,619135.419596582,4830065.10002692
498,7542190,1308558,7/4/2012 4:00:00 AM,1640,KIPLING AVE,TORLAKE CRES,,Major Arterial,Etobicoke York,43.614045,-79.52359,,No Control,Clear,Daylight,Dry,Non-Fatal Injury,Pedestrian Collisions,Pedestrian,55 to 59,Major,,East,Other,,,,Pedestrian hit at mid-block,"Crossing, no Traffic Control",Inattentive,,,,Yes,,,Yes,,,,,,,,,,160,Mimico-Queensway,17,Mimico (includes Humber Bay Shores) (17),D22,619135.419596582,4830065.10002692
499,7448639,1308358,7/8/2012 4:00:00 AM,1000,TWYN RIVERS Dr,SHEPPARD Ave E,,Minor Arterial,Scarborough,43.809045,-79.16619,,No Control,Clear,Daylight,Loose Sand or Gravel,Non-Fatal Injury,SMV Other,Motorcycle Driver,35 to 39,Major,,East,Motorcycle,Turning Left,Lost control,Normal,,,,,,,,,,Yes,,,,,,,,,,143,West Rouge,131,Rouge (131),D42,647496.172836228,4852297.56892791
500,7442606,1305957,7/12/2012 4:00:00 AM,2235,THE EAST MALL,WEST DEANE PARK Dr,,Minor Arterial,Etobicoke York,43.657545,-79.56829,At Intersection,No Control,Clear,"Dark, artificial",Dry,Non-Fatal Injury,SMV Other,Motorcycle Driver,25 to 29,Major,,East,Motorcycle,Going Ahead,Lost control,Unknown,,,,,,,,,,Yes,,,,,Yes,Yes,,,,11,Eringate-Centennial-West Deane,11,Eringate-Centennial-West Deane (11),D22,615445.105031618,4834833.15693733
501,7462465,1314310,7/18/2012 4:00:00 AM,29,EDENBRIDGE Dr,EDGEHILL Rd,,Collector,Etobicoke York,43.671445,-79.51739,,No Control,Clear,Dark,Dry,Non-Fatal Injury,SMV Other,Motorcycle Driver,30 to 34,Major,,West,Motorcycle,Going Ahead,Lost control,Normal,,,,,,,,,,Yes,,,,,,,,,,9,Edenbridge-Humber Valley,9,Edenbridge-Humber Valley (9),D22,619521.842699291,4836449.0084069
502,7453003,1310192,7/18/2012 4:00:00 AM,1005,UNWIN Aven,CHERRY Stre,,Local,Toronto and East York,43.639445,-79.34579,At Intersection,No Control,Clear,Daylight,Dry,Non-Fatal Injury,Turning Movement,Vehicle Owner,unknown,,,,Other,,,,,,,,,,,,,Yes,Yes,,,,,Yes,,,,70,South Riverdale,70,South Riverdale (70),D51,633426.513060964,4833156.5391479
503,7453004,1310192,7/18/2012 4:00:00 AM,1005,UNWIN Aven,CHERRY Stre,,Local,Toronto and East York,43.639445,-79.34579,At Intersection,No Control,Clear,Daylight,Dry,Non-Fatal Injury,Turning Movement,Truck Driver,25 to 29,None,,East,Truck - Open,Turning Left,Driving Properly,Normal,,,,,,,,,,Yes,Yes,,,,,Yes,,,,70,South Riverdale,70,South Riverdale (70),D51,633426.513060964,4833156.5391479
504,7453005,1310192,7/18/2012 4:00:00 AM,1005,UNWIN Aven,CHERRY Stre,,Local,Toronto and East York,43.639445,-79.34579,At Intersection,No Control,Clear,Daylight,Dry,Non-Fatal Injury,Turning Movement,Motorcycle Driver,30 to 34,Major,,East,Motorcycle,Going Ahead,Improper Passing,Normal,,,,,,,,,,Yes,Yes,,,,,Yes,,,,70,South Riverdale,70,South Riverdale (70),D51,633426.513060964,4833156.5391479
505,7453006,1310192,7/18/2012 4:00:00 AM,1005,UNWIN Aven,CHERRY Stre,,Local,Toronto and East York,43.639445,-79.34579,At Intersection,No Control,Clear,Daylight,Dry,Non-Fatal Injury,Turning Movement,Other,unknown,None,,,Other,,,,,,,,,,,,,Yes,Yes,,,,,Yes,,,,70,South Riverdale,70,South Riverdale (70),D51,633426.513060964,4833156.5391479
506,7457882,1312337,7/25/2012 4:00:00 AM,1641,BAY MILLS Blvd,BIRCHMOUNT Rd,,Collector,Scarborough,43.783345,-79.30029,,No Control,Clear,Daylight,Dry,Non-Fatal Injury,Turning Movement,Vehicle Owner,unknown,,,,Other,,,,,,,,,,,,Yes,Yes,,,,,,Yes,,,,118,Tam O'Shanter-Sullivan,118,Tam O'Shanter-Sullivan (118),D42,636768.804784112,4849212.86039513
507,7457883,1312337,7/25/2012 4:00:00 AM,1641,BAY MILLS Blvd,BIRCHMOUNT Rd,,Collector,Scarborough,43.783345,-79.30029,,No Control,Clear,Daylight,Dry,Non-Fatal Injury,Turning Movement,Motorcycle Driver,25 to 29,Major,,East,Motorcycle,Going Ahead,Driving Properly,Normal,,,,,,,,,Yes,Yes,,,,,,Yes,,,,118,Tam O'Shanter-Sullivan,118,Tam O'Shanter-Sullivan (118),D42,636768.804784112,4849212.86039513
508,7457884,1312337,7/25/2012 4:00:00 AM,1641,BAY MILLS Blvd,BIRCHMOUNT Rd,,Collector,Scarborough,43.783345,-79.30029,,No Control,Clear,Daylight,Dry,Non-Fatal Injury,Turning Movement,Vehicle Owner,unknown,,,,Other,,,,,,,,,,,,Yes,Yes,,,,,,Yes,,,,118,Tam O'Shanter-Sullivan,118,Tam O'Shanter-Sullivan (118),D42,636768.804784112,4849212.86039513
509,7457885,1312337,7/25/2012 4:00:00 AM,1641,BAY MILLS Blvd,BIRCHMOUNT Rd,,Collector,Scarborough,43.783345,-79.30029,,No Control,Clear,Daylight,Dry,Non-Fatal Injury,Turning Movement,Driver,35 to 39,None,,South,"Automobile, Station Wagon",Turning Left,Failed to Yield Right of Way,Normal,,,,,,,,,Yes,Yes,,,,,,Yes,,,,118,Tam O'Shanter-Sullivan,118,Tam O'Shanter-Sullivan (118),D42,636768.804784112,4849212.86039513
510,7527656,1307651,7/29/2012 4:00:00 AM,1912,KEELE ST,CANON JACKSON DR,,Major Arterial,Etobicoke York,43.696645,-79.47529,,Traffic Signal,Clear,Daylight,Dry,Non-Fatal Injury,Rear End,Motorcycle Driver,30 to 34,Major,,North,Motorcycle,Going Ahead,Exceeding Speed Limit,"Ability Impaired, Alcohol",,,,,,,,,Yes,Yes,,,,,Yes,Yes,,Yes,,112,Beechborough-Greenbrook,112,Beechborough-Greenbrook (112),D12,622864.344991743,4839309.3273725
511,7527657,1307651,7/29/2012 4:00:00 AM,1912,KEELE ST,CANON JACKSON DR,,Major Arterial,Etobicoke York,43.696645,-79.47529,,Traffic Signal,Clear,Daylight,Dry,Non-Fatal Injury,Rear End,Vehicle Owner,unknown,,,,Other,,,,,,,,,,,,Yes,Yes,,,,,Yes,Yes,,Yes,,112,Beechborough-Greenbrook,112,Beechborough-Greenbrook (112),D12,622864.344991743,4839309.3273725
512,7527658,1307651,7/29/2012 4:00:00 AM,1912,KEELE ST,CANON JACKSON DR,,Major Arterial,Etobicoke York,43.696645,-79.47529,,Traffic Signal,Clear,Daylight,Dry,Non-Fatal Injury,Rear End,Driver,35 to 39,Minimal,,North,"Automobile, Station Wagon",Going Ahead,Driving Properly,Normal,,,,,,,,,Yes,Yes,,,,,Yes,Yes,,Yes,,112,Beechborough-Greenbrook,112,Beechborough-Greenbrook (112),D12,622864.344991743,4839309.3273725
513,7528248,1315841,8/12/2012 4:00:00 AM,951,CHURCH ST,CARLTON ST,,Major Arterial,Toronto and East York,43.661845,-79.37939,At Intersection,Traffic Signal,Clear,Daylight,Dry,Non-Fatal Injury,Angle,Motorcycle Driver,40 to 44,Major,,North,Motorcycle,Going Ahead,Driving Properly,Normal,,,,,,,,,Yes,Yes,,,,,,Yes,Yes,,,168,Downtown Yonge East,75,Church-Yonge Corridor (75),D51,630667.764334269,4835590.88787701
514,7528249,1315841,8/12/2012 4:00:00 AM,951,CHURCH ST,CARLTON ST,,Major Arterial,Toronto and East York,43.661845,-79.37939,At Intersection,Traffic Signal,Clear,Daylight,Dry,Non-Fatal Injury,Angle,Vehicle Owner,unknown,,,,Other,,,,,,,,,,,,Yes,Yes,,,,,,Yes,Yes,,,168,Downtown Yonge East,75,Church-Yonge Corridor (75),D51,630667.764334269,4835590.88787701
515,7528250,1315841,8/12/2012 4:00:00 AM,951,CHURCH ST,CARLTON ST,,Major Arterial,Toronto and East York,43.661845,-79.37939,At Intersection,Traffic Signal,Clear,Daylight,Dry,Non-Fatal Injury,Angle,Driver,35 to 39,None,,West,"Automobile, Station Wagon",Going Ahead,Disobeyed Traffic Control,Normal,,,,,,,,,Yes,Yes,,,,,,Yes,Yes,,,168,Downtown Yonge East,75,Church-Yonge Corridor (75),D51,630667.764334269,4835590.88787701
516,7469560,1317267,8/20/2012 4:00:00 AM,1900,BLACK CREEK DR,TRETHEWEY DR,,Major Arterial,Etobicoke York,43.695545,-79.48669,,No Control,Clear,Daylight,Dry,Non-Fatal Injury,SMV Other,Vehicle Owner,unknown,,,,Other,,,,,,,,,,,,,Yes,,,,,,,,,,30,Brookhaven-Amesbury,30,Brookhaven-Amesbury (30),D12,621947.93081429,4839170.32809245
517,7469561,1317267,8/20/2012 4:00:00 AM,1900,BLACK CREEK DR,TRETHEWEY DR,,Major Arterial,Etobicoke York,43.695545,-79.48669,,No Control,Clear,Daylight,Dry,Non-Fatal Injury,SMV Other,Motorcycle Driver,25 to 29,Major,,North,Motorcycle,Going Ahead,Lost control,Unknown,,,,,,,,,,Yes,,,,,,,,,,30,Brookhaven-Amesbury,30,Brookhaven-Amesbury (30),D12,621947.93081429,4839170.32809245
518,7559561,1311464,8/23/2012 4:00:00 AM,1627,ALLIANCE AVE,ROCKCLIFFE BLVD,,Collector,Etobicoke York,43.676943,-79.489391,At Intersection,Traffic Signal,Clear,Daylight,Dry,Fatal,Angle,Passenger,20 to 24,Minimal,,,Other,,,,,,,,,,,,Yes,Yes,,,,Yes,,Yes,Yes,,,111,Rockcliffe-Smythe,111,Rockcliffe-Smythe (111),D12,621767.904622697,4837100.35623271
519,7559562,1311464,8/23/2012 4:00:00 AM,1627,ALLIANCE AVE,ROCKCLIFFE BLVD,,Collector,Etobicoke York,43.676943,-79.489391,At Intersection,Traffic Signal,Clear,Daylight,Dry,Fatal,Angle,Vehicle Owner,unknown,,,,Other,,,,,,,,,,,,Yes,Yes,,,,Yes,,Yes,Yes,,,111,Rockcliffe-Smythe,111,Rockcliffe-Smythe (111),D12,621767.904622697,4837100.35623271
520,7559563,1311464,8/23/2012 4:00:00 AM,1627,ALLIANCE AVE,ROCKCLIFFE BLVD,,Collector,Etobicoke York,43.676943,-79.489391,At Intersection,Traffic Signal,Clear,Daylight,Dry,Fatal,Angle,Driver,25 to 29,Minimal,,West,"Automobile, Station Wagon",Going Ahead,Driving Properly,Normal,,,,,,,,,Yes,Yes,,,,Yes,,Yes,Yes,,,111,Rockcliffe-Smythe,111,Rockcliffe-Smythe (111),D12,621767.904622697,4837100.35623271
521,7559564,1311464,8/23/2012 4:00:00 AM,1627,ALLIANCE AVE,ROCKCLIFFE BLVD,,Collector,Etobicoke York,43.676943,-79.489391,At Intersection,Traffic Signal,Clear,Daylight,Dry,Fatal,Angle,Motorcycle Driver,40 to 44,Fatal,26,North,Motorcycle,Going Ahead,Disobeyed Traffic Control,Unknown,,,,,,,,,Yes,Yes,,,,Yes,,Yes,Yes,,,111,Rockcliffe-Smythe,111,Rockcliffe-Smythe (111),D12,621767.904622697,4837100.35623271
522,7467877,1316598,9/3/2012 4:00:00 AM,1755,PINE ST,WILLIAM ST,,Collector,Etobicoke York,43.704645,-79.50949,,Stop Sign,Clear,Daylight,Dry,Non-Fatal Injury,Pedestrian Collisions,Motorcycle Driver,unknown,None,,South,Motorcycle,Going Ahead,Lost control,Unknown,,,,,,,Yes,,,Yes,,,,,,,,,,113,Weston,113,Weston (113),D12,620092.441254628,4840147.72837947
523,7467878,1316598,9/3/2012 4:00:00 AM,1755,PINE ST,WILLIAM ST,,Collector,Etobicoke York,43.704645,-79.50949,,Stop Sign,Clear,Daylight,Dry,Non-Fatal Injury,Pedestrian Collisions,Pedestrian,60 to 64,Major,,Unknown,Other,,,,Other / Undefined,Other,Normal,,,,Yes,,,Yes,,,,,,,,,,113,Weston,113,Weston (113),D12,620092.441254628,4840147.72837947
524,7542303,1313728,9/7/2012 4:00:00 AM,525,ROYAL YORK RD,EVANS AVE,,Minor Arterial,Etobicoke York,43.621045,-79.50039,At Intersection,Traffic Signal,Clear,"Dark, artificial",Dry,Non-Fatal Injury,Turning Movement,Motorcycle Driver,55 to 59,Major,,South,Motorcycle,Going Ahead,Other,Unknown,,,,,,,,,Yes,Yes,,,,,,Yes,,,,160,Mimico-Queensway,17,Mimico (includes Humber Bay Shores) (17),D22,620993.465252462,4830876.08053474
525,7542304,1313728,9/7/2012 4:00:00 AM,525,ROYAL YORK RD,EVANS AVE,,Minor Arterial,Etobicoke York,43.621045,-79.50039,At Intersection,Traffic Signal,Clear,"Dark, artificial",Dry,Non-Fatal Injury,Turning Movement,Vehicle Owner,unknown,,,,Other,,,,,,,,,,,,Yes,Yes,,,,,,Yes,,,,160,Mimico-Queensway,17,Mimico (includes Humber Bay Shores) (17),D22,620993.465252462,4830876.08053474
526,7542305,1313728,9/7/2012 4:00:00 AM,525,ROYAL YORK RD,EVANS AVE,,Minor Arterial,Etobicoke York,43.621045,-79.50039,At Intersection,Traffic Signal,Clear,"Dark, artificial",Dry,Non-Fatal Injury,Turning Movement,Driver,55 to 59,None,,North,"Automobile, Station Wagon",Turning Left,Failed to Yield Right of Way,Inattentive,,,,,,,,,Yes,Yes,,,,,,Yes,,,,160,Mimico-Queensway,17,Mimico (includes Humber Bay Shores) (17),D22,620993.465252462,4830876.08053474
527,7477280,1320520,9/9/2012 4:00:00 AM,1438,1265 WILSON AVE,,,Major Arterial,North York,43.724417,-79.491901,,No Control,Clear,Daylight,Dry,Non-Fatal Injury,Turning Movement,Motorcycle Driver,35 to 39,Major,,North,Motorcycle,Turning Left,Failed to Yield Right of Way,Unknown,,,,,,,,,Yes,Yes,,,,Yes,,Yes,,,,154,Oakdale-Beverley Heights,26,Downsview-Roding-CFB (26),D31,621469.669729013,4842369.31480152
528,7477281,1320520,9/9/2012 4:00:00 AM,1438,1265 WILSON AVE,,,Major Arterial,North York,43.724417,-79.491901,,No Control,Clear,Daylight,Dry,Non-Fatal Injury,Turning Movement,Passenger,20 to 24,Minimal,,,Other,,,,,,,,,,,,Yes,Yes,,,,Yes,,Yes,,,,154,Oakdale-Beverley Heights,26,Downsview-Roding-CFB (26),D31,621469.669729013,4842369.31480152
529,7477282,1320520,9/9/2012 4:00:00 AM,1438,1265 WILSON AVE,,,Major Arterial,North York,43.724417,-79.491901,,No Control,Clear,Daylight,Dry,Non-Fatal Injury,Turning Movement,Driver,40 to 44,Minimal,,East,"Automobile, Station Wagon",Going Ahead,Driving Properly,Normal,,,,,,,,,Yes,Yes,,,,Yes,,Yes,,,,154,Oakdale-Beverley Heights,26,Downsview-Roding-CFB (26),D31,621469.669729013,4842369.31480152
530,7477043,1320431,9/10/2012 4:00:00 AM,1825,DANFORTH Road,HUNTINGTON Aven,,Major Arterial,Scarborough,43.727745,-79.25249,,No Control,Clear,Daylight,Dry,Non-Fatal Injury,Rear End,Motorcycle Driver,50 to 54,Major,,South,Motorcycle,Going Ahead,Driving Properly,Normal,,,,,,,,,Yes,Yes,,,,,,Yes,,,,124,Kennedy Park,124,Kennedy Park (124),D41,640745.416699496,4843117.71388855
531,7477044,1320431,9/10/2012 4:00:00 AM,1825,DANFORTH Road,HUNTINGTON Aven,,Major Arterial,Scarborough,43.727745,-79.25249,,No Control,Clear,Daylight,Dry,Non-Fatal Injury,Rear End,Driver,55 to 59,Minor,,East,"Automobile, Station Wagon",Turning Right,Failed to Yield Right of Way,Normal,,,,,,,,,Yes,Yes,,,,,,Yes,,,,124,Kennedy Park,124,Kennedy Park (124),D41,640745.416699496,4843117.71388855
532,7462428,1314296,9/11/2012 4:00:00 AM,840,GLENGROVE AVE,MARLEE AVE,,Minor Arterial,North York,43.710745,-79.44449,At Intersection,Stop Sign,Clear,Daylight,Dry,Fatal,Angle,Motorcycle Driver,20 to 24,Fatal,30,North,Motorcycle,Going Ahead,Speed too Fast For Condition,Normal,,,,,,,,,Yes,Yes,,,,,Yes,Yes,,,,31,Yorkdale-Glen Park,31,Yorkdale-Glen Park (31),D13,625316.914159118,4840921.42895755
533,7462429,1314296,9/11/2012 4:00:00 AM,840,GLENGROVE AVE,MARLEE AVE,,Minor Arterial,North York,43.710745,-79.44449,At Intersection,Stop Sign,Clear,Daylight,Dry,Fatal,Angle,Vehicle Owner,unknown,,,,Other,,,,,,,,,,,,Yes,Yes,,,,,Yes,Yes,,,,31,Yorkdale-Glen Park,31,Yorkdale-Glen Park (31),D13,625316.914159118,4840921.42895755
534,7462430,1314296,9/11/2012 4:00:00 AM,840,GLENGROVE AVE,MARLEE AVE,,Minor Arterial,North York,43.710745,-79.44449,At Intersection,Stop Sign,Clear,Daylight,Dry,Fatal,Angle,Driver,45 to 49,None,,West,"Automobile, Station Wagon",Going Ahead,Failed to Yield Right of Way,Normal,,,,,,,,,Yes,Yes,,,,,Yes,Yes,,,,31,Yorkdale-Glen Park,31,Yorkdale-Glen Park (31),D13,625316.914159118,4840921.42895755
535,7467366,1316385,9/13/2012 4:00:00 AM,647,VICTORIA PARK AVE,TERRAVIEW BLVD,,Major Arterial,North York,43.764445,-79.31809,,No Control,Clear,Daylight,Dry,Non-Fatal Injury,Pedestrian Collisions,Motorcycle Driver,20 to 24,Minor,,North,Motorcycle,Going Ahead,Driving Properly,Normal,,,,,,,Yes,,,Yes,,,,,,,,,,119,Wexford/Maryvale,119,Wexford/Maryvale (119),D41,635379.137366714,4847084.46766872
536,7467367,1316385,9/13/2012 4:00:00 AM,647,VICTORIA PARK AVE,TERRAVIEW BLVD,,Major Arterial,North York,43.764445,-79.31809,,No Control,Clear,Daylight,Dry,Non-Fatal Injury,Pedestrian Collisions,Pedestrian,45 to 49,Major,,West,Other,,,,Pedestrian hit at mid-block,Running onto Roadway,Normal,,,,Yes,,,Yes,,,,,,,,,,119,Wexford/Maryvale,119,Wexford/Maryvale (119),D41,635379.137366714,4847084.46766872
537,7464367,1315100,9/14/2012 4:00:00 AM,102,F G GARDINER XY  E,SOUTH KINGSWAY,,,Toronto and East York,43.634787,-79.470248,,No Control,Clear,"Dark, artificial",Dry,Fatal,SMV Other,Vehicle Owner,unknown,,,,,,,,,,,,,,,,Yes,Yes,,,,,,,,,,85,South Parkdale,85,South Parkdale (85),D11,623397.321029363,4832446.6657058
538,7464368,1315100,9/14/2012 4:00:00 AM,102,F G GARDINER XY  E,SOUTH KINGSWAY,,,Toronto and East York,43.634787,-79.470248,,No Control,Clear,"Dark, artificial",Dry,Fatal,SMV Other,Driver,35 to 39,None,,West,"Automobile, Station Wagon",Going Ahead,Driving Properly,Normal,,,,,,,,,Yes,Yes,,,,,,,,,,85,South Parkdale,85,South Parkdale (85),D11,623397.321029363,4832446.6657058
539,7464369,1315100,9/14/2012 4:00:00 AM,102,F G GARDINER XY  E,SOUTH KINGSWAY,,,Toronto and East York,43.634787,-79.470248,,No Control,Clear,"Dark, artificial",Dry,Fatal,SMV Other,Vehicle Owner,unknown,,,,,,,,,,,,,,,,Yes,Yes,,,,,,,,,,85,South Parkdale,85,South Parkdale (85),D11,623397.321029363,4832446.6657058