OBJECTID,INDEX,ACCNUM,DATE,TIME,STREET1,STREET2,OFFSET,ROAD_CLASS,DISTRICT,LATITUDE,LONGITUDE,ACCLOC,TRAFFCTL,VISIBILITY,LIGHT,RDSFCOND,ACCLASS,IMPACTYPE,INVTYPE,INVAGE,INJURY,FATAL_NO,INITDIR,VEHTYPE,MANOEUVER,DRIVACT,DRIVCOND,PEDTYPE,PEDACT,PEDCOND,CYCLISTYPE,CYCACT,CYCCOND,PEDESTRIAN,CYCLIST,AUTOMOBILE,MOTORCYCLE,TRUCK,TRSN_CITY_VEH,EMERG_VEH,PASSENGER,SPEEDING,AG_DRIV,REDLIGHT,ALCOHOL,DISABILITY,HOOD_158,NEIGHBOURHOOD_158,HOOD_140,NEIGHBOURHOOD_140,DIVISION,x,y
600,7868118,1377456,7/13/2013 4:00:00 AM,1355,KENNEDY RD,MCNICOLL Ave,,Major Arterial,Scarborough,43.812129,-79.301936,At Intersection,Traffic Signal,Clear,Daylight,Dry,Non-Fatal Injury,Turning Movement,Driver,20 to 24,None,,South,"Automobile, Station Wagon",Turning Left,Failed to Yield Right of Way,Inattentive,,,,,,,,,Yes,Yes,,,,,,Yes,,,,130,Milliken,130,Milliken (130),D42,636570.76166793,4852407.06467248
601,7873696,1379915,7/19/2013 4:00:00 AM,1831,PARLIAMENT ST,COLE  ST,,Minor Arterial,Toronto and East York,43.660145,-79.36629,,No Control,Rain,Daylight,Wet,Non-Fatal Injury,SMV Other,Motorcycle Driver,25 to 29,Major,,North,Motorcycle,Going Ahead,Speed too Fast For Condition,Inattentive,,,,,,,,,,Yes,,,,,Yes,Yes,,,,72,Regent Park,72,Regent Park (72),D51,631727.73011888,4835422.79550908
602,7845040,1367518,7/22/2013 4:00:00 AM,1519,KIPLING AVE,JUTLAND RD,,Major Arterial,Etobicoke York,43.626245,-79.52879,At Intersection,Stop Sign,Clear,Daylight,Dry,Fatal,Turning Movement,Motorcycle Driver,20 to 24,Fatal,23,North,Motorcycle,Going Ahead,Driving Properly,Normal,,,,,,,,,Yes,Yes,,,,,,Yes,,,,159,Etobicoke City Centre,14,Islington-City Centre West (14),D22,618691.807015057,4831412.61183358
603,7845041,1367518,7/22/2013 4:00:00 AM,1519,KIPLING AVE,JUTLAND RD,,Major Arterial,Etobicoke York,43.626245,-79.52879,At Intersection,Stop Sign,Clear,Daylight,Dry,Fatal,Turning Movement,Driver,45 to 49,None,,West,"Automobile, Station Wagon",Turning Left,Failed to Yield Right of Way,Normal,,,,,,,,,Yes,Yes,,,,,,Yes,,,,159,Etobicoke City Centre,14,Islington-City Centre West (14),D22,618691.807015057,4831412.61183358
604,7882964,1383782,8/3/2013 4:00:00 AM,1610,DANFORTH Ave,BROADVIEW Ave,,Major Arterial,Toronto and East York,43.676192,-79.358859,,Traffic Signal,Clear,Daylight,Dry,Non-Fatal Injury,Angle,Motorcycle Driver,40 to 44,Major,,West,Motorcycle,Going Ahead,Driving Properly,Normal,,,,,,,,,Yes,Yes,,,,,,Yes,Yes,,,68,North Riverdale,68,North Riverdale (68),D55,632291.64778373,4837216.85636577
605,7882965,1383782,8/3/2013 4:00:00 AM,1610,DANFORTH Ave,BROADVIEW Ave,,Major Arterial,Toronto and East York,43.676192,-79.358859,,Traffic Signal,Clear,Daylight,Dry,Non-Fatal Injury,Angle,Vehicle Owner,unknown,,,,Other,,,,,,,,,,,,Yes,Yes,,,,,,Yes,Yes,,,68,North Riverdale,68,North Riverdale (68),D55,632291.64778373,4837216.85636577
606,7882966,1383782,8/3/2013 4:00:00 AM,1610,DANFORTH Ave,BROADVIEW Ave,,Major Arterial,Toronto and East York,43.676192,-79.358859,,Traffic Signal,Clear,Daylight,Dry,Non-Fatal Injury,Angle,Driver,40 to 44,None,,East,"Automobile, Station Wagon",Stopped,Driving Properly,Normal,,,,,,,,,Yes,Yes,,,,,,Yes,Yes,,,68,North Riverdale,68,North Riverdale (68),D55,632291.64778373,4837216.85636577
607,7882967,1383782,8/3/2013 4:00:00 AM,1610,DANFORTH Ave,BROADVIEW Ave,,Major Arterial,Toronto and East York,43.676192,-79.358859,,Traffic Signal,Clear,Daylight,Dry,Non-Fatal Injury,Angle,Driver,75 to 79,Minimal,,South,"Automobile, Station Wagon",Going Ahead,Disobeyed Traffic Control,Inattentive,,,,,,,,,Yes,Yes,,,,,,Yes,Yes,,,68,North Riverdale,68,North Riverdale (68),D55,632291.64778373,4837216.85636577
608,7850067,1369675,8/9/2013 4:00:00 AM,1040,EGLINTON Ave W,WINONA Dr,,Major Arterial,North York,43.6981,-79.439044,At Intersection,No Control,Clear,Daylight,Dry,Non-Fatal Injury,Turning Movement,Vehicle Owner,unknown,,,,Other,,,,,,,,,,,,Yes,Yes,,,,,,Yes,,,,107,Oakwood Village,107,Oakwood Village (107),D13,625782.108267361,4839525.27295704
609,7850068,1369675,8/9/2013 4:00:00 AM,1040,EGLINTON Ave W,WINONA Dr,,Major Arterial,North York,43.6981,-79.439044,At Intersection,No Control,Clear,Daylight,Dry,Non-Fatal Injury,Turning Movement,Motorcycle Driver,40 to 44,Major,,East,Motorcycle,Going Ahead,Driving Properly,Normal,,,,,,,,,Yes,Yes,,,,,,Yes,,,,107,Oakwood Village,107,Oakwood Village (107),D13,625782.108267361,4839525.27295704
610,7850069,1369675,8/9/2013 4:00:00 AM,1040,EGLINTON Ave W,WINONA Dr,,Major Arterial,North York,43.6981,-79.439044,At Intersection,No Control,Clear,Daylight,Dry,Non-Fatal Injury,Turning Movement,Driver,40 to 44,None,,West,"Automobile, Station Wagon",Turning Left,Failed to Yield Right of Way,Normal,,,,,,,,,Yes,Yes,,,,,,Yes,,,,107,Oakwood Village,107,Oakwood Village (107),D13,625782.108267361,4839525.27295704
611,7850941,1370071,8/13/2013 4:00:00 AM,748,KIPLING Ave,THORNCREST RD,,Major Arterial,Etobicoke York,43.661391,-79.543903,,No Control,Clear,Daylight,Dry,Non-Fatal Injury,Angle,Motorcycle Driver,25 to 29,Major,,South,Motorcycle,Going Ahead,Driving Properly,Normal,,,,,,,,,Yes,Yes,,,,,Yes,Yes,,,,10,Princess-Rosethorn,10,Princess-Rosethorn (10),D22,617404.05597269,4835294.52290667
612,7850942,1370071,8/13/2013 4:00:00 AM,748,KIPLING Ave,THORNCREST RD,,Major Arterial,Etobicoke York,43.661391,-79.543903,,No Control,Clear,Daylight,Dry,Non-Fatal Injury,Angle,Driver,35 to 39,None,,East,"Automobile, Station Wagon",Other,Failed to Yield Right of Way,Normal,,,,,,,,,Yes,Yes,,,,,Yes,Yes,,,,10,Princess-Rosethorn,10,Princess-Rosethorn (10),D22,617404.05597269,4835294.52290667
613,7852275,1370644,8/15/2013 4:00:00 AM,2201,WILLOWDALE AVE,OLIVE AVE,,Minor Arterial,North York,43.780545,-79.40669,At Intersection,No Control,Clear,"Dark, artificial",Dry,Fatal,Turning Movement,Vehicle Owner,unknown,,,,"Automobile, Station Wagon",,,,,,,,,,,,Yes,Yes,,,,,Yes,Yes,,,,152,East Willowdale,51,Willowdale East (51),D32,628213.129857191,4848731.5893267
614,7852276,1370644,8/15/2013 4:00:00 AM,2201,WILLOWDALE AVE,OLIVE AVE,,Minor Arterial,North York,43.780545,-79.40669,At Intersection,No Control,Clear,"Dark, artificial",Dry,Fatal,Turning Movement,Driver,65 to 69,None,,South,"Automobile, Station Wagon",Turning Left,Driving Properly,Normal,,,,,,,,,Yes,Yes,,,,,Yes,Yes,,,,152,East Willowdale,51,Willowdale East (51),D32,628213.129857191,4848731.5893267
615,7852277,1370644,8/15/2013 4:00:00 AM,2201,WILLOWDALE AVE,OLIVE AVE,,Minor Arterial,North York,43.780545,-79.40669,At Intersection,No Control,Clear,"Dark, artificial",Dry,Fatal,Turning Movement,Vehicle Owner,unknown,,,,Other,,,,,,,,,,,,Yes,Yes,,,,,Yes,Yes,,,,152,East Willowdale,51,Willowdale East (51),D32,628213.129857191,4848731.5893267
616,7852278,1370644,8/15/2013 4:00:00 AM,2201,WILLOWDALE AVE,OLIVE AVE,,Minor Arterial,North York,43.780545,-79.40669,At Intersection,No Control,Clear,"Dark, artificial",Dry,Fatal,Turning Movement,Motorcycle Driver,20 to 24,Fatal,31,North,Motorcycle,Going Ahead,Exceeding Speed Limit,Unknown,,,,,,,,,Yes,Yes,,,,,Yes,Yes,,,,152,East Willowdale,51,Willowdale East (51),D32,628213.129857191,4848731.5893267
617,7852784,1370852,8/16/2013 4:00:00 AM,1453,PHARMACY AVE,LEAHURST DR,,Minor Arterial,Scarborough,43.717333,-79.294071,At Intersection,No Control,Clear,Daylight,Dry,Non-Fatal Injury,Turning Movement,Motorcycle Driver,45 to 49,Major,,North,Motorcycle,Going Ahead,Driving Properly,Normal,,,,,,,,,Yes,Yes,,,,,,Yes,,,,120,Clairlea-Birchmount,120,Clairlea-Birchmount (120),D41,637420.225773453,4841891.52268198
618,7852785,1370852,8/16/2013 4:00:00 AM,1453,PHARMACY AVE,LEAHURST DR,,Minor Arterial,Scarborough,43.717333,-79.294071,At Intersection,No Control,Clear,Daylight,Dry,Non-Fatal Injury,Turning Movement,Driver,35 to 39,None,,South,"Automobile, Station Wagon",Going Ahead,Driving Properly,Normal,,,,,,,,,Yes,Yes,,,,,,Yes,,,,120,Clairlea-Birchmount,120,Clairlea-Birchmount (120),D41,637420.225773453,4841891.52268198
619,7852786,1370852,8/16/2013 4:00:00 AM,1453,PHARMACY AVE,LEAHURST DR,,Minor Arterial,Scarborough,43.717333,-79.294071,At Intersection,No Control,Clear,Daylight,Dry,Non-Fatal Injury,Turning Movement,Driver,unknown,None,,South,"Automobile, Station Wagon",Turning Left,Failed to Yield Right of Way,Unknown,,,,,,,,,Yes,Yes,,,,,,Yes,,,,120,Clairlea-Birchmount,120,Clairlea-Birchmount (120),D41,637420.225773453,4841891.52268198
620,7880436,1382722,8/18/2013 4:00:00 AM,1915,TWYN RIVERS Dr,SHEPPARD Ave E,,Collector,Scarborough,43.81454,-79.156947,,No Control,Clear,Dark,Dry,Non-Fatal Injury,SMV Other,Vehicle Owner,unknown,,,,Other,,,,,,,,,,,,,Yes,,,,,,,,,,144,Morningside Heights,131,Rouge (131),D42,648226.015282951,4852924.39887948
621,7880437,1382722,8/18/2013 4:00:00 AM,1915,TWYN RIVERS Dr,SHEPPARD Ave E,,Collector,Scarborough,43.81454,-79.156947,,No Control,Clear,Dark,Dry,Non-Fatal Injury,SMV Other,Motorcycle Driver,40 to 44,Major,,West,Motorcycle,Going Ahead,Lost control,Normal,,,,,,,,,,Yes,,,,,,,,,,144,Morningside Heights,131,Rouge (131),D42,648226.015282951,4852924.39887948
622,7854623,1371679,8/21/2013 4:00:00 AM,1235,KIPLING AVE,EVANS AVE,,Major Arterial,Etobicoke York,43.615863,-79.524616,At Intersection,Traffic Signal,Clear,Daylight,Dry,Non-Fatal Injury,SMV Other,Vehicle Owner,unknown,,,,Other,,,,,,,,,,,,,Yes,,,,,,,,,,160,Mimico-Queensway,17,Mimico (includes Humber Bay Shores) (17),D22,619049.040951264,4830265.53952011
623,7854624,1371679,8/21/2013 4:00:00 AM,1235,KIPLING AVE,EVANS AVE,,Major Arterial,Etobicoke York,43.615863,-79.524616,At Intersection,Traffic Signal,Clear,Daylight,Dry,Non-Fatal Injury,SMV Other,Motorcycle Driver,20 to 24,Major,,West,Motorcycle,Going Ahead,Lost control,Unknown,,,,,,,,,,Yes,,,,,,,,,,160,Mimico-Queensway,17,Mimico (includes Humber Bay Shores) (17),D22,619049.040951264,4830265.53952011
624,7855350,1372004,8/23/2013 4:00:00 AM,1838,HYDE AVE,VALLEY CRES,,Local,Etobicoke York,43.683154,-79.476383,,Stop Sign,Clear,Daylight,Dry,Non-Fatal Injury,Turning Movement,Passenger,10 to 14,Minimal,,,Other,,,,,,,,,,,,Yes,Yes,,,,Yes,,Yes,,,,110,Keelesdale-Eglinton West,110,Keelesdale-Eglinton West (110),D12,622803.797300159,4837809.34949538
625,7855351,1372004,8/23/2013 4:00:00 AM,1838,HYDE AVE,VALLEY CRES,,Local,Etobicoke York,43.683154,-79.476383,,Stop Sign,Clear,Daylight,Dry,Non-Fatal Injury,Turning Movement,Vehicle Owner,unknown,,,,Other,,,,,,,,,,,,Yes,Yes,,,,Yes,,Yes,,,,110,Keelesdale-Eglinton West,110,Keelesdale-Eglinton West (110),D12,622803.797300159,4837809.34949538
626,7855352,1372004,8/23/2013 4:00:00 AM,1838,HYDE AVE,VALLEY CRES,,Local,Etobicoke York,43.683154,-79.476383,,Stop Sign,Clear,Daylight,Dry,Non-Fatal Injury,Turning Movement,Driver,40 to 44,None,,East,"Automobile, Station Wagon",Stopped,Driving Properly,Normal,,,,,,,,,Yes,Yes,,,,Yes,,Yes,,,,110,Keelesdale-Eglinton West,110,Keelesdale-Eglinton West (110),D12,622803.797300159,4837809.34949538
627,7855353,1372004,8/23/2013 4:00:00 AM,1838,HYDE AVE,VALLEY CRES,,Local,Etobicoke York,43.683154,-79.476383,,Stop Sign,Clear,Daylight,Dry,Non-Fatal Injury,Turning Movement,Motorcycle Driver,20 to 24,Major,,South,Motorcycle,Turning Right,Failed to Yield Right of Way,Normal,,,,,,,,,Yes,Yes,,,,Yes,,Yes,,,,110,Keelesdale-Eglinton West,110,Keelesdale-Eglinton West (110),D12,622803.797300159,4837809.34949538
628,7857205,1372794,8/29/2013 4:00:00 AM,1108,DUFFERIN ST,BLOOR ST W,,Major Arterial,Toronto and East York,43.660468,-79.435611,,No Control,Clear,Daylight,Dry,Non-Fatal Injury,SMV Other,Motorcycle Driver,45 to 49,Major,,South,Motorcycle,Going Ahead,Lost control,Normal,,,,,,,,,,Yes,,,,,,,,,,172,Dovercourt Village,93,Dovercourt-Wallace Emerson-Junction (93),D14,626137.573835727,4835350.94518544
629,7857416,1372879,8/29/2013 4:00:00 AM,2136,WILLIAM R ALLEN RD,TRANSIT RD,,Major Arterial,North York,43.742278,-79.454852,Non Intersection,No Control,Clear,Dark,Dry,Non-Fatal Injury,Rear End,Motorcycle Passenger,20 to 24,Major,,,,,,,,,,,,,,,Yes,Yes,,,,Yes,Yes,Yes,,,,33,Clanton Park,33,Clanton Park (33),D32,624416.811443419,4844408.00681314
630,7857417,1372879,8/29/2013 4:00:00 AM,2136,WILLIAM R ALLEN RD,TRANSIT RD,,Major Arterial,North York,43.742278,-79.454852,Non Intersection,No Control,Clear,Dark,Dry,Non-Fatal Injury,Rear End,Vehicle Owner,unknown,,,,Other,,,,,,,,,,,,Yes,Yes,,,,Yes,Yes,Yes,,,,33,Clanton Park,33,Clanton Park (33),D32,624416.811443419,4844408.00681314
631,7857418,1372879,8/29/2013 4:00:00 AM,2136,WILLIAM R ALLEN RD,TRANSIT RD,,Major Arterial,North York,43.742278,-79.454852,Non Intersection,No Control,Clear,Dark,Dry,Non-Fatal Injury,Rear End,Motorcycle Driver,30 to 34,Major,,South,Motorcycle,Going Ahead,Exceeding Speed Limit,Normal,,,,,,,,,Yes,Yes,,,,Yes,Yes,Yes,,,,33,Clanton Park,33,Clanton Park (33),D32,624416.811443419,4844408.00681314
632,7857419,1372879,8/29/2013 4:00:00 AM,2136,WILLIAM R ALLEN RD,TRANSIT RD,,Major Arterial,North York,43.742278,-79.454852,Non Intersection,No Control,Clear,Dark,Dry,Non-Fatal Injury,Rear End,Vehicle Owner,unknown,,,,Other,,,,,,,,,,,,Yes,Yes,,,,Yes,Yes,Yes,,,,33,Clanton Park,33,Clanton Park (33),D32,624416.811443419,4844408.00681314
633,7857420,1372879,8/29/2013 4:00:00 AM,2136,WILLIAM R ALLEN RD,TRANSIT RD,,Major Arterial,North York,43.742278,-79.454852,Non Intersection,No Control,Clear,Dark,Dry,Non-Fatal Injury,Rear End,Driver,20 to 24,None,,South,"Automobile, Station Wagon",Going Ahead,Lost control,Normal,,,,,,,,,Yes,Yes,,,,Yes,Yes,Yes,,,,33,Clanton Park,33,Clanton Park (33),D32,624416.811443419,4844408.00681314
634,7857844,1373040,8/30/2013 4:00:00 AM,1545,DANFORTH RD,BARDSEA CRT,,Major Arterial,Scarborough,43.748545,-79.244487,At Intersection,Stop Sign,Clear,Daylight,Dry,Fatal,Turning Movement,Driver,75 to 79,Minimal,,West,"Automobile, Station Wagon",Turning Right,Failed to Yield Right of Way,Normal,,,,,,,,,Yes,Yes,Yes,,,,Yes,Yes,,,,157,Bendale South,127,Bendale (127),D43,641341.039220859,4845441.49143859
635,7857845,1373040,8/30/2013 4:00:00 AM,1545,DANFORTH RD,BARDSEA CRT,,Major Arterial,Scarborough,43.748545,-79.244487,At Intersection,Stop Sign,Clear,Daylight,Dry,Fatal,Turning Movement,Motorcycle Driver,45 to 49,Fatal,36,North,Motorcycle,Changing Lanes,Improper Lane Change,Normal,,,,,,,,,Yes,Yes,Yes,,,,Yes,Yes,,,,157,Bendale South,127,Bendale (127),D43,641341.039220859,4845441.49143859
636,7857846,1373040,8/30/2013 4:00:00 AM,1545,DANFORTH RD,BARDSEA CRT,,Major Arterial,Scarborough,43.748545,-79.244487,At Intersection,Stop Sign,Clear,Daylight,Dry,Fatal,Turning Movement,Truck Driver,65 to 69,Major,,South,"Truck - Closed (Blazer, etc)",Stopped,Driving Properly,Normal,,,,,,,,,Yes,Yes,Yes,,,,Yes,Yes,,,,157,Bendale South,127,Bendale (127),D43,641341.039220859,4845441.49143859
637,7883710,1384077,8/31/2013 4:00:00 AM,1400,45 OVERLEA Blvd,,,Major Arterial,North York,43.705756,-79.349002,,No Control,Clear,Daylight,Dry,Non-Fatal Injury,SMV Other,Vehicle Owner,unknown,,,,Other,,,,,,,,,,,,,Yes,,,,,,,,,,55,Thorncliffe Park,55,Thorncliffe Park (55),D53,633020.84964725,4840516.1190969
638,7883711,1384077,8/31/2013 4:00:00 AM,1400,45 OVERLEA Blvd,,,Major Arterial,North York,43.705756,-79.349002,,No Control,Clear,Daylight,Dry,Non-Fatal Injury,SMV Other,Motorcycle Driver,35 to 39,Major,,East,Motorcycle,Going Ahead,Lost control,Normal,,,,,,,,,,Yes,,,,,,,,,,55,Thorncliffe Park,55,Thorncliffe Park (55),D53,633020.84964725,4840516.1190969
639,7884999,1384688,9/5/2013 4:00:00 AM,1345,BLOOR St W,PRINCE EDWARD Dr S,,Major Arterial,Etobicoke York,43.64868,-79.505443,At Intersection,Traffic Signal,Clear,Daylight,Dry,Non-Fatal Injury,Turning Movement,Driver,50 to 54,Major,,East,Municipal Transit Bus (TTC),Going Ahead,Driving Properly,Normal,,,,,,,,,,Yes,,Yes,,,,Yes,,,,16,Stonegate-Queensway,16,Stonegate-Queensway (16),D22,620530.510116033,4833937.94236271
640,7885000,1384688,9/5/2013 4:00:00 AM,1345,BLOOR St W,PRINCE EDWARD Dr S,,Major Arterial,Etobicoke York,43.64868,-79.505443,At Intersection,Traffic Signal,Clear,Daylight,Dry,Non-Fatal Injury,Turning Movement,Vehicle Owner,unknown,,,,Other,,,,,,,,,,,,,Yes,,Yes,,,,Yes,,,,16,Stonegate-Queensway,16,Stonegate-Queensway (16),D22,620530.510116033,4833937.94236271
641,7885001,1384688,9/5/2013 4:00:00 AM,1345,BLOOR St W,PRINCE EDWARD Dr S,,Major Arterial,Etobicoke York,43.64868,-79.505443,At Intersection,Traffic Signal,Clear,Daylight,Dry,Non-Fatal Injury,Turning Movement,Motorcycle Driver,45 to 49,None,,West,Motorcycle,Turning Left,Failed to Yield Right of Way,Inattentive,,,,,,,,,,Yes,,Yes,,,,Yes,,,,16,Stonegate-Queensway,16,Stonegate-Queensway (16),D22,620530.510116033,4833937.94236271
642,7860081,1374005,9/7/2013 4:00:00 AM,205,ROSEDALE VALLEY RD,BAYVIEW AVE,,Major Arterial,Toronto and East York,43.670146,-79.360187,,No Control,Clear,"Dark, artificial",Dry,Fatal,SMV Other,Motorcycle Driver,35 to 39,Fatal,39,East,Motorcycle,Going Ahead,Speed too Fast For Condition,Unknown,,,,,,,,,,Yes,,,,,Yes,Yes,,,,71,Cabbagetown-South St.James Town,71,Cabbagetown-South St.James Town (71),D51,632197.871739467,4836543.24871015
643,7860082,1374005,9/7/2013 4:00:00 AM,205,ROSEDALE VALLEY RD,BAYVIEW AVE,,Major Arterial,Toronto and East York,43.670146,-79.360187,,No Control,Clear,"Dark, artificial",Dry,Fatal,SMV Other,Other Property Owner,unknown,,,,,,,,,,,,,,,,,Yes,,,,,Yes,Yes,,,,71,Cabbagetown-South St.James Town,71,Cabbagetown-South St.James Town (71),D51,632197.871739467,4836543.24871015
644,7886780,1385463,9/9/2013 4:00:00 AM,1250,KING St W,WILSON PARK Rd,,Major Arterial,Toronto and East York,43.636626,-79.441554,,No Control,Clear,Daylight,Dry,Non-Fatal Injury,Sideswipe,Motorcycle Driver,25 to 29,Major,,East,Motorcycle,Going Ahead,Driving Properly,Normal,,,,,,,,,,Yes,,,,Yes,,,,,,85,South Parkdale,85,South Parkdale (85),D14,625708.107811169,4832693.96503245
645,7886781,1385463,9/9/2013 4:00:00 AM,1250,KING St W,WILSON PARK Rd,,Major Arterial,Toronto and East York,43.636626,-79.441554,,No Control,Clear,Daylight,Dry,Non-Fatal Injury,Sideswipe,Motorcycle Passenger,25 to 29,Minor,,,,,,,,,,,,,,,,Yes,,,,Yes,,,,,,85,South Parkdale,85,South Parkdale (85),D14,625708.107811169,4832693.96503245
646,7886782,1385463,9/9/2013 4:00:00 AM,1250,KING St W,WILSON PARK Rd,,Major Arterial,Toronto and East York,43.636626,-79.441554,,No Control,Clear,Daylight,Dry,Non-Fatal Injury,Sideswipe,Motorcycle Driver,30 to 34,Minor,,East,Motorcycle,Going Ahead,Lost control,Normal,,,,,,,,,,Yes,,,,Yes,,,,,,85,South Parkdale,85,South Parkdale (85),D14,625708.107811169,4832693.96503245
647,7889156,1386339,9/11/2013 4:00:00 AM,16,STEELES AVE E,PICKERING TOWN LINE,,Minor Arterial,Scarborough,43.855197,-79.171344,,No Control,Clear,Dark,Dry,Non-Fatal Injury,Sideswipe,Motorcycle Driver,25 to 29,Major,,West,Motorcycle,Changing Lanes,Lost control,Normal,,,,,,,,,,Yes,,,,,,,,,,144,Morningside Heights,131,Rouge (131),D42,646968.283739942,4857414.35316951
648,7889157,1386339,9/11/2013 4:00:00 AM,16,STEELES AVE E,PICKERING TOWN LINE,,Minor Arterial,Scarborough,43.855197,-79.171344,,No Control,Clear,Dark,Dry,Non-Fatal Injury,Sideswipe,Motorcycle Driver,20 to 24,Minor,,West,Motorcycle,Going Ahead,Driving Properly,Normal,,,,,,,,,,Yes,,,,,,,,,,144,Morningside Heights,131,Rouge (131),D42,646968.283739942,4857414.35316951
649,7863164,1375340,9/14/2013 4:00:00 AM,1400,DON MILLS RD,ST DENNIS DR,,Major Arterial,North York,43.716544,-79.337306,,Traffic Signal,Clear,Daylight,Dry,Non-Fatal Injury,Turning Movement,Passenger,25 to 29,Minor,,,Other,,,,,,,,,,,,Yes,Yes,,,,Yes,,,,,,44,Flemingdon Park,44,Flemingdon Park (44),D55,633939.172475487,4841733.11512835
650,7863165,1375340,9/14/2013 4:00:00 AM,1400,DON MILLS RD,ST DENNIS DR,,Major Arterial,North York,43.716544,-79.337306,,Traffic Signal,Clear,Daylight,Dry,Non-Fatal Injury,Turning Movement,Motorcycle Driver,40 to 44,Major,,North,Motorcycle,Going Ahead,Driving Properly,Normal,,,,,,,,,Yes,Yes,,,,Yes,,,,,,44,Flemingdon Park,44,Flemingdon Park (44),D55,633939.172475487,4841733.11512835
651,7863166,1375340,9/14/2013 4:00:00 AM,1400,DON MILLS RD,ST DENNIS DR,,Major Arterial,North York,43.716544,-79.337306,,Traffic Signal,Clear,Daylight,Dry,Non-Fatal Injury,Turning Movement,Driver,40 to 44,None,,South,"Automobile, Station Wagon",Turning Left,Improper Turn,Inattentive,,,,,,,,,Yes,Yes,,,,Yes,,,,,,44,Flemingdon Park,44,Flemingdon Park (44),D55,633939.172475487,4841733.11512835
652,7892148,1387422,9/23/2013 4:00:00 AM,1355,DON MILLS RD,EGLINTON AVE E,,Major Arterial,North York,43.720492,-79.338863,,Traffic Signal,Clear,Daylight,Dry,Non-Fatal Injury,Turning Movement,Motorcycle Driver,40 to 44,Major,,South,Motorcycle,Going Ahead,Driving Properly,Normal,,,,,,,,,Yes,Yes,,,,,,Yes,,,,44,Flemingdon Park,44,Flemingdon Park (44),D55,633804.957830696,4842169.08260552
653,7892149,1387422,9/23/2013 4:00:00 AM,1355,DON MILLS RD,EGLINTON AVE E,,Major Arterial,North York,43.720492,-79.338863,,Traffic Signal,Clear,Daylight,Dry,Non-Fatal Injury,Turning Movement,Driver,80 to 84,None,,North,"Automobile, Station Wagon",Turning Left,Failed to Yield Right of Way,Normal,,,,,,,,,Yes,Yes,,,,,,Yes,,,,44,Flemingdon Park,44,Flemingdon Park (44),D55,633804.957830696,4842169.08260552
654,7867899,1377364,9/25/2013 4:00:00 AM,1859,STEELES AVE W,STEINWAY BLVD,,Major Arterial,Etobicoke York,43.754172,-79.619815,,Stop Sign,Clear,"Dark, artificial",Dry,Fatal,Turning Movement,Motorcycle Driver,55 to 59,Fatal,42,East,Motorcycle,Going Ahead,Driving Properly,Normal,,,,,,,,,Yes,Yes,,,,,Yes,Yes,,,,1,West Humber-Clairville,1,West Humber-Clairville (1),D23,611111.731111735,4845494.49934341
655,7867900,1377364,9/25/2013 4:00:00 AM,1859,STEELES AVE W,STEINWAY BLVD,,Major Arterial,Etobicoke York,43.754172,-79.619815,,Stop Sign,Clear,"Dark, artificial",Dry,Fatal,Turning Movement,Driver,40 to 44,None,,North,"Automobile, Station Wagon",Turning Left,Failed to Yield Right of Way,Inattentive,,,,,,,,,Yes,Yes,,,,,Yes,Yes,,,,1,West Humber-Clairville,1,West Humber-Clairville (1),D23,611111.731111735,4845494.49934341
656,7893361,1387866,9/30/2013 4:00:00 AM,1640,EGLINTON Ave E,SUTHERLAND Dr,,Major Arterial,North York,43.713069,-79.367221,,Traffic Signal,Clear,Daylight,Dry,Non-Fatal Injury,Turning Movement,Motorcycle Driver,20 to 24,Major,,West,Motorcycle,Going Ahead,Driving Properly,Normal,,,,,,,,,Yes,Yes,,,,,,Yes,,,,56,Leaside-Bennington,56,Leaside-Bennington (56),D53,631536.931930205,4841299.25853419
657,7893362,1387866,9/30/2013 4:00:00 AM,1640,EGLINTON Ave E,SUTHERLAND Dr,,Major Arterial,North York,43.713069,-79.367221,,Traffic Signal,Clear,Daylight,Dry,Non-Fatal Injury,Turning Movement,Driver,45 to 49,None,,East,"Automobile, Station Wagon",Turning Left,Failed to Yield Right of Way,Normal,,,,,,,,,Yes,Yes,,,,,,Yes,,,,56,Leaside-Bennington,56,Leaside-Bennington (56),D53,631536.931930205,4841299.25853419
658,7889716,1386536,10/5/2013 4:00:00 AM,1922,4750 DUFFERIN ST,,,Major Arterial,North York,43.776274,-79.468707,,No Control,Clear,Dark,Dry,Non-Fatal Injury,Turning Movement,Motorcycle Passenger,50 to 54,Minor,,,,,,,,,,,,,,,Yes,Yes,,,,Yes,,Yes,,,,34,Bathurst Manor,34,Bathurst Manor (34),D32,623231.374052662,4848163.0541607
659,7889717,1386536,10/5/2013 4:00:00 AM,1922,4750 DUFFERIN ST,,,Major Arterial,North York,43.776274,-79.468707,,No Control,Clear,Dark,Dry,Non-Fatal Injury,Turning Movement,Motorcycle Driver,25 to 29,Major,,South,Motorcycle,Going Ahead,Driving Properly,Normal,,,,,,,,,Yes,Yes,,,,Yes,,Yes,,,,34,Bathurst Manor,34,Bathurst Manor (34),D32,623231.374052662,4848163.0541607
660,7889718,1386536,10/5/2013 4:00:00 AM,1922,4750 DUFFERIN ST,,,Major Arterial,North York,43.776274,-79.468707,,No Control,Clear,Dark,Dry,Non-Fatal Injury,Turning Movement,Driver,55 to 59,None,,North,"Automobile, Station Wagon",Turning Left,Failed to Yield Right of Way,Normal,,,,,,,,,Yes,Yes,,,,Yes,,Yes,,,,34,Bathurst Manor,34,Bathurst Manor (34),D32,623231.374052662,4848163.0541607