OBJECTID,INDEX,ACCNUM,DATE,TIME,STREET1,STREET2,OFFSET,ROAD_CLASS,DISTRICT,LATITUDE,LONGITUDE,ACCLOC,TRAFFCTL,VISIBILITY,LIGHT,RDSFCOND,ACCLASS,IMPACTYPE,INVTYPE,INVAGE,INJURY,FATAL_NO,INITDIR,VEHTYPE,MANOEUVER,DRIVACT,DRIVCOND,PEDTYPE,PEDACT,PEDCOND,CYCLISTYPE,CYCACT,CYCCOND,PEDESTRIAN,CYCLIST,AUTOMOBILE,MOTORCYCLE,TRUCK,TRSN_CITY_VEH,EMERG_VEH,PASSENGER,SPEEDING,AG_DRIV,REDLIGHT,ALCOHOL,DISABILITY,HOOD_158,NEIGHBOURHOOD_158,HOOD_140,NEIGHBOURHOOD_140,DIVISION,x,y
717,80631874,4002722723,8/17/2014 4:00:00 AM,2100,2169 YONGE ST,,,Major Arterial,Toronto and East York,43.705058,-79.397983,At/Near Private Drive,No Control,Clear,Daylight,Dry,Non-Fatal Injury,Turning Movement,Passenger,unknown,None,,,,,,,,,,,,,,,Yes,Yes,,,,Yes,,Yes,,,,174,South Eglinton-Davisville,104,Mount Pleasant West (104),D53,629075.910453155,4840361.16710144
718,80631875,4002722723,8/17/2014 4:00:00 AM,2100,2169 YONGE ST,,,Major Arterial,Toronto and East York,43.705058,-79.397983,At/Near Private Drive,No Control,Clear,Daylight,Dry,Non-Fatal Injury,Turning Movement,Passenger,20 to 24,None,,,,,,,,,,,,,,,Yes,Yes,,,,Yes,,Yes,,,,174,South Eglinton-Davisville,104,Mount Pleasant West (104),D53,629075.910453155,4840361.16710144
719,80217225,4002797820,8/29/2014 4:00:00 AM,610,KINGSTON  RD,WOODBINE AVE,,Major Arterial,Toronto and East York,43.673918,-79.307918,At Intersection,Traffic Signal,Clear,Dawn,Dry,Non-Fatal Injury,Turning Movement,Driver,50 to 54,None,,East,"Automobile, Station Wagon",Turning Left,Improper Turn,Normal,,,,,,,,,Yes,Yes,,,,,,,,,,63,The Beaches,63,The Beaches (63),D55,636403.17821195,4837046.80776245
720,80217226,4002797820,8/29/2014 4:00:00 AM,610,KINGSTON  RD,WOODBINE AVE,,Major Arterial,Toronto and East York,43.673918,-79.307918,At Intersection,Traffic Signal,Clear,Dawn,Dry,Non-Fatal Injury,Turning Movement,Motorcycle Driver,60 to 64,Major,,West,Motorcycle,Going Ahead,Driving Properly,Normal,,,,,,,,,Yes,Yes,,,,,,,,,,63,The Beaches,63,The Beaches (63),D55,636403.17821195,4837046.80776245
721,80508321,4002809837,8/30/2014 4:00:00 AM,2240,741 RUNNYMEDE RD,,10 m South o,Minor Arterial,Etobicoke York,43.668566,-79.483371,Non Intersection,No Control,Clear,"Dark, artificial",Dry,Non-Fatal Injury,Pedestrian Collisions,Driver,25 to 29,None,,North,"Automobile, Station Wagon",Turning Right,Improper Turn,Had Been Drinking,,,,,,,Yes,,Yes,Yes,,,,,,,,,,90,Junction Area,90,Junction Area (90),D11,622270.181938132,4836178.83448263
722,80508322,4002809837,8/30/2014 4:00:00 AM,2240,741 RUNNYMEDE RD,,10 m South o,Minor Arterial,Etobicoke York,43.668566,-79.483371,Non Intersection,No Control,Clear,"Dark, artificial",Dry,Non-Fatal Injury,Pedestrian Collisions,Motorcycle Driver,20 to 24,Major,,North,Motorcycle,Going Ahead,Driving Properly,Normal,,,,,,,Yes,,Yes,Yes,,,,,,,,,,90,Junction Area,90,Junction Area (90),D11,622270.181938132,4836178.83448263
723,80508323,4002809837,8/30/2014 4:00:00 AM,2240,741 RUNNYMEDE RD,,10 m South o,Minor Arterial,Etobicoke York,43.668566,-79.483371,Non Intersection,No Control,Clear,"Dark, artificial",Dry,Non-Fatal Injury,Pedestrian Collisions,Pedestrian,25 to 29,Minimal,,Unknown,,,,,Pedestrian hit on sidewalk or shoulder,On Sidewalk or Shoulder,Normal,,,,Yes,,Yes,Yes,,,,,,,,,,90,Junction Area,90,Junction Area (90),D11,622270.181938132,4836178.83448263
724,80508324,4002809837,8/30/2014 4:00:00 AM,2240,741 RUNNYMEDE RD,,10 m South o,Minor Arterial,Etobicoke York,43.668566,-79.483371,Non Intersection,No Control,Clear,"Dark, artificial",Dry,Non-Fatal Injury,Pedestrian Collisions,Pedestrian,25 to 29,Major,,Unknown,,,,,Pedestrian hit on sidewalk or shoulder,On Sidewalk or Shoulder,Normal,,,,Yes,,Yes,Yes,,,,,,,,,,90,Junction Area,90,Junction Area (90),D11,622270.181938132,4836178.83448263
725,80218171,4002881159,9/10/2014 4:00:00 AM,1030,ST CLAIR AVE E,KENNEDY RD,,Major Arterial,Scarborough,43.716452,-79.261302,Intersection Related,No Control,Clear,Daylight,Dry,Non-Fatal Injury,SMV Other,Driver - Not Hit,unknown,None,,,"Automobile, Station Wagon",,,,,,,,,,,,Yes,Yes,,,,,,Yes,,,,120,Clairlea-Birchmount,120,Clairlea-Birchmount (120),D41,640061.999646176,4841848.5302547
726,80218172,4002881159,9/10/2014 4:00:00 AM,1030,ST CLAIR AVE E,KENNEDY RD,,Major Arterial,Scarborough,43.716452,-79.261302,Intersection Related,No Control,Clear,Daylight,Dry,Non-Fatal Injury,SMV Other,Motorcycle Driver,20 to 24,Major,,West,Motorcycle,Going Ahead,Driving Properly,Normal,,,,,,,,,Yes,Yes,,,,,,Yes,,,,120,Clairlea-Birchmount,120,Clairlea-Birchmount (120),D41,640061.999646176,4841848.5302547
727,80485564,4002886498,9/11/2014 4:00:00 AM,625,STEELES AVE W,CONLEY ST,,Major Arterial,North York,43.788638,-79.463176,At Intersection,Traffic Signal,Clear,"Dark, artificial",Wet,Non-Fatal Injury,Turning Movement,Driver,60 to 64,None,,East,Pick Up Truck,Turning Left,Improper Turn,Normal,,,,,,,,,Yes,Yes,,,,,,,,,,35,Westminster-Branson,35,Westminster-Branson (35),D32,623650.995180496,4849544.51258804
728,80485565,4002886498,9/11/2014 4:00:00 AM,625,STEELES AVE W,CONLEY ST,,Major Arterial,North York,43.788638,-79.463176,At Intersection,Traffic Signal,Clear,"Dark, artificial",Wet,Non-Fatal Injury,Turning Movement,Motorcycle Driver,40 to 44,Major,,West,Motorcycle,Going Ahead,Other,Normal,,,,,,,,,Yes,Yes,,,,,,,,,,35,Westminster-Branson,35,Westminster-Branson (35),D32,623650.995180496,4849544.51258804
729,80631885,4002949644,9/20/2014 4:00:00 AM,2003,SKYWAY AVE,MERIDIAN RD,220 m South ,Minor Arterial,Etobicoke York,43.680937,-79.581149,Non Intersection,No Control,Clear,"Dark, artificial",Dry,Non-Fatal Injury,SMV Other,Motorcycle Driver,35 to 39,Major,,West,Motorcycle,Going Ahead,Lost control,Normal,,,,,,,,,,Yes,,,,,,Yes,,,,1,West Humber-Clairville,1,West Humber-Clairville (1),D23,614363.78704978,4837413.33171468
730,80631886,4002954632,9/21/2014 4:00:00 AM,1542,2715 LAWRENCE AVE E,,50 m West of,Major Arterial,Scarborough,43.752669,-79.259059,At/Near Private Drive,No Control,Clear,Daylight,Dry,Non-Fatal Injury,Turning Movement,Motorcycle Driver,35 to 39,Major,,South,Motorcycle,Going Ahead,Exceeding Speed Limit,Normal,,,,,,,,,Yes,Yes,,,,,Yes,Yes,,,,157,Bendale South,127,Bendale (127),D41,640158.167562722,4845874.76233514
731,80631887,4002954632,9/21/2014 4:00:00 AM,1542,2715 LAWRENCE AVE E,,50 m West of,Major Arterial,Scarborough,43.752669,-79.259059,At/Near Private Drive,No Control,Clear,Daylight,Dry,Non-Fatal Injury,Turning Movement,Driver,60 to 64,None,,West,"Automobile, Station Wagon",Turning Left,Driving Properly,Normal,,,,,,,,,Yes,Yes,,,,,Yes,Yes,,,,157,Bendale South,127,Bendale (127),D41,640158.167562722,4845874.76233514
732,80631890,4003003255,9/28/2014 4:00:00 AM,1820,WILLIAM R ALLEN RD N,RANEE AVE,100 m North ,,North York,43.724257,-79.447131,Non Intersection,No Control,Clear,Daylight,Dry,Non-Fatal Injury,SMV Other,Motorcycle Driver,45 to 49,Major,,North,Motorcycle,Unknown,Lost control,Unknown,,,,,,,,,,Yes,,,,,,,,,,32,Englemount-Lawrence,32,Englemount-Lawrence (32),D32,625076.02864841,4842418.13866133
733,80175762,4003015546,9/30/2014 4:00:00 AM,1538,DUNDAS ST E,MUTUAL ST,,Major Arterial,Toronto and East York,43.656806,-79.375659,At Intersection,No Control,Clear,Daylight,Dry,Non-Fatal Injury,Pedestrian Collisions,Motorcycle Driver,35 to 39,Minor,,West,Motorcycle,Going Ahead,Driving Properly,Fatigue,,,,,,,Yes,,,Yes,,,,,,,,,,168,Downtown Yonge East,75,Church-Yonge Corridor (75),D51,630979.549789382,4835037.12286651
734,80175763,4003015546,9/30/2014 4:00:00 AM,1538,DUNDAS ST E,MUTUAL ST,,Major Arterial,Toronto and East York,43.656806,-79.375659,At Intersection,No Control,Clear,Daylight,Dry,Non-Fatal Injury,Pedestrian Collisions,Pedestrian,45 to 49,Major,,South,,,,,Vehicle is going straight thru inter.while ped cross without ROW,Crossing without right of way,Medical or Physical Disability,,,,Yes,,,Yes,,,,,,,,,,168,Downtown Yonge East,75,Church-Yonge Corridor (75),D51,630979.549789382,4835037.12286651
735,80000050,143022510,10/1/2014 4:00:00 AM,1620,35 IRWIN RD,,,Local,Etobicoke York,43.725997,-79.55511,,No Control,Clear,Daylight,Wet,Fatal,SMV Other,Motorcycle Driver,20 to 24,Fatal,31,East,Motorcycle,Going Ahead,Lost control,Unknown,,,,,,,,,,Yes,,,,,Yes,Yes,,,,5,Elms-Old Rexdale,5,Elms-Old Rexdale (5),D23,616375.410067608,4842454.0926659
736,80219803,4003042543,10/4/2014 4:00:00 AM,1730,PHARMACY AVE,PRINCEWAY DR,55 m North o,Minor Arterial,Scarborough,43.753657,-79.308833,Non Intersection,No Control,Clear,Daylight,Dry,Non-Fatal Injury,Turning Movement,Driver,55 to 59,None,,North,"Automobile, Station Wagon",Turning Left,Failed to Yield Right of Way,Inattentive,,,,,,,,,Yes,Yes,,,,Yes,,Yes,,,,119,Wexford/Maryvale,119,Wexford/Maryvale (119),D41,636148.720426562,4845901.47107909
737,80219804,4003042543,10/4/2014 4:00:00 AM,1730,PHARMACY AVE,PRINCEWAY DR,55 m North o,Minor Arterial,Scarborough,43.753657,-79.308833,Non Intersection,No Control,Clear,Daylight,Dry,Non-Fatal Injury,Turning Movement,Motorcycle Driver,25 to 29,Major,,South,Motorcycle,Going Ahead,Lost control,Normal,,,,,,,,,Yes,Yes,,,,Yes,,Yes,,,,119,Wexford/Maryvale,119,Wexford/Maryvale (119),D41,636148.720426562,4845901.47107909
738,80219805,4003042543,10/4/2014 4:00:00 AM,1730,PHARMACY AVE,PRINCEWAY DR,55 m North o,Minor Arterial,Scarborough,43.753657,-79.308833,Non Intersection,No Control,Clear,Daylight,Dry,Non-Fatal Injury,Turning Movement,Passenger,60 to 64,None,,,,,,,,,,,,,,,Yes,Yes,,,,Yes,,Yes,,,,119,Wexford/Maryvale,119,Wexford/Maryvale (119),D41,636148.720426562,4845901.47107909
739,80219806,4003042543,10/4/2014 4:00:00 AM,1730,PHARMACY AVE,PRINCEWAY DR,55 m North o,Minor Arterial,Scarborough,43.753657,-79.308833,Non Intersection,No Control,Clear,Daylight,Dry,Non-Fatal Injury,Turning Movement,Passenger,80 to 84,None,,,,,,,,,,,,,,,Yes,Yes,,,,Yes,,Yes,,,,119,Wexford/Maryvale,119,Wexford/Maryvale (119),D41,636148.720426562,4845901.47107909
740,80219807,4003042543,10/4/2014 4:00:00 AM,1730,PHARMACY AVE,PRINCEWAY DR,55 m North o,Minor Arterial,Scarborough,43.753657,-79.308833,Non Intersection,No Control,Clear,Daylight,Dry,Non-Fatal Injury,Turning Movement,Passenger,80 to 84,None,,,,,,,,,,,,,,,Yes,Yes,,,,Yes,,Yes,,,,119,Wexford/Maryvale,119,Wexford/Maryvale (119),D41,636148.720426562,4845901.47107909
741,80219808,4003042543,10/4/2014 4:00:00 AM,1730,PHARMACY AVE,PRINCEWAY DR,55 m North o,Minor Arterial,Scarborough,43.753657,-79.308833,Non Intersection,No Control,Clear,Daylight,Dry,Non-Fatal Injury,Turning Movement,Passenger,50 to 54,None,,,,,,,,,,,,,,,Yes,Yes,,,,Yes,,Yes,,,,119,Wexford/Maryvale,119,Wexford/Maryvale (119),D41,636148.720426562,4845901.47107909
742,80220494,4003101857,10/14/2014 4:00:00 AM,1255,KENNEDY RD,GLAMORGAN AVE,,Major Arterial,Scarborough,43.769412,-79.282245,At Intersection,Traffic Signal,Clear,Daylight,Wet,Non-Fatal Injury,Turning Movement,Driver,45 to 49,None,,North,"Automobile, Station Wagon",Turning Left,Failed to Yield Right of Way,Inattentive,,,,,,,,,Yes,Yes,,,,,,Yes,,,,126,Dorset Park,126,Dorset Park (126),D41,638252.936150354,4847695.3552244
743,80220495,4003101857,10/14/2014 4:00:00 AM,1255,KENNEDY RD,GLAMORGAN AVE,,Major Arterial,Scarborough,43.769412,-79.282245,At Intersection,Traffic Signal,Clear,Daylight,Wet,Non-Fatal Injury,Turning Movement,Motorcycle Driver,50 to 54,Major,,South,Motorcycle,Going Ahead,Driving Properly,Normal,,,,,,,,,Yes,Yes,,,,,,Yes,,,,126,Dorset Park,126,Dorset Park (126),D41,638252.936150354,4847695.3552244
744,80220508,4003102605,10/14/2014 4:00:00 AM,1448,BRIDLETOWNE CRCL,FINCH AVE E,,Major Arterial,Scarborough,43.79584,-79.319309,At Intersection,Traffic Signal,Clear,Daylight,Dry,Non-Fatal Injury,Turning Movement,Driver,50 to 54,None,,North,"Automobile, Station Wagon",Turning Left,Failed to Yield Right of Way,Normal,,,,,,,,,Yes,Yes,,,,,,Yes,,,,147,L'Amoreaux West,117,L'Amoreaux (117),D42,635210.227907096,4850569.38000568
745,80220509,4003102605,10/14/2014 4:00:00 AM,1448,BRIDLETOWNE CRCL,FINCH AVE E,,Major Arterial,Scarborough,43.79584,-79.319309,At Intersection,Traffic Signal,Clear,Daylight,Dry,Non-Fatal Injury,Turning Movement,Motorcycle Driver,20 to 24,Major,,South,Motorcycle,Going Ahead,Improper Passing,Normal,,,,,,,,,Yes,Yes,,,,,,Yes,,,,147,L'Amoreaux West,117,L'Amoreaux (117),D42,635210.227907096,4850569.38000568
746,80220994,4003143526,10/20/2014 4:00:00 AM,2229,YORK ST,RICHMOND ST W,,Major Arterial,Toronto and East York,43.650431,-79.384639,At Intersection,Traffic Signal,Rain,"Dark, artificial",Wet,Non-Fatal Injury,Angle,Driver,25 to 29,None,,North,"Automobile, Station Wagon",Going Ahead,Disobeyed Traffic Control,Inattentive,,,,,,,,,Yes,Yes,,,,,,Yes,Yes,,,170,Yonge-Bay Corridor,76,Bay Street Corridor (76),D52,630269.218482113,4834314.95885294
747,80220995,4003143526,10/20/2014 4:00:00 AM,2229,YORK ST,RICHMOND ST W,,Major Arterial,Toronto and East York,43.650431,-79.384639,At Intersection,Traffic Signal,Rain,"Dark, artificial",Wet,Non-Fatal Injury,Angle,Motorcycle Driver,35 to 39,Major,,West,Motorcycle,Going Ahead,Driving Properly,Normal,,,,,,,,,Yes,Yes,,,,,,Yes,Yes,,,170,Yonge-Bay Corridor,76,Bay Street Corridor (76),D52,630269.218482113,4834314.95885294
748,80221056,4003152521,10/22/2014 4:00:00 AM,1145,DON VALLEY PARKWAY  S,WYNFORD DR,200 m North ,,North York,43.728484,-79.330394,Non Intersection,No Control,Clear,Daylight,Dry,Non-Fatal Injury,Rear End,Motorcycle Driver,15 to 19,Major,,South,Motorcycle,Going Ahead,Speed too Fast For Condition,Inattentive,,,,,,,,,Yes,Yes,,,,,Yes,Yes,,,,42,Banbury-Don Mills,42,Banbury-Don Mills (42),D33,634469.261903226,4843070.41892932
749,80221057,4003152521,10/22/2014 4:00:00 AM,1145,DON VALLEY PARKWAY  S,WYNFORD DR,200 m North ,,North York,43.728484,-79.330394,Non Intersection,No Control,Clear,Daylight,Dry,Non-Fatal Injury,Rear End,Driver,55 to 59,None,,South,"Automobile, Station Wagon",Stopped,Driving Properly,Normal,,,,,,,,,Yes,Yes,,,,,Yes,Yes,,,,42,Banbury-Don Mills,42,Banbury-Don Mills (42),D33,634469.261903226,4843070.41892932
750,80631897,4003174449,10/25/2014 4:00:00 AM,1736,123 SPADINA AVE,,,Major Arterial,Toronto and East York,43.647292,-79.395778,Intersection Related,No Control,Clear,Daylight,Dry,Non-Fatal Injury,Sideswipe,Driver,35 to 39,None,,North,"Automobile, Station Wagon",Changing Lanes,Improper Lane Change,Inattentive,,,,,,,,,Yes,Yes,,,,,,,,,,164,Wellington Place,77,Waterfront Communities-The Island (77),D52,629377.654555791,4833948.90604747
751,80631898,4003174449,10/25/2014 4:00:00 AM,1736,123 SPADINA AVE,,,Major Arterial,Toronto and East York,43.647292,-79.395778,Intersection Related,No Control,Clear,Daylight,Dry,Non-Fatal Injury,Sideswipe,Motorcycle Driver,30 to 34,Major,,North,Motorcycle,Going Ahead,Driving Properly,Normal,,,,,,,,,Yes,Yes,,,,,,,,,,164,Wellington Place,77,Waterfront Communities-The Island (77),D52,629377.654555791,4833948.90604747
752,80178781,4003207779,10/30/2014 4:00:00 AM,2111,1255 QUEENSWAY AVE,,,Major Arterial,Etobicoke York,43.621318,-79.525058,Non Intersection,No Control,Clear,"Dark, artificial",Wet,Non-Fatal Injury,Turning Movement,Motorcycle Driver,25 to 29,Major,,East,Motorcycle,Going Ahead,Driving Properly,Normal,,,,,,,,,,Yes,,,,,,Yes,,,,159,Etobicoke City Centre,14,Islington-City Centre West (14),D22,619002.614230772,4830870.75009586
753,80178782,4003207779,10/30/2014 4:00:00 AM,2111,1255 QUEENSWAY AVE,,,Major Arterial,Etobicoke York,43.621318,-79.525058,Non Intersection,No Control,Clear,"Dark, artificial",Wet,Non-Fatal Injury,Turning Movement,Driver,unknown,None,,North,,Turning Right,Failed to Yield Right of Way,Unknown,,,,,,,,,,Yes,,,,,,Yes,,,,159,Etobicoke City Centre,14,Islington-City Centre West (14),D22,619002.614230772,4830870.75009586
754,80222387,4003269360,11/9/2014 5:00:00 AM,1356,PHARMACY AVE,INNISDALE DR,,Minor Arterial,Scarborough,43.734862,-79.301227,Intersection Related,Traffic Signal,Clear,Daylight,Dry,Non-Fatal Injury,Rear End,Motorcycle Driver,25 to 29,Major,,South,Motorcycle,Going Ahead,Following too Close,Normal,,,,,,,,,Yes,Yes,,,,,,Yes,,,,119,Wexford/Maryvale,119,Wexford/Maryvale (119),D41,636803.861092131,4843826.53524264
755,80222388,4003269360,11/9/2014 5:00:00 AM,1356,PHARMACY AVE,INNISDALE DR,,Minor Arterial,Scarborough,43.734862,-79.301227,Intersection Related,Traffic Signal,Clear,Daylight,Dry,Non-Fatal Injury,Rear End,Driver,80 to 84,None,,South,"Automobile, Station Wagon",Going Ahead,Driving Properly,Normal,,,,,,,,,Yes,Yes,,,,,,Yes,,,,119,Wexford/Maryvale,119,Wexford/Maryvale (119),D41,636803.861092131,4843826.53524264
756,80509328,,3/11/2015 4:00:00 AM,1331,DON VALLEY PARKWAY  S,YORK MILLS RD,545 m North ,,North York,43.761744,-79.336734,Non Intersection,No Control,Clear,Daylight,Dry,Non-Fatal Injury,Rear End,Motorcycle Driver,45 to 49,Major,,South,Motorcycle,Slowing or Stopping,Following too Close,Other,,,,,,,,,Yes,Yes,,,,,,Yes,,,,149,Parkwoods-O'Connor Hills,45,Parkwoods-Donalda (45),D33,633884.466962349,4846754.16964071
757,80509329,,3/11/2015 4:00:00 AM,1331,DON VALLEY PARKWAY  S,YORK MILLS RD,545 m North ,,North York,43.761744,-79.336734,Non Intersection,No Control,Clear,Daylight,Dry,Non-Fatal Injury,Rear End,Driver,60 to 64,None,,South,"Automobile, Station Wagon",Going Ahead,Driving Properly,Normal,,,,,,,,,Yes,Yes,,,,,,Yes,,,,149,Parkwoods-O'Connor Hills,45,Parkwoods-Donalda (45),D33,633884.466962349,4846754.16964071
758,80510236,,3/28/2015 4:00:00 AM,1238,JANE ST,MAPLE LEAF DR,50 m South o,Major Arterial,Etobicoke York,43.708796,-79.505435,Non Intersection,No Control,Clear,Daylight,Dry,Non-Fatal Injury,Sideswipe,Motorcycle Driver,20 to 24,Major,,North,Motorcycle,Going Ahead,Lost control,Normal,,,,,,,,,,Yes,Yes,,,,,,,,,28,Rustic,28,Rustic (28),D12,620410.84944137,4840614.63620111
759,80510237,,3/28/2015 4:00:00 AM,1238,JANE ST,MAPLE LEAF DR,50 m South o,Major Arterial,Etobicoke York,43.708796,-79.505435,Non Intersection,No Control,Clear,Daylight,Dry,Non-Fatal Injury,Sideswipe,Truck Driver,35 to 39,None,,North,Truck-Tractor,Going Ahead,Driving Properly,Normal,,,,,,,,,,Yes,Yes,,,,,,,,,28,Rustic,28,Rustic (28),D12,620410.84944137,4840614.63620111
760,80000100,,4/1/2015 4:00:00 AM,2308,F G GARDINER XY  W,STRACHAN AVE,,,Toronto and East York,43.637427,-79.41212,,No Control,Clear,"Dark, artificial",Dry,Fatal,SMV Other,Motorcycle Driver,unknown,Fatal,15,West,Motorcycle,Going Ahead,Exceeding Speed Limit,Unknown,,,,,,,,,,Yes,,,,,Yes,Yes,,,,163,Fort York-Liberty Village,82,Niagara (82),D14,628080.64913788,4832827.92362314
761,80235182,,4/3/2015 4:00:00 AM,1626,3231 EGLINTON AVE E,,7 m West of,Major Arterial,Scarborough,43.744261,-79.214069,At/Near Private Drive,No Control,Clear,Daylight,Dry,Non-Fatal Injury,Sideswipe,Driver,unknown,None,,East,,Changing Lanes,Improper Lane Change,Unknown,,,,,,,,,,Yes,,,,,,,,,,139,Scarborough Village,139,Scarborough Village (139),D43,643800.362416086,4845018.04246718
762,80235183,,4/3/2015 4:00:00 AM,1626,3231 EGLINTON AVE E,,7 m West of,Major Arterial,Scarborough,43.744261,-79.214069,At/Near Private Drive,No Control,Clear,Daylight,Dry,Non-Fatal Injury,Sideswipe,Motorcycle Driver,60 to 64,Major,,East,Motorcycle,Going Ahead,Driving Properly,Normal,,,,,,,,,,Yes,,,,,,,,,,139,Scarborough Village,139,Scarborough Village (139),D43,643800.362416086,4845018.04246718
763,80511388,,4/18/2015 4:00:00 AM,1724,BYNG AVE,DORIS AVE,,Minor Arterial,North York,43.776915,-79.413181,Non Intersection,Traffic Signal,Clear,Daylight,Dry,Non-Fatal Injury,Turning Movement,Driver,55 to 59,Major,,South,"Automobile, Station Wagon",Turning Left,Failed to Yield Right of Way,Normal,,,,,,,,,Yes,Yes,,,,Yes,Yes,Yes,,,,151,Yonge-Doris,51,Willowdale East (51),D32,627698.523871344,4848318.38998623
764,80511389,,4/18/2015 4:00:00 AM,1724,BYNG AVE,DORIS AVE,,Minor Arterial,North York,43.776915,-79.413181,Non Intersection,Traffic Signal,Clear,Daylight,Dry,Non-Fatal Injury,Turning Movement,Motorcycle Driver,20 to 24,None,,North,Motorcycle,Going Ahead,Exceeding Speed Limit,Normal,,,,,,,,,Yes,Yes,,,,Yes,Yes,Yes,,,,151,Yonge-Doris,51,Willowdale East (51),D32,627698.523871344,4848318.38998623
765,80511390,,4/18/2015 4:00:00 AM,1724,BYNG AVE,DORIS AVE,,Minor Arterial,North York,43.776915,-79.413181,Non Intersection,Traffic Signal,Clear,Daylight,Dry,Non-Fatal Injury,Turning Movement,Passenger,70 to 74,Minor,,,,,,,,,,,,,,,Yes,Yes,,,,Yes,Yes,Yes,,,,151,Yonge-Doris,51,Willowdale East (51),D32,627698.523871344,4848318.38998623
766,80632007,,5/6/2015 4:00:00 AM,1649,LAWRENCE AVE W,BRUCEWOOD CRES,1 m North of,Major Arterial,North York,43.718421,-79.432933,At Intersection,Traffic Signal,Clear,Daylight,Dry,Non-Fatal Injury,Turning Movement,Motorcycle Driver,45 to 49,Major,,East,Motorcycle,Turning Left,Improper Turn,Normal,,,,,,,,,Yes,Yes,,,,,,Yes,Yes,,,32,Englemount-Lawrence,32,Englemount-Lawrence (32),D13,626231.874318445,4841791.49381817
767,80632008,,5/6/2015 4:00:00 AM,1649,LAWRENCE AVE W,BRUCEWOOD CRES,1 m North of,Major Arterial,North York,43.718421,-79.432933,At Intersection,Traffic Signal,Clear,Daylight,Dry,Non-Fatal Injury,Turning Movement,Driver,20 to 24,Minor,,West,"Automobile, Station Wagon",Going Ahead,Disobeyed Traffic Control,Normal,,,,,,,,,Yes,Yes,,,,,,Yes,Yes,,,32,Englemount-Lawrence,32,Englemount-Lawrence (32),D13,626231.874318445,4841791.49381817
768,80000126,,5/7/2015 4:00:00 AM,100,ROSEDALE VALLEY RD,BAYVIEW AVE,,Minor Arterial,Toronto and East York,43.671626,-79.36584,Non Intersection,No Control,Clear,"Dark, artificial",Dry,Fatal,SMV Other,Motorcycle Passenger,20 to 24,Major,,,,,,,,,,,,,,,,Yes,,,,Yes,Yes,Yes,,,,71,Cabbagetown-South St.James Town,71,Cabbagetown-South St.James Town (71),D51,631738.897115777,4836698.62937221
769,80000127,,5/7/2015 4:00:00 AM,100,ROSEDALE VALLEY RD,BAYVIEW AVE,,Minor Arterial,Toronto and East York,43.671626,-79.36584,Non Intersection,No Control,Clear,"Dark, artificial",Dry,Fatal,SMV Other,Motorcycle Driver,25 to 29,Fatal,20,West,Motorcycle,Going Ahead,Lost control,Unknown,,,,,,,,,,Yes,,,,Yes,Yes,Yes,,,,71,Cabbagetown-South St.James Town,71,Cabbagetown-South St.James Town (71),D51,631738.897115777,4836698.62937221
770,80196653,,5/7/2015 4:00:00 AM,115,ROSEDALE VALLEY RD,BAYVIEW AVE,,Minor Arterial,Toronto and East York,43.671145,-79.364406,Non Intersection,No Control,Clear,"Dark, artificial",Dry,Non-Fatal Injury,SMV Other,Motorcycle Passenger,20 to 24,Major,,,,,,,,,,,,,,,,Yes,,,,Yes,Yes,Yes,,,,71,Cabbagetown-South St.James Town,71,Cabbagetown-South St.James Town (71),D51,631855.554551429,4836647.48622444
771,80196654,,5/7/2015 4:00:00 AM,115,ROSEDALE VALLEY RD,BAYVIEW AVE,,Minor Arterial,Toronto and East York,43.671145,-79.364406,Non Intersection,No Control,Clear,"Dark, artificial",Dry,Non-Fatal Injury,SMV Other,Motorcycle Driver,25 to 29,Major,,West,Motorcycle,Going Ahead,Exceeding Speed Limit,Normal,,,,,,,,,,Yes,,,,Yes,Yes,Yes,,,,71,Cabbagetown-South St.James Town,71,Cabbagetown-South St.James Town (71),D51,631855.554551429,4836647.48622444
772,80496835,,5/14/2015 4:00:00 AM,1730,GERRARD ST E,GREENWOOD AVE,4 m East of,Minor Arterial,Toronto and East York,43.670912,-79.328014,Non Intersection,Traffic Signal,Clear,Daylight,Dry,Non-Fatal Injury,Turning Movement,Driver,45 to 49,None,,North,"Automobile, Station Wagon",Turning Right,Improper Turn,Normal,,,,,,,,,Yes,Yes,,,,,,,,,,65,Greenwood-Coxwell,65,Greenwood-Coxwell (65),D55,634789.897722789,4836680.09916798
773,80496836,,5/14/2015 4:00:00 AM,1730,GERRARD ST E,GREENWOOD AVE,4 m East of,Minor Arterial,Toronto and East York,43.670912,-79.328014,Non Intersection,Traffic Signal,Clear,Daylight,Dry,Non-Fatal Injury,Turning Movement,Motorcycle Driver,30 to 34,Major,,East,Motorcycle,Going Ahead,Driving Properly,Normal,,,,,,,,,Yes,Yes,,,,,,,,,,65,Greenwood-Coxwell,65,Greenwood-Coxwell (65),D55,634789.897722789,4836680.09916798