OBJECTID,INDEX,ACCNUM,DATE,TIME,STREET1,STREET2,OFFSET,ROAD_CLASS,DISTRICT,LATITUDE,LONGITUDE,ACCLOC,TRAFFCTL,VISIBILITY,LIGHT,RDSFCOND,ACCLASS,IMPACTYPE,INVTYPE,INVAGE,INJURY,FATAL_NO,INITDIR,VEHTYPE,MANOEUVER,DRIVACT,DRIVCOND,PEDTYPE,PEDACT,PEDCOND,CYCLISTYPE,CYCACT,CYCCOND,PEDESTRIAN,CYCLIST,AUTOMOBILE,MOTORCYCLE,TRUCK,TRSN_CITY_VEH,EMERG_VEH,PASSENGER,SPEEDING,AG_DRIV,REDLIGHT,ALCOHOL,DISABILITY,HOOD_158,NEIGHBOURHOOD_158,HOOD_140,NEIGHBOURHOOD_140,DIVISION,x,y
774,80238796,,5/15/2015 4:00:00 AM,1535,MORTIMER AVE,GLEBEMOUNT AVE,,Minor Arterial,Toronto and East York,43.691435,-79.320651,At Intersection,Stop Sign,Clear,Daylight,Wet,Non-Fatal Injury,Angle,Driver,15 to 19,None,,North,"Automobile, Station Wagon",Going Ahead,Failed to Yield Right of Way,Inattentive,,,,,,,,,Yes,Yes,,,,,,Yes,,,,59,Danforth East York,59,Danforth East York (59),D55,635337.330679764,4838971.45291775
775,80238797,,5/15/2015 4:00:00 AM,1535,MORTIMER AVE,GLEBEMOUNT AVE,,Minor Arterial,Toronto and East York,43.691435,-79.320651,At Intersection,Stop Sign,Clear,Daylight,Wet,Non-Fatal Injury,Angle,Motorcycle Driver,55 to 59,Major,,East,Motorcycle,Overtaking,Driving Properly,Normal,,,,,,,,,Yes,Yes,,,,,,Yes,,,,59,Danforth East York,59,Danforth East York (59),D55,635337.330679764,4838971.45291775
776,80632017,,5/24/2015 4:00:00 AM,1413,BATHURST ST,ULSTER ST,35 m North o,Major Arterial,Toronto and East York,43.659735,-79.409045,Non Intersection,Traffic Signal,Clear,Daylight,Other,Non-Fatal Injury,SMV Other,Motorcycle Driver,25 to 29,Major,,South,Motorcycle,Going Ahead,Driving Properly,Other,,,,,,,,,,Yes,,,,,,,,,,79,University,79,University (79),D14,628281.187797992,4835310.26678912
777,80496920,,5/25/2015 4:00:00 AM,1828,MORNINGSIDE AVE,SHEPPARD AVE E,,Major Arterial,Scarborough,43.801963,-79.199764,Intersection Related,Traffic Signal,Clear,Daylight,Dry,Non-Fatal Injury,Turning Movement,Driver,55 to 59,None,,North,"Automobile, Station Wagon",Turning Left,Failed to Yield Right of Way,Normal,,,,,,,,,Yes,Yes,,,,Yes,,Yes,,,,144,Morningside Heights,131,Rouge (131),D42,644812.844081986,4851451.69273716
778,80496921,,5/25/2015 4:00:00 AM,1828,MORNINGSIDE AVE,SHEPPARD AVE E,,Major Arterial,Scarborough,43.801963,-79.199764,Intersection Related,Traffic Signal,Clear,Daylight,Dry,Non-Fatal Injury,Turning Movement,Motorcycle Driver,20 to 24,Major,,South,Motorcycle,Going Ahead,Driving Properly,Normal,,,,,,,,,Yes,Yes,,,,Yes,,Yes,,,,144,Morningside Heights,131,Rouge (131),D42,644812.844081986,4851451.69273716
779,80496922,,5/25/2015 4:00:00 AM,1828,MORNINGSIDE AVE,SHEPPARD AVE E,,Major Arterial,Scarborough,43.801963,-79.199764,Intersection Related,Traffic Signal,Clear,Daylight,Dry,Non-Fatal Injury,Turning Movement,Motorcycle Passenger,15 to 19,Major,,,,,,,,,,,,,,,Yes,Yes,,,,Yes,,Yes,,,,144,Morningside Heights,131,Rouge (131),D42,644812.844081986,4851451.69273716
780,80241719,,6/16/2015 4:00:00 AM,715,BAYVIEW AVE,SUTHERLAND DR,,Major Arterial,North York,43.698722,-79.372493,At Intersection,Stop Sign,Rain,Dawn,Wet,Non-Fatal Injury,Turning Movement,Driver,30 to 34,None,,North,Municipal Transit Bus (TTC),Going Ahead,Speed too Fast For Condition,Normal,,,,,,,,,,Yes,,Yes,,,Yes,Yes,,,,56,Leaside-Bennington,56,Leaside-Bennington (56),D53,631143.497049622,4839697.46865029
781,80241720,,6/16/2015 4:00:00 AM,715,BAYVIEW AVE,SUTHERLAND DR,,Major Arterial,North York,43.698722,-79.372493,At Intersection,Stop Sign,Rain,Dawn,Wet,Non-Fatal Injury,Turning Movement,Motorcycle Driver,30 to 34,Major,,West,Motorcycle,Turning Left,Failed to Yield Right of Way,Normal,,,,,,,,,,Yes,,Yes,,,Yes,Yes,,,,56,Leaside-Bennington,56,Leaside-Bennington (56),D53,631143.497049622,4839697.46865029
782,80486005,,6/16/2015 4:00:00 AM,2049,BAYVIEW BLOOR DVP RAMP,DON VALLEY PARKWAY  N,,,Toronto and East York,43.682849,-79.362384,Underpass or Tunnel,No Control,Clear,Dusk,Dry,Non-Fatal Injury,SMV Other,Motorcycle Driver,35 to 39,Major,,West,Motorcycle,Going Ahead,Lost control,Normal,,,,,,,,,,Yes,,,,,,,,,,57,Broadview North,57,Broadview North (57),D55,631992.897818328,4837950.5911682
783,80242708,,6/26/2015 4:00:00 AM,1652,SHEPPARD AVE E,SHAUGHNESSY BLVD,5 m West of,Major Arterial,North York,43.773719,-79.353313,Intersection Related,Traffic Signal,Clear,Daylight,Dry,Non-Fatal Injury,Turning Movement,Motorcycle Driver,60 to 64,Major,,West,Motorcycle,Turning Left,Improper Turn,Normal,,,,,,,,,Yes,Yes,,,,Yes,,,,,,53,Henry Farm,53,Henry Farm (53),D33,632523.479519737,4848057.50702911
784,80242709,,6/26/2015 4:00:00 AM,1652,SHEPPARD AVE E,SHAUGHNESSY BLVD,5 m West of,Major Arterial,North York,43.773719,-79.353313,Intersection Related,Traffic Signal,Clear,Daylight,Dry,Non-Fatal Injury,Turning Movement,Driver,25 to 29,None,,East,"Automobile, Station Wagon",Going Ahead,Driving Properly,Normal,,,,,,,,,Yes,Yes,,,,Yes,,,,,,53,Henry Farm,53,Henry Farm (53),D33,632523.479519737,4848057.50702911
785,80242710,,6/26/2015 4:00:00 AM,1652,SHEPPARD AVE E,SHAUGHNESSY BLVD,5 m West of,Major Arterial,North York,43.773719,-79.353313,Intersection Related,Traffic Signal,Clear,Daylight,Dry,Non-Fatal Injury,Turning Movement,Passenger,25 to 29,None,,,,,,,,,,,,,,,Yes,Yes,,,,Yes,,,,,,53,Henry Farm,53,Henry Farm (53),D33,632523.479519737,4848057.50702911
786,80243084,,6/29/2015 4:00:00 AM,1745,300 PROGRESS AVE,,40 m East of,Minor Arterial,Scarborough,43.774325,-79.266902,Non Intersection,No Control,Clear,Daylight,Dry,Non-Fatal Injury,Turning Movement,Driver,55 to 59,Minimal,,West,"Automobile, Station Wagon",Making U Turn,Improper Turn,Unknown,,,,,,,,,Yes,Yes,,,,Yes,,,,,,156,Bendale-Glen Andrew,127,Bendale (127),D41,639476.404597913,4848266.75328381
787,80243085,,6/29/2015 4:00:00 AM,1745,300 PROGRESS AVE,,40 m East of,Minor Arterial,Scarborough,43.774325,-79.266902,Non Intersection,No Control,Clear,Daylight,Dry,Non-Fatal Injury,Turning Movement,Motorcycle Driver,50 to 54,Major,,West,Motorcycle,Going Ahead,Driving Properly,Normal,,,,,,,,,Yes,Yes,,,,Yes,,,,,,156,Bendale-Glen Andrew,127,Bendale (127),D41,639476.404597913,4848266.75328381
788,80243086,,6/29/2015 4:00:00 AM,1745,300 PROGRESS AVE,,40 m East of,Minor Arterial,Scarborough,43.774325,-79.266902,Non Intersection,No Control,Clear,Daylight,Dry,Non-Fatal Injury,Turning Movement,Passenger,60 to 64,None,,,,,,,,,,,,,,,Yes,Yes,,,,Yes,,,,,,156,Bendale-Glen Andrew,127,Bendale (127),D41,639476.404597913,4848266.75328381
789,80486151,,7/1/2015 4:00:00 AM,1525,GERRARD ST E,RIVER ST,,Minor Arterial,Toronto and East York,43.663695,-79.359233,At Intersection,Traffic Signal,Clear,Daylight,Dry,Non-Fatal Injury,Turning Movement,Driver,30 to 34,None,,South,"Automobile, Station Wagon",Turning Left,Disobeyed Traffic Control,Inattentive,,,,,,,,,Yes,Yes,,,,Yes,,Yes,Yes,,,72,Regent Park,72,Regent Park (72),D51,632288.952240621,4835828.29903621
790,80486152,,7/1/2015 4:00:00 AM,1525,GERRARD ST E,RIVER ST,,Minor Arterial,Toronto and East York,43.663695,-79.359233,At Intersection,Traffic Signal,Clear,Daylight,Dry,Non-Fatal Injury,Turning Movement,Motorcycle Driver,45 to 49,Major,,North,Motorcycle,Going Ahead,Failed to Yield Right of Way,Normal,,,,,,,,,Yes,Yes,,,,Yes,,Yes,Yes,,,72,Regent Park,72,Regent Park (72),D51,632288.952240621,4835828.29903621
791,80486153,,7/1/2015 4:00:00 AM,1525,GERRARD ST E,RIVER ST,,Minor Arterial,Toronto and East York,43.663695,-79.359233,At Intersection,Traffic Signal,Clear,Daylight,Dry,Non-Fatal Injury,Turning Movement,Passenger,15 to 19,Major,,,,,,,,,,,,,,,Yes,Yes,,,,Yes,,Yes,Yes,,,72,Regent Park,72,Regent Park (72),D51,632288.952240621,4835828.29903621
792,80502528,,7/6/2015 4:00:00 AM,8,KIPLING AVE,JUTLAND RD,,Major Arterial,Etobicoke York,43.626292,-79.528835,Intersection Related,No Control,Clear,"Dark, artificial",Dry,Fatal,Turning Movement,Driver,50 to 54,Minimal,,South,"Automobile, Station Wagon",Turning Left,Driving Properly,Normal,,,,,,,,,Yes,Yes,,,,Yes,Yes,Yes,,,,159,Etobicoke City Centre,14,Islington-City Centre West (14),D22,618688.084055611,4831417.76743065
793,80502529,,7/6/2015 4:00:00 AM,8,KIPLING AVE,JUTLAND RD,,Major Arterial,Etobicoke York,43.626292,-79.528835,Intersection Related,No Control,Clear,"Dark, artificial",Dry,Fatal,Turning Movement,Motorcycle Driver,25 to 29,Fatal,33,North,Motorcycle,Going Ahead,Exceeding Speed Limit,Unknown,,,,,,,,,Yes,Yes,,,,Yes,Yes,Yes,,,,159,Etobicoke City Centre,14,Islington-City Centre West (14),D22,618688.084055611,4831417.76743065
794,80502530,,7/6/2015 4:00:00 AM,8,KIPLING AVE,JUTLAND RD,,Major Arterial,Etobicoke York,43.626292,-79.528835,Intersection Related,No Control,Clear,"Dark, artificial",Dry,Fatal,Turning Movement,Passenger,50 to 54,Minor,,,,,,,,,,,,,,,Yes,Yes,,,,Yes,Yes,Yes,,,,159,Etobicoke City Centre,14,Islington-City Centre West (14),D22,618688.084055611,4831417.76743065
795,80244230,,7/10/2015 4:00:00 AM,1850,EGLINTON AVE W,ROYAL YORK RD,,Major Arterial,Etobicoke York,43.682265,-79.526561,At Intersection,Traffic Signal,Clear,Daylight,Dry,Non-Fatal Injury,Turning Movement,Driver,unknown,None,,West,,Turning Left,Failed to Yield Right of Way,Unknown,,,,,,,,,,Yes,,,,,,Yes,,,,9,Edenbridge-Humber Valley,9,Edenbridge-Humber Valley (9),D22,618761.162569989,4837637.53989647
796,80244231,,7/10/2015 4:00:00 AM,1850,EGLINTON AVE W,ROYAL YORK RD,,Major Arterial,Etobicoke York,43.682265,-79.526561,At Intersection,Traffic Signal,Clear,Daylight,Dry,Non-Fatal Injury,Turning Movement,Motorcycle Driver,55 to 59,Major,,East,Motorcycle,Going Ahead,Driving Properly,Normal,,,,,,,,,,Yes,,,,,,Yes,,,,9,Edenbridge-Humber Valley,9,Edenbridge-Humber Valley (9),D22,618761.162569989,4837637.53989647
797,80244760,,7/15/2015 4:00:00 AM,2030,DANFORTH AVE,AUGUST AVE,,Major Arterial,Scarborough,43.692805,-79.281108,Intersection Related,Stop Sign,Clear,Daylight,Dry,Non-Fatal Injury,Turning Movement,Driver,60 to 64,None,,North,"Automobile, Station Wagon",Turning Left,Improper Turn,Normal,,,,,,,,,Yes,Yes,,,,Yes,,,,,,121,Oakridge,121,Oakridge (121),D41,638520.951265352,4839188.91129682
798,80244761,,7/15/2015 4:00:00 AM,2030,DANFORTH AVE,AUGUST AVE,,Major Arterial,Scarborough,43.692805,-79.281108,Intersection Related,Stop Sign,Clear,Daylight,Dry,Non-Fatal Injury,Turning Movement,Motorcycle Driver,50 to 54,Major,,West,Motorcycle,Going Ahead,Driving Properly,Normal,,,,,,,,,Yes,Yes,,,,Yes,,,,,,121,Oakridge,121,Oakridge (121),D41,638520.951265352,4839188.91129682
799,80244762,,7/15/2015 4:00:00 AM,2030,DANFORTH AVE,AUGUST AVE,,Major Arterial,Scarborough,43.692805,-79.281108,Intersection Related,Stop Sign,Clear,Daylight,Dry,Non-Fatal Injury,Turning Movement,Passenger,45 to 49,None,,,,,,,,,,,,,,,Yes,Yes,,,,Yes,,,,,,121,Oakridge,121,Oakridge (121),D41,638520.951265352,4839188.91129682
800,80244763,,7/15/2015 4:00:00 AM,2030,DANFORTH AVE,AUGUST AVE,,Major Arterial,Scarborough,43.692805,-79.281108,Intersection Related,Stop Sign,Clear,Daylight,Dry,Non-Fatal Injury,Turning Movement,Passenger,10 to 14,None,,,,,,,,,,,,,,,Yes,Yes,,,,Yes,,,,,,121,Oakridge,121,Oakridge (121),D41,638520.951265352,4839188.91129682
801,80245330,,7/21/2015 4:00:00 AM,954,LAWRENCE AVE E,MORNINGSIDE AVE,100 m South ,Minor Arterial,Scarborough,43.768603,-79.18523,Non Intersection,No Control,Clear,Daylight,Dry,Non-Fatal Injury,Turning Movement,Driver,45 to 49,None,,West,Pick Up Truck,Turning Left,Speed too Slow,Normal,,,,,,,,,Yes,Yes,,,,,,,,,,136,West Hill,136,West Hill (136),D43,646063.221290107,4847772.06734476
802,80245331,,7/21/2015 4:00:00 AM,954,LAWRENCE AVE E,MORNINGSIDE AVE,100 m South ,Minor Arterial,Scarborough,43.768603,-79.18523,Non Intersection,No Control,Clear,Daylight,Dry,Non-Fatal Injury,Turning Movement,Motorcycle Driver,65 to 69,Major,,East,Motorcycle,Going Ahead,Driving Properly,Normal,,,,,,,,,Yes,Yes,,,,,,,,,,136,West Hill,136,West Hill (136),D43,646063.221290107,4847772.06734476
803,80245414,,7/21/2015 4:00:00 AM,2135,VICTORIA ST,RICHMOND ST E,,Major Arterial,Toronto and East York,43.651946,-79.37775,At Intersection,Traffic Signal,Clear,"Dark, artificial",Dry,Non-Fatal Injury,Angle,Motorcycle Driver,20 to 24,Major,,South,Motorcycle,Going Ahead,Disobeyed Traffic Control,Inattentive,,,,,,,,,Yes,Yes,,,,Yes,,Yes,Yes,,,168,Downtown Yonge East,75,Church-Yonge Corridor (75),D51,630821.491766656,4834494.05706654
804,80245415,,7/21/2015 4:00:00 AM,2135,VICTORIA ST,RICHMOND ST E,,Major Arterial,Toronto and East York,43.651946,-79.37775,At Intersection,Traffic Signal,Clear,"Dark, artificial",Dry,Non-Fatal Injury,Angle,Driver,30 to 34,None,,West,"Automobile, Station Wagon",Going Ahead,Driving Properly,Normal,,,,,,,,,Yes,Yes,,,,Yes,,Yes,Yes,,,168,Downtown Yonge East,75,Church-Yonge Corridor (75),D51,630821.491766656,4834494.05706654
805,80245416,,7/21/2015 4:00:00 AM,2135,VICTORIA ST,RICHMOND ST E,,Major Arterial,Toronto and East York,43.651946,-79.37775,At Intersection,Traffic Signal,Clear,"Dark, artificial",Dry,Non-Fatal Injury,Angle,Passenger,30 to 34,None,,,,,,,,,,,,,,,Yes,Yes,,,,Yes,,Yes,Yes,,,168,Downtown Yonge East,75,Church-Yonge Corridor (75),D51,630821.491766656,4834494.05706654
806,80245417,,7/21/2015 4:00:00 AM,2135,VICTORIA ST,RICHMOND ST E,,Major Arterial,Toronto and East York,43.651946,-79.37775,At Intersection,Traffic Signal,Clear,"Dark, artificial",Dry,Non-Fatal Injury,Angle,Passenger,35 to 39,None,,,,,,,,,,,,,,,Yes,Yes,,,,Yes,,Yes,Yes,,,168,Downtown Yonge East,75,Church-Yonge Corridor (75),D51,630821.491766656,4834494.05706654
807,80245418,,7/21/2015 4:00:00 AM,2135,VICTORIA ST,RICHMOND ST E,,Major Arterial,Toronto and East York,43.651946,-79.37775,At Intersection,Traffic Signal,Clear,"Dark, artificial",Dry,Non-Fatal Injury,Angle,Passenger,35 to 39,None,,,,,,,,,,,,,,,Yes,Yes,,,,Yes,,Yes,Yes,,,168,Downtown Yonge East,75,Church-Yonge Corridor (75),D51,630821.491766656,4834494.05706654
808,80245419,,7/21/2015 4:00:00 AM,2135,VICTORIA ST,RICHMOND ST E,,Major Arterial,Toronto and East York,43.651946,-79.37775,At Intersection,Traffic Signal,Clear,"Dark, artificial",Dry,Non-Fatal Injury,Angle,Passenger,30 to 34,None,,,,,,,,,,,,,,,Yes,Yes,,,,Yes,,Yes,Yes,,,168,Downtown Yonge East,75,Church-Yonge Corridor (75),D51,630821.491766656,4834494.05706654
809,80245420,,7/21/2015 4:00:00 AM,2135,VICTORIA ST,RICHMOND ST E,,Major Arterial,Toronto and East York,43.651946,-79.37775,At Intersection,Traffic Signal,Clear,"Dark, artificial",Dry,Non-Fatal Injury,Angle,Passenger,40 to 44,None,,,,,,,,,,,,,,,Yes,Yes,,,,Yes,,Yes,Yes,,,168,Downtown Yonge East,75,Church-Yonge Corridor (75),D51,630821.491766656,4834494.05706654
810,80487280,,7/23/2015 4:00:00 AM,2011,HUNTINGWOOD DR,BRIDLEWOOD BLVD,,Minor Arterial,Scarborough,43.785002,-79.312938,At Intersection,No Control,Clear,Daylight,Dry,Non-Fatal Injury,Turning Movement,Driver,45 to 49,None,,West,"Automobile, Station Wagon",Turning Left,Failed to Yield Right of Way,Inattentive,,,,,,,,,Yes,Yes,,,,Yes,Yes,Yes,,,,118,Tam O'Shanter-Sullivan,118,Tam O'Shanter-Sullivan (118),D42,635747.309859694,4849376.07709327
811,80487281,,7/23/2015 4:00:00 AM,2011,HUNTINGWOOD DR,BRIDLEWOOD BLVD,,Minor Arterial,Scarborough,43.785002,-79.312938,At Intersection,No Control,Clear,Daylight,Dry,Non-Fatal Injury,Turning Movement,Motorcycle Driver,20 to 24,Major,,East,Motorcycle,Going Ahead,Driving Properly,Normal,,,,,,,,,Yes,Yes,,,,Yes,Yes,Yes,,,,118,Tam O'Shanter-Sullivan,118,Tam O'Shanter-Sullivan (118),D42,635747.309859694,4849376.07709327
812,80487282,,7/23/2015 4:00:00 AM,2011,HUNTINGWOOD DR,BRIDLEWOOD BLVD,,Minor Arterial,Scarborough,43.785002,-79.312938,At Intersection,No Control,Clear,Daylight,Dry,Non-Fatal Injury,Turning Movement,Passenger,10 to 14,None,,,,,,,,,,,,,,,Yes,Yes,,,,Yes,Yes,Yes,,,,118,Tam O'Shanter-Sullivan,118,Tam O'Shanter-Sullivan (118),D42,635747.309859694,4849376.07709327
813,80487332,,7/26/2015 4:00:00 AM,1328,6486 KINGSTON RD,,15 m West of,Minor Arterial,Scarborough,43.792666,-79.155994,Non Intersection,No Control,Clear,Daylight,Dry,Fatal,Turning Movement,Motorcycle Driver,30 to 34,Fatal,35,East,Motorcycle,Going Ahead,Exceeding Speed Limit,Normal,,,,,,,,,Yes,Yes,,,,Yes,Yes,Yes,,,,133,Centennial Scarborough,133,Centennial Scarborough (133),D43,648356.801397005,4850496.63957718
814,80487333,,7/26/2015 4:00:00 AM,1328,6486 KINGSTON RD,,15 m West of,Minor Arterial,Scarborough,43.792666,-79.155994,Non Intersection,No Control,Clear,Daylight,Dry,Fatal,Turning Movement,Driver,65 to 69,None,,West,Passenger Van,Turning Left,Driving Properly,Normal,,,,,,,,,Yes,Yes,,,,Yes,Yes,Yes,,,,133,Centennial Scarborough,133,Centennial Scarborough (133),D43,648356.801397005,4850496.63957718
815,80487334,,7/26/2015 4:00:00 AM,1328,6486 KINGSTON RD,,15 m West of,Minor Arterial,Scarborough,43.792666,-79.155994,Non Intersection,No Control,Clear,Daylight,Dry,Fatal,Turning Movement,Driver,70 to 74,None,,West,"Automobile, Station Wagon",Stopped,Driving Properly,Normal,,,,,,,,,Yes,Yes,,,,Yes,Yes,Yes,,,,133,Centennial Scarborough,133,Centennial Scarborough (133),D43,648356.801397005,4850496.63957718
816,80487335,,7/26/2015 4:00:00 AM,1328,6486 KINGSTON RD,,15 m West of,Minor Arterial,Scarborough,43.792666,-79.155994,Non Intersection,No Control,Clear,Daylight,Dry,Fatal,Turning Movement,Passenger,70 to 74,None,,,,,,,,,,,,,,,Yes,Yes,,,,Yes,Yes,Yes,,,,133,Centennial Scarborough,133,Centennial Scarborough (133),D43,648356.801397005,4850496.63957718
817,80487535,,8/1/2015 4:00:00 AM,31,1939 KENNEDY RD,,18 m South o,Major Arterial,Scarborough,43.768611,-79.281932,Non Intersection,No Control,Clear,Dark,Dry,Non-Fatal Injury,Rear End,Driver,40 to 44,None,,North,"Automobile, Station Wagon",Going Ahead,Following too Close,Had Been Drinking,,,,,,,,,Yes,Yes,,,,Yes,,Yes,,,,126,Dorset Park,126,Dorset Park (126),D41,638279.974041923,4847606.91442916
818,80487536,,8/1/2015 4:00:00 AM,31,1939 KENNEDY RD,,18 m South o,Major Arterial,Scarborough,43.768611,-79.281932,Non Intersection,No Control,Clear,Dark,Dry,Non-Fatal Injury,Rear End,Motorcycle Driver,35 to 39,Major,,North,Motorcycle,Going Ahead,Driving Properly,Normal,,,,,,,,,Yes,Yes,,,,Yes,,Yes,,,,126,Dorset Park,126,Dorset Park (126),D41,638279.974041923,4847606.91442916
819,80487537,,8/1/2015 4:00:00 AM,31,1939 KENNEDY RD,,18 m South o,Major Arterial,Scarborough,43.768611,-79.281932,Non Intersection,No Control,Clear,Dark,Dry,Non-Fatal Injury,Rear End,Motorcycle Passenger,35 to 39,Major,,,,,,,,,,,,,,,Yes,Yes,,,,Yes,,Yes,,,,126,Dorset Park,126,Dorset Park (126),D41,638279.974041923,4847606.91442916
820,80487983,,8/11/2015 4:00:00 AM,1420,71 MCCOOL CRT,,,Local,,43.818225,-79.284099,Non Intersection,No Control,Clear,Daylight,Dry,Non-Fatal Injury,SMV Unattended Vehicle,Motorcycle Driver,20 to 24,Major,,East,Motorcycle,Going Ahead,Lost control,Normal,,,,,,,,,,Yes,,,,,,,,,,130,Milliken,130,Milliken (130),D42,637991.316764075,4853113.72253362
821,80248377,,8/22/2015 4:00:00 AM,1211,1468 VICTORIA PARK AVE,,50 m South o,Major Arterial,North York,43.722777,-79.301845,At/Near Private Drive,No Control,Clear,Daylight,Dry,Non-Fatal Injury,SMV Other,Motorcycle Driver,55 to 59,Major,,South,Motorcycle,Changing Lanes,Lost control,Normal,,,,,,,,,,Yes,,,,,,Yes,,,,120,Clairlea-Birchmount,120,Clairlea-Birchmount (120),D41,636781.59902322,4842483.29776227
822,80488400,,8/22/2015 4:00:00 AM,1516,678 KENNEDY RD,,4 m South of,Major Arterial,Scarborough,43.726832,-79.265682,At/Near Private Drive,No Control,Clear,Daylight,Dry,Non-Fatal Injury,Turning Movement,Driver,20 to 24,None,,North,"Automobile, Station Wagon",Turning Left,Failed to Yield Right of Way,Inattentive,,,,,,,,,Yes,Yes,,,,,,Yes,,,,124,Kennedy Park,124,Kennedy Park (124),D41,639685.03537444,4842993.98921477
823,80488401,,8/22/2015 4:00:00 AM,1516,678 KENNEDY RD,,4 m South of,Major Arterial,Scarborough,43.726832,-79.265682,At/Near Private Drive,No Control,Clear,Daylight,Dry,Non-Fatal Injury,Turning Movement,Motorcycle Driver,30 to 34,Major,,South,Motorcycle,Going Ahead,Driving Properly,Normal,,,,,,,,,Yes,Yes,,,,,,Yes,,,,124,Kennedy Park,124,Kennedy Park (124),D41,639685.03537444,4842993.98921477
824,80248448,,8/23/2015 4:00:00 AM,43,1630 LAWRENCE AVE W,,30 m East of,Major Arterial,Etobicoke York,43.705596,-79.49084,At Intersection,Traffic Signal,Clear,Dark,Dry,Non-Fatal Injury,SMV Other,Driver - Not Hit,unknown,None,,West,"Automobile, Station Wagon",Changing Lanes,Improper Lane Change,Unknown,,,,,,,,,Yes,Yes,,,,,,,,,,30,Brookhaven-Amesbury,30,Brookhaven-Amesbury (30),D12,621593.187106852,4840280.53475863
825,80248449,,8/23/2015 4:00:00 AM,43,1630 LAWRENCE AVE W,,30 m East of,Major Arterial,Etobicoke York,43.705596,-79.49084,At Intersection,Traffic Signal,Clear,Dark,Dry,Non-Fatal Injury,SMV Other,Motorcycle Driver,30 to 34,Major,,West,Motorcycle,Going Ahead,Lost control,Unknown,,,,,,,,,Yes,Yes,,,,,,,,,,30,Brookhaven-Amesbury,30,Brookhaven-Amesbury (30),D12,621593.187106852,4840280.53475863
826,80488952,,9/6/2015 4:00:00 AM,1034,LAKE SHORE BLVD W,JAMESON AVE,1 m West of,Major Arterial,Toronto and East York,43.633349,-79.435138,Non Intersection,No Control,Clear,Daylight,Dry,Fatal,SMV Other,Motorcycle Driver,55 to 59,Fatal,42,East,Motorcycle,Going Ahead,Lost control,Unknown,,,,,,,,,,Yes,,,,,,,,,,85,South Parkdale,85,South Parkdale (85),D14,626232.5044132,4832339.74924999
827,80489505,,9/18/2015 4:00:00 AM,610,QUEEN ST E,HILTZ AVE,5 m West of,Minor Arterial,Toronto and East York,43.664164,-79.326206,Non Intersection,No Control,Clear,Dark,Dry,Fatal,Approaching,Motorcycle Driver,35 to 39,Fatal,43,East,Motorcycle,Going Ahead,Lost control,Inattentive,,,,,,,,,,Yes,,Yes,,,,,,,,65,Greenwood-Coxwell,65,Greenwood-Coxwell (65),D55,634950.775822841,4835933.58166101
828,80489506,,9/18/2015 4:00:00 AM,610,QUEEN ST E,HILTZ AVE,5 m West of,Minor Arterial,Toronto and East York,43.664164,-79.326206,Non Intersection,No Control,Clear,Dark,Dry,Fatal,Approaching,Driver,30 to 34,None,,West,Street Car,Going Ahead,Driving Properly,Normal,,,,,,,,,,Yes,,Yes,,,,,,,,65,Greenwood-Coxwell,65,Greenwood-Coxwell (65),D55,634950.775822841,4835933.58166101
829,80489799,,9/26/2015 4:00:00 AM,1718,DANFORTH AVE,ST DUNSTAN DR,,Major Arterial,Scarborough,43.691847,-79.28551,Intersection Related,No Control,Clear,Daylight,Dry,Non-Fatal Injury,Turning Movement,Driver,50 to 54,Minimal,,East,"Automobile, Station Wagon",Turning Left,Improper Turn,Inattentive,,,,,,,,,Yes,Yes,,,,Yes,,Yes,,,,121,Oakridge,121,Oakridge (121),D41,638168.401532176,4839075.16725502
830,80489800,,9/26/2015 4:00:00 AM,1718,DANFORTH AVE,ST DUNSTAN DR,,Major Arterial,Scarborough,43.691847,-79.28551,Intersection Related,No Control,Clear,Daylight,Dry,Non-Fatal Injury,Turning Movement,Motorcycle Driver,30 to 34,Major,,West,Motorcycle,Changing Lanes,Improper Lane Change,Inattentive,,,,,,,,,Yes,Yes,,,,Yes,,Yes,,,,121,Oakridge,121,Oakridge (121),D41,638168.401532176,4839075.16725502
831,80489801,,9/26/2015 4:00:00 AM,1718,DANFORTH AVE,ST DUNSTAN DR,,Major Arterial,Scarborough,43.691847,-79.28551,Intersection Related,No Control,Clear,Daylight,Dry,Non-Fatal Injury,Turning Movement,Passenger,50 to 54,Minor,,,,,,,,,,,,,,,Yes,Yes,,,,Yes,,Yes,,,,121,Oakridge,121,Oakridge (121),D41,638168.401532176,4839075.16725502
832,80489943,,9/30/2015 4:00:00 AM,733,DUNDAS ST W,ROXTON RD,60 m East of,Major Arterial,Toronto and East York,43.649562,-79.419528,Non Intersection,No Control,Clear,Daylight,Dry,Non-Fatal Injury,Sideswipe,Driver,30 to 34,None,,East,"Automobile, Station Wagon",Changing Lanes,Improper Lane Change,Inattentive,,,,,,,,,Yes,Yes,,,,,,,,,,81,Trinity-Bellwoods,81,Trinity-Bellwoods (81),D14,627457.438465216,4834164.26748012