OBJECTID,INDEX,ACCNUM,DATE,TIME,STREET1,STREET2,OFFSET,ROAD_CLASS,DISTRICT,LATITUDE,LONGITUDE,ACCLOC,TRAFFCTL,VISIBILITY,LIGHT,RDSFCOND,ACCLASS,IMPACTYPE,INVTYPE,INVAGE,INJURY,FATAL_NO,INITDIR,VEHTYPE,MANOEUVER,DRIVACT,DRIVCOND,PEDTYPE,PEDACT,PEDCOND,CYCLISTYPE,CYCACT,CYCCOND,PEDESTRIAN,CYCLIST,AUTOMOBILE,MOTORCYCLE,TRUCK,TRSN_CITY_VEH,EMERG_VEH,PASSENGER,SPEEDING,AG_DRIV,REDLIGHT,ALCOHOL,DISABILITY,HOOD_158,NEIGHBOURHOOD_158,HOOD_140,NEIGHBOURHOOD_140,DIVISION,x,y
833,80489944,,9/30/2015 4:00:00 AM,733,DUNDAS ST W,ROXTON RD,60 m East of,Major Arterial,Toronto and East York,43.649562,-79.419528,Non Intersection,No Control,Clear,Daylight,Dry,Non-Fatal Injury,Sideswipe,Motorcycle Driver,35 to 39,Major,,East,Motorcycle,Going Ahead,Driving Properly,Normal,,,,,,,,,Yes,Yes,,,,,,,,,,81,Trinity-Bellwoods,81,Trinity-Bellwoods (81),D14,627457.438465216,4834164.26748012
834,80489964,,9/30/2015 4:00:00 AM,2355,WILSON AVE,MURRAY RD,,Major Arterial,North York,43.72959,-79.471462,At Intersection,No Control,Clear,"Dark, artificial",Dry,Fatal,Turning Movement,Motorcycle Driver,30 to 34,None,,West,Motorcycle,Going Ahead,Exceeding Speed Limit,Unknown,,,,,,,,,Yes,Yes,,,,Yes,Yes,Yes,,,,155,Downsview,26,Downsview-Roding-CFB (26),D32,623105.343345433,4842974.01094547
835,80489965,,9/30/2015 4:00:00 AM,2355,WILSON AVE,MURRAY RD,,Major Arterial,North York,43.72959,-79.471462,At Intersection,No Control,Clear,"Dark, artificial",Dry,Fatal,Turning Movement,Driver,50 to 54,Minor,,East,"Automobile, Station Wagon",Turning Left,Driving Properly,Normal,,,,,,,,,Yes,Yes,,,,Yes,Yes,Yes,,,,155,Downsview,26,Downsview-Roding-CFB (26),D32,623105.343345433,4842974.01094547
836,80489966,,9/30/2015 4:00:00 AM,2355,WILSON AVE,MURRAY RD,,Major Arterial,North York,43.72959,-79.471462,At Intersection,No Control,Clear,"Dark, artificial",Dry,Fatal,Turning Movement,Motorcycle Passenger,20 to 24,Fatal,46,,,,,,,,,,,,,,Yes,Yes,,,,Yes,Yes,Yes,,,,155,Downsview,26,Downsview-Roding-CFB (26),D32,623105.343345433,4842974.01094547
837,80490372,,10/12/2015 4:00:00 AM,1830,EGLINTON AVE W,MARTIN GROVE RD,,Major Arterial,Etobicoke York,43.674468,-79.563159,At Intersection,Traffic Signal,Clear,"Dark, artificial",Dry,Non-Fatal Injury,Turning Movement,Driver,35 to 39,None,,West,"Automobile, Station Wagon",Turning Left,Improper Turn,Inattentive,,,,,,,,,Yes,Yes,,,,Yes,,Yes,,,,10,Princess-Rosethorn,10,Princess-Rosethorn (10),D22,615826.292837301,4836719.82660254
838,80490373,,10/12/2015 4:00:00 AM,1830,EGLINTON AVE W,MARTIN GROVE RD,,Major Arterial,Etobicoke York,43.674468,-79.563159,At Intersection,Traffic Signal,Clear,"Dark, artificial",Dry,Non-Fatal Injury,Turning Movement,Motorcycle Driver,45 to 49,Major,,East,Motorcycle,Going Ahead,Driving Properly,Normal,,,,,,,,,Yes,Yes,,,,Yes,,Yes,,,,10,Princess-Rosethorn,10,Princess-Rosethorn (10),D22,615826.292837301,4836719.82660254
839,80490374,,10/12/2015 4:00:00 AM,1830,EGLINTON AVE W,MARTIN GROVE RD,,Major Arterial,Etobicoke York,43.674468,-79.563159,At Intersection,Traffic Signal,Clear,"Dark, artificial",Dry,Non-Fatal Injury,Turning Movement,Passenger,45 to 49,None,,,,,,,,,,,,,,,Yes,Yes,,,,Yes,,Yes,,,,10,Princess-Rosethorn,10,Princess-Rosethorn (10),D22,615826.292837301,4836719.82660254
840,80490375,,10/12/2015 4:00:00 AM,1830,EGLINTON AVE W,MARTIN GROVE RD,,Major Arterial,Etobicoke York,43.674468,-79.563159,At Intersection,Traffic Signal,Clear,"Dark, artificial",Dry,Non-Fatal Injury,Turning Movement,Passenger,5 to 9,None,,,,,,,,,,,,,,,Yes,Yes,,,,Yes,,Yes,,,,10,Princess-Rosethorn,10,Princess-Rosethorn (10),D22,615826.292837301,4836719.82660254
841,80490376,,10/12/2015 4:00:00 AM,1830,EGLINTON AVE W,MARTIN GROVE RD,,Major Arterial,Etobicoke York,43.674468,-79.563159,At Intersection,Traffic Signal,Clear,"Dark, artificial",Dry,Non-Fatal Injury,Turning Movement,Passenger,0 to 4,None,,,,,,,,,,,,,,,Yes,Yes,,,,Yes,,Yes,,,,10,Princess-Rosethorn,10,Princess-Rosethorn (10),D22,615826.292837301,4836719.82660254
842,80490377,,10/12/2015 4:00:00 AM,1830,EGLINTON AVE W,MARTIN GROVE RD,,Major Arterial,Etobicoke York,43.674468,-79.563159,At Intersection,Traffic Signal,Clear,"Dark, artificial",Dry,Non-Fatal Injury,Turning Movement,Passenger,5 to 9,None,,,,,,,,,,,,,,,Yes,Yes,,,,Yes,,Yes,,,,10,Princess-Rosethorn,10,Princess-Rosethorn (10),D22,615826.292837301,4836719.82660254
843,80491737,,10/31/2015 4:00:00 AM,2335,WOODBINE AVE,STRATHMORE BLVD,,Major Arterial,Toronto and East York,43.686515,-79.313144,Intersection Related,No Control,Rain,"Dark, artificial",Wet,Non-Fatal Injury,Turning Movement,Driver,65 to 69,Minimal,,North,"Automobile, Station Wagon",Making U Turn,Improper Turn,Normal,,,,,,,,,Yes,Yes,,,,,Yes,Yes,,,,59,Danforth East York,59,Danforth East York (59),D55,635953.436097857,4838437.298058
844,80491738,,10/31/2015 4:00:00 AM,2335,WOODBINE AVE,STRATHMORE BLVD,,Major Arterial,Toronto and East York,43.686515,-79.313144,Intersection Related,No Control,Rain,"Dark, artificial",Wet,Non-Fatal Injury,Turning Movement,Motorcycle Driver,30 to 34,Major,,North,Motorcycle,Going Ahead,Speed too Fast For Condition,Unknown,,,,,,,,,Yes,Yes,,,,,Yes,Yes,,,,59,Danforth East York,59,Danforth East York (59),D55,635953.436097857,4838437.298058
845,80494869,,12/12/2015 5:00:00 AM,1941,JANE ST,WEATHERELL ST,,Major Arterial,Toronto and East York,43.651641,-79.485439,At Intersection,No Control,Clear,"Dark, artificial",Dry,Non-Fatal Injury,Sideswipe,Driver,20 to 24,None,,South,"Automobile, Station Wagon",Changing Lanes,Improper Lane Change,Normal,,,,,,,,,Yes,Yes,,,,Yes,,,,,,114,Lambton Baby Point,114,Lambton Baby Point (114),D11,622137.771317462,4834296.04691257
846,80494870,,12/12/2015 5:00:00 AM,1941,JANE ST,WEATHERELL ST,,Major Arterial,Toronto and East York,43.651641,-79.485439,At Intersection,No Control,Clear,"Dark, artificial",Dry,Non-Fatal Injury,Sideswipe,Motorcycle Driver,15 to 19,Major,,South,Motorcycle,Going Ahead,Driving Properly,Normal,,,,,,,,,Yes,Yes,,,,Yes,,,,,,114,Lambton Baby Point,114,Lambton Baby Point (114),D11,622137.771317462,4834296.04691257
847,80494871,,12/12/2015 5:00:00 AM,1941,JANE ST,WEATHERELL ST,,Major Arterial,Toronto and East York,43.651641,-79.485439,At Intersection,No Control,Clear,"Dark, artificial",Dry,Non-Fatal Injury,Sideswipe,Passenger,20 to 24,None,,,,,,,,,,,,,,,Yes,Yes,,,,Yes,,,,,,114,Lambton Baby Point,114,Lambton Baby Point (114),D11,622137.771317462,4834296.04691257
848,80632232,,1/29/2016 5:00:00 AM,1225,3434 LAWRENCE AVE E,,,Major Arterial,Scarborough,43.758658,-79.230434,At Intersection,Traffic Signal,Clear,Daylight,Dry,Non-Fatal Injury,Sideswipe,Driver,45 to 49,None,,West,"Automobile, Station Wagon",Changing Lanes,Improper Lane Change,Inattentive,,,,,,,,,Yes,Yes,,,,,,,,,,141,Golfdale-Cedarbrae-Woburn,137,Woburn (137),D43,642448.499837492,4846588.77121617
849,80632233,,1/29/2016 5:00:00 AM,1225,3434 LAWRENCE AVE E,,,Major Arterial,Scarborough,43.758658,-79.230434,At Intersection,Traffic Signal,Clear,Daylight,Dry,Non-Fatal Injury,Sideswipe,Motorcycle Driver,55 to 59,Major,,West,Motorcycle,Going Ahead,Driving Properly,Normal,,,,,,,,,Yes,Yes,,,,,,,,,,141,Golfdale-Cedarbrae-Woburn,137,Woburn (137),D43,642448.499837492,4846588.77121617
850,80500883,,3/9/2016 5:00:00 AM,1835,STEELES AVE W,ISLINGTON AVE,,Major Arterial,Etobicoke York,43.764662,-79.573322,,No Control,Clear,Daylight,Dry,Fatal,Rear End,Motorcycle Driver,25 to 29,Fatal,16,West,Motorcycle,Going Ahead,Speed too Fast For Condition,Unknown,,,,,,,,,,Yes,,,,,Yes,Yes,,,,21,Humber Summit,21,Humber Summit (21),D31,614834.603431994,4846722.98374803
851,80730464,,5/3/2016 4:00:00 AM,605,OAKWOOD AVE,GLENHURST AVE,,Minor Arterial,Toronto and East York,43.681796,-79.436557,At Intersection,No Control,Clear,"Dawn, artificial",Dry,Non-Fatal Injury,Turning Movement,Driver,55 to 59,Minor,,South,Pick Up Truck,Turning Left,Failed to Yield Right of Way,Inattentive,,,,,,,,,Yes,Yes,,,,,,Yes,,,,107,Oakwood Village,107,Oakwood Village (107),D13,626016.652577489,4837718.26649389
852,80730465,,5/3/2016 4:00:00 AM,605,OAKWOOD AVE,GLENHURST AVE,,Minor Arterial,Toronto and East York,43.681796,-79.436557,At Intersection,No Control,Clear,"Dawn, artificial",Dry,Non-Fatal Injury,Turning Movement,Motorcycle Driver,50 to 54,Major,,North,Motorcycle,Going Ahead,Driving Properly,Normal,,,,,,,,,Yes,Yes,,,,,,Yes,,,,107,Oakwood Village,107,Oakwood Village (107),D13,626016.652577489,4837718.26649389
853,80632452,,5/3/2016 4:00:00 AM,1912,SCOTTFIELD DR,FINCH AVE E,80 m South o,Local,Scarborough,43.81,-79.252544,Non Intersection,No Control,Clear,Daylight,Dry,Non-Fatal Injury,SMV Other,Motorcycle Driver,25 to 29,Major,,North,Motorcycle,Going Ahead,Lost control,Normal,,,,,,,,,,Yes,,,,,,,,,,129,Agincourt North,129,Agincourt North (129),D42,640548.266140408,4852253.32059142
854,80512538,,5/8/2016 4:00:00 AM,1133,BROADVIEW AVE,JACK LAYTON WAY,,Minor Arterial,Toronto and East York,43.666148,-79.352901,Intersection Related,No Control,Clear,Daylight,Dry,Non-Fatal Injury,Sideswipe,Driver,70 to 74,None,,North,"Automobile, Station Wagon",Pulling Away from Shoulder or Curb,Failed to Yield Right of Way,Normal,,,,,,,,,Yes,Yes,,,,,,Yes,,,,68,North Riverdale,68,North Riverdale (68),D55,632794.074568755,4836110.8539258
855,80512539,,5/8/2016 4:00:00 AM,1133,BROADVIEW AVE,JACK LAYTON WAY,,Minor Arterial,Toronto and East York,43.666148,-79.352901,Intersection Related,No Control,Clear,Daylight,Dry,Non-Fatal Injury,Sideswipe,Motorcycle Driver,30 to 34,Major,,North,Motorcycle,Going Ahead,Driving Properly,Normal,,,,,,,,,Yes,Yes,,,,,,Yes,,,,68,North Riverdale,68,North Riverdale (68),D55,632794.074568755,4836110.8539258
856,80503972,,5/17/2016 4:00:00 AM,1414,JANE ST,TROUTBROOKE DR,,Major Arterial,Etobicoke York,43.731806,-79.511264,At Intersection,Traffic Signal,Clear,Daylight,Dry,Fatal,Turning Movement,Driver,55 to 59,None,,South,"Automobile, Station Wagon",Turning Left,Failed to Yield Right of Way,Normal,,,,,,,,,Yes,Yes,,,,,,Yes,,,,154,Oakdale-Beverley Heights,26,Downsview-Roding-CFB (26),D31,619895.323800103,4843161.76999219
857,80542229,,5/17/2016 4:00:00 AM,1414,JANE ST,TROUTBROOKE DR,,Major Arterial,Etobicoke York,43.731806,-79.511264,At Intersection,Traffic Signal,Clear,Daylight,Dry,Fatal,Turning Movement,Motorcycle Driver,30 to 34,Fatal,31,North,Motorcycle,Going Ahead,Driving Properly,Normal,,,,,,,,,Yes,Yes,,,,,,Yes,,,,154,Oakdale-Beverley Heights,26,Downsview-Roding-CFB (26),D31,619895.323800103,4843161.76999219
858,80632463,,5/19/2016 4:00:00 AM,2008,FINCH AVE E,MARKHAM RD,,Major Arterial,Scarborough,43.812899,-79.243037,Intersection Related,Traffic Signal,Clear,Daylight,Dry,Non-Fatal Injury,Rear End,Motorcycle Driver,25 to 29,Major,,North,Motorcycle,Changing Lanes,Following too Close,Normal,,,,,,,,,Yes,Yes,,,,,,Yes,,,,145,Malvern West,132,Malvern (132),D42,641306.087428981,4852591.49546692
859,80632464,,5/19/2016 4:00:00 AM,2008,FINCH AVE E,MARKHAM RD,,Major Arterial,Scarborough,43.812899,-79.243037,Intersection Related,Traffic Signal,Clear,Daylight,Dry,Non-Fatal Injury,Rear End,Driver,40 to 44,None,,North,Pick Up Truck,Changing Lanes,Driving Properly,Normal,,,,,,,,,Yes,Yes,,,,,,Yes,,,,145,Malvern West,132,Malvern (132),D42,641306.087428981,4852591.49546692
860,80632471,,5/21/2016 4:00:00 AM,1300,REESOR RD,OLD FINCH AVE,400 m North ,Collector,Scarborough,43.828662,-79.190494,Non Intersection,No Control,Clear,Daylight,Dry,Non-Fatal Injury,SMV Other,Motorcycle Driver,55 to 59,Major,,North,Motorcycle,Going Ahead,Lost control,Normal,,,,,,,,,,Yes,,,,,,,,,,144,Morningside Heights,131,Rouge (131),D42,645493.681566126,4854433.32311889
861,80542492,,5/27/2016 4:00:00 AM,2150,LAWRENCE AVE E,MCCOWAN RD,,Major Arterial,Scarborough,43.755477,-79.245387,At Intersection,Traffic Signal,Clear,"Dark, artificial",Dry,Non-Fatal Injury,Turning Movement,Driver,65 to 69,Minimal,,South,"Automobile, Station Wagon",Turning Left,Disobeyed Traffic Control,Inattentive,,,,,,,,,Yes,Yes,,,,Yes,,Yes,Yes,,,157,Bendale South,127,Bendale (127),D43,641252.267174368,4846209.86068106
862,80542493,,5/27/2016 4:00:00 AM,2150,LAWRENCE AVE E,MCCOWAN RD,,Major Arterial,Scarborough,43.755477,-79.245387,At Intersection,Traffic Signal,Clear,"Dark, artificial",Dry,Non-Fatal Injury,Turning Movement,Motorcycle Driver,40 to 44,Major,,North,Motorcycle,Going Ahead,Driving Properly,Normal,,,,,,,,,Yes,Yes,,,,Yes,,Yes,Yes,,,157,Bendale South,127,Bendale (127),D43,641252.267174368,4846209.86068106
863,80542494,,5/27/2016 4:00:00 AM,2150,LAWRENCE AVE E,MCCOWAN RD,,Major Arterial,Scarborough,43.755477,-79.245387,At Intersection,Traffic Signal,Clear,"Dark, artificial",Dry,Non-Fatal Injury,Turning Movement,Motorcycle Passenger,10 to 14,Major,,,,,,,,,,,,,,,Yes,Yes,,,,Yes,,Yes,Yes,,,157,Bendale South,127,Bendale (127),D43,641252.267174368,4846209.86068106
864,80543286,,5/28/2016 4:00:00 AM,1150,JANE ST,MAPLE LEAF DR,,Major Arterial,Etobicoke York,43.709174,-79.505519,At Intersection,Traffic Signal,Clear,Daylight,Dry,Non-Fatal Injury,Turning Movement,Driver,60 to 64,None,,South,"Automobile, Station Wagon",Turning Left,Failed to Yield Right of Way,Inattentive,,,,,,,,,Yes,Yes,,,,,,Yes,,,,28,Rustic,28,Rustic (28),D12,620403.325014446,4840656.49633454
865,80543287,,5/28/2016 4:00:00 AM,1150,JANE ST,MAPLE LEAF DR,,Major Arterial,Etobicoke York,43.709174,-79.505519,At Intersection,Traffic Signal,Clear,Daylight,Dry,Non-Fatal Injury,Turning Movement,Motorcycle Driver,20 to 24,Major,,North,Motorcycle,Going Ahead,Driving Properly,Normal,,,,,,,,,Yes,Yes,,,,,,Yes,,,,28,Rustic,28,Rustic (28),D12,620403.325014446,4840656.49633454
866,80542589,,5/29/2016 4:00:00 AM,1755,SPADINA RD,BERNARD AVE,90 m South o,Minor Arterial,Toronto and East York,43.671214,-79.405658,At/Near Private Drive,No Control,Clear,Daylight,Dry,Non-Fatal Injury,Turning Movement,Driver,30 to 34,None,,East,"Automobile, Station Wagon",Turning Left,Failed to Yield Right of Way,Inattentive,,,,,,,,,Yes,Yes,,,,Yes,,Yes,,,,95,Annex,95,Annex (95),D53,628529.789112764,4836590.40494294
867,80542590,,5/29/2016 4:00:00 AM,1755,SPADINA RD,BERNARD AVE,90 m South o,Minor Arterial,Toronto and East York,43.671214,-79.405658,At/Near Private Drive,No Control,Clear,Daylight,Dry,Non-Fatal Injury,Turning Movement,Motorcycle Driver,20 to 24,Major,,South,Motorcycle,Going Ahead,Driving Properly,Normal,,,,,,,,,Yes,Yes,,,,Yes,,Yes,,,,95,Annex,95,Annex (95),D53,628529.789112764,4836590.40494294
868,80542591,,5/29/2016 4:00:00 AM,1755,SPADINA RD,BERNARD AVE,90 m South o,Minor Arterial,Toronto and East York,43.671214,-79.405658,At/Near Private Drive,No Control,Clear,Daylight,Dry,Non-Fatal Injury,Turning Movement,Passenger,30 to 34,None,,,,,,,,,,,,,,,Yes,Yes,,,,Yes,,Yes,,,,95,Annex,95,Annex (95),D53,628529.789112764,4836590.40494294
869,80542607,,5/30/2016 4:00:00 AM,1250,BAY ST,HAGERMAN ST,,Major Arterial,Toronto and East York,43.654246,-79.383167,At Intersection,Traffic Signal,Clear,Daylight,Dry,Non-Fatal Injury,Turning Movement,Driver,35 to 39,None,,East,"Automobile, Station Wagon",Turning Left,Failed to Yield Right of Way,Inattentive,,,,,,,,,Yes,Yes,,,,Yes,,Yes,,,,170,Yonge-Bay Corridor,76,Bay Street Corridor (76),D52,630379.672158964,4834740.97658447
870,80542608,,5/30/2016 4:00:00 AM,1250,BAY ST,HAGERMAN ST,,Major Arterial,Toronto and East York,43.654246,-79.383167,At Intersection,Traffic Signal,Clear,Daylight,Dry,Non-Fatal Injury,Turning Movement,Motorcycle Driver,35 to 39,Major,,South,Motorcycle,Going Ahead,Driving Properly,Normal,,,,,,,,,Yes,Yes,,,,Yes,,Yes,,,,170,Yonge-Bay Corridor,76,Bay Street Corridor (76),D52,630379.672158964,4834740.97658447
871,80542609,,5/30/2016 4:00:00 AM,1250,BAY ST,HAGERMAN ST,,Major Arterial,Toronto and East York,43.654246,-79.383167,At Intersection,Traffic Signal,Clear,Daylight,Dry,Non-Fatal Injury,Turning Movement,Passenger,50 to 54,None,,,,,,,,,,,,,,,Yes,Yes,,,,Yes,,Yes,,,,170,Yonge-Bay Corridor,76,Bay Street Corridor (76),D52,630379.672158964,4834740.97658447
872,80543552,,6/4/2016 4:00:00 AM,1822,LAKE SHORE BLVD W,DWIGHT AVE,,Major Arterial,Etobicoke York,43.60229,-79.49792,At Intersection,Stop Sign,Clear,Daylight,Dry,Non-Fatal Injury,Turning Movement,Driver,40 to 44,None,,South,"Automobile, Station Wagon",Turning Left,Improper Turn,Normal,,,,,,,,,Yes,Yes,,,,Yes,,,,,,18,New Toronto,18,New Toronto (18),D22,621230.429923487,4828796.71283647
873,80543553,,6/4/2016 4:00:00 AM,1822,LAKE SHORE BLVD W,DWIGHT AVE,,Major Arterial,Etobicoke York,43.60229,-79.49792,At Intersection,Stop Sign,Clear,Daylight,Dry,Non-Fatal Injury,Turning Movement,Motorcycle Driver,40 to 44,None,,West,Motorcycle,Going Ahead,Driving Properly,Normal,,,,,,,,,Yes,Yes,,,,Yes,,,,,,18,New Toronto,18,New Toronto (18),D22,621230.429923487,4828796.71283647
874,80543554,,6/4/2016 4:00:00 AM,1822,LAKE SHORE BLVD W,DWIGHT AVE,,Major Arterial,Etobicoke York,43.60229,-79.49792,At Intersection,Stop Sign,Clear,Daylight,Dry,Non-Fatal Injury,Turning Movement,Passenger,30 to 34,None,,,,,,,,,,,,,,,Yes,Yes,,,,Yes,,,,,,18,New Toronto,18,New Toronto (18),D22,621230.429923487,4828796.71283647
875,80543555,,6/4/2016 4:00:00 AM,1822,LAKE SHORE BLVD W,DWIGHT AVE,,Major Arterial,Etobicoke York,43.60229,-79.49792,At Intersection,Stop Sign,Clear,Daylight,Dry,Non-Fatal Injury,Turning Movement,Passenger,25 to 29,None,,,,,,,,,,,,,,,Yes,Yes,,,,Yes,,,,,,18,New Toronto,18,New Toronto (18),D22,621230.429923487,4828796.71283647
876,80543556,,6/4/2016 4:00:00 AM,1822,LAKE SHORE BLVD W,DWIGHT AVE,,Major Arterial,Etobicoke York,43.60229,-79.49792,At Intersection,Stop Sign,Clear,Daylight,Dry,Non-Fatal Injury,Turning Movement,Motorcycle Passenger,unknown,Major,,,,,,,,,,,,,,,Yes,Yes,,,,Yes,,,,,,18,New Toronto,18,New Toronto (18),D22,621230.429923487,4828796.71283647
877,80564997,,6/5/2016 4:00:00 AM,1937,UNIVERSITY AVE,FRONT ST W,9 m South of,Minor Arterial,Toronto and East York,43.645068,-79.383418,Non Intersection,Stop Sign,Clear,"Dusk, artificial",Wet,Non-Fatal Injury,Rear End,Motorcycle Driver,25 to 29,Major,,South,Motorcycle,Going Ahead,Following too Close,Normal,,,,,,,,,Yes,Yes,,,,,,Yes,,,,165,Harbourfront-CityPlace,77,Waterfront Communities-The Island (77),D52,630379.288534743,4833721.24511645
878,80564998,,6/5/2016 4:00:00 AM,1937,UNIVERSITY AVE,FRONT ST W,9 m South of,Minor Arterial,Toronto and East York,43.645068,-79.383418,Non Intersection,Stop Sign,Clear,"Dusk, artificial",Wet,Non-Fatal Injury,Rear End,Driver,55 to 59,None,,South,"Automobile, Station Wagon",Slowing or Stopping,Driving Properly,Normal,,,,,,,,,Yes,Yes,,,,,,Yes,,,,165,Harbourfront-CityPlace,77,Waterfront Communities-The Island (77),D52,630379.288534743,4833721.24511645
879,80565024,,6/8/2016 4:00:00 AM,1048,DON VALLEY PARKWAY  N,BAYVIEW BLOOR DVP N RAMP,120 m South ,,Toronto and East York,43.684523,-79.36124,Non Intersection,No Control,Clear,Daylight,Dry,Non-Fatal Injury,SMV Other,Motorcycle Driver,25 to 29,Major,,North,Motorcycle,Going Ahead,Lost control,Inattentive,,,,,,,,,,Yes,,,,,Yes,Yes,,,,57,Broadview North,57,Broadview North (57),D55,632081.432149166,4838138.33327807
880,80543168,,6/15/2016 4:00:00 AM,1231,YONGE ST,ADELAIDE ST E,11 m North o,Major Arterial,Toronto and East York,43.650389,-79.378459,Intersection Related,Traffic Controller,Clear,Daylight,Dry,Non-Fatal Injury,Rear End,Motorcycle Driver,50 to 54,Major,,North,Motorcycle,Going Ahead,Following too Close,Normal,,,,,,,,,Yes,Yes,,,,,,Yes,,,,168,Downtown Yonge East,75,Church-Yonge Corridor (75),D51,630767.695038495,4834320.014251
881,80543169,,6/15/2016 4:00:00 AM,1231,YONGE ST,ADELAIDE ST E,11 m North o,Major Arterial,Toronto and East York,43.650389,-79.378459,Intersection Related,Traffic Controller,Clear,Daylight,Dry,Non-Fatal Injury,Rear End,Driver,40 to 44,None,,North,Pick Up Truck,Slowing or Stopping,Driving Properly,Normal,,,,,,,,,Yes,Yes,,,,,,Yes,,,,168,Downtown Yonge East,75,Church-Yonge Corridor (75),D51,630767.695038495,4834320.014251
882,80632029,,6/17/2016 4:00:00 AM,1737,CALEDONIA RD,CASTLEFIELD AVE,35 m North o,Minor Arterial,North York,43.698886,-79.463603,Non Intersection,No Control,Clear,Daylight,Dry,Non-Fatal Injury,Turning Movement,Motorcycle Driver,20 to 24,Major,,North,Motorcycle,Going Ahead,Exceeding Speed Limit,Normal,,,,,,,,,Yes,Yes,,,,,Yes,Yes,,,,108,Briar Hill-Belgravia,108,Briar Hill-Belgravia (108),D13,623801.50439645,4839575.60536057
883,80632030,,6/17/2016 4:00:00 AM,1737,CALEDONIA RD,CASTLEFIELD AVE,35 m North o,Minor Arterial,North York,43.698886,-79.463603,Non Intersection,No Control,Clear,Daylight,Dry,Non-Fatal Injury,Turning Movement,Driver,40 to 44,None,,West,"Automobile, Station Wagon",Turning Right,Driving Properly,Normal,,,,,,,,,Yes,Yes,,,,,Yes,Yes,,,,108,Briar Hill-Belgravia,108,Briar Hill-Belgravia (108),D13,623801.50439645,4839575.60536057
884,80632031,,6/20/2016 4:00:00 AM,910,540 BRIMLEY RD,,1 m North of,Major Arterial,Scarborough,43.737811,-79.248805,At/Near Private Drive,No Control,Clear,Daylight,Dry,Non-Fatal Injury,Turning Movement,Driver,55 to 59,None,,North,"Automobile, Station Wagon",Turning Left,Improper Turn,Normal,,,,,,,,,Yes,Yes,,,,,,,,,,138,Eglinton East,138,Eglinton East (138),D41,641018.583236892,4844241.9593068
885,80632032,,6/20/2016 4:00:00 AM,910,540 BRIMLEY RD,,1 m North of,Major Arterial,Scarborough,43.737811,-79.248805,At/Near Private Drive,No Control,Clear,Daylight,Dry,Non-Fatal Injury,Turning Movement,Motorcycle Driver,30 to 34,Major,,South,Motorcycle,Going Ahead,Driving Properly,Normal,,,,,,,,,Yes,Yes,,,,,,,,,,138,Eglinton East,138,Eglinton East (138),D41,641018.583236892,4844241.9593068
886,80632033,,6/24/2016 4:00:00 AM,707,THE QUEENSWAY,427 C S QUEENSWAY RAMP,200 m West o,Major Arterial,Etobicoke York,43.61447,-79.554401,Non Intersection,No Control,Clear,Daylight,Dry,Non-Fatal Injury,SMV Other,Motorcycle Driver,30 to 34,Major,,East,Motorcycle,Going Ahead,Speed too Fast For Condition,Unknown,,,,,,,,,,Yes,,,,,Yes,Yes,,,,159,Etobicoke City Centre,14,Islington-City Centre West (14),D22,616648.356659559,4830068.56049892
887,80563630,,6/27/2016 4:00:00 AM,1745,DON MILLS RD,HELEN LU  RD,,Major Arterial,North York,43.772326,-79.346271,Intersection Related,Traffic Signal,Clear,Daylight,Dry,Non-Fatal Injury,Turning Movement,Driver,50 to 54,None,,South,"Automobile, Station Wagon",Turning Left,Improper Turn,Inattentive,,,,,,,,,Yes,Yes,,,,,,,,,,53,Henry Farm,53,Henry Farm (53),D33,633093.307388827,4847914.08844826
888,80563631,,6/27/2016 4:00:00 AM,1745,DON MILLS RD,HELEN LU  RD,,Major Arterial,North York,43.772326,-79.346271,Intersection Related,Traffic Signal,Clear,Daylight,Dry,Non-Fatal Injury,Turning Movement,Motorcycle Driver,50 to 54,Major,,North,Motorcycle,Going Ahead,Driving Properly,Normal,,,,,,,,,Yes,Yes,,,,,,,,,,53,Henry Farm,53,Henry Farm (53),D33,633093.307388827,4847914.08844826
889,80563820,,7/1/2016 4:00:00 AM,405,F G GARDINER XY  E,DON VALLEY PARKWAY  N,,Major Arterial,Toronto and East York,43.650691,-79.347575,Non Intersection,No Control,Clear,"Dark, artificial",Dry,Non-Fatal Injury,SMV Other,Motorcycle Driver,35 to 39,Major,,East,Motorcycle,Going Ahead,Lost control,Fatigue,,,,,,,,,,Yes,,,,,,,,,,166,St Lawrence-East Bayfront-The Islands,77,Waterfront Communities-The Island (77),D51,633257.666712364,4834402.68695138
890,80545161,,7/6/2016 4:00:00 AM,1831,401 C W MCCOWAN N RAMP RD,MCCOWAN RD,,Major Arterial,Scarborough,43.783583,-79.255756,At Intersection,No Control,Clear,Daylight,Dry,Fatal,SMV Other,Motorcycle Driver,40 to 44,Fatal,42,West,Motorcycle,Going Ahead,Lost control,Unknown,,,,,,,,,Yes,Yes,,,,,Yes,Yes,,,,128,Agincourt South-Malvern West,128,Agincourt South-Malvern West (128),D42,640351.759251946,4849313.83738426
891,80545163,,7/6/2016 4:00:00 AM,1831,401 C W MCCOWAN N RAMP RD,MCCOWAN RD,,Major Arterial,Scarborough,43.783583,-79.255756,At Intersection,No Control,Clear,Daylight,Dry,Fatal,SMV Other,Driver,20 to 24,None,,South,"Automobile, Station Wagon",Going Ahead,Driving Properly,Normal,,,,,,,,,Yes,Yes,,,,,Yes,Yes,,,,128,Agincourt South-Malvern West,128,Agincourt South-Malvern West (128),D42,640351.759251946,4849313.83738426