OBJECTID,INDEX,ACCNUM,DATE,TIME,STREET1,STREET2,OFFSET,ROAD_CLASS,DISTRICT,LATITUDE,LONGITUDE,ACCLOC,TRAFFCTL,VISIBILITY,LIGHT,RDSFCOND,ACCLASS,IMPACTYPE,INVTYPE,INVAGE,INJURY,FATAL_NO,INITDIR,VEHTYPE,MANOEUVER,DRIVACT,DRIVCOND,PEDTYPE,PEDACT,PEDCOND,CYCLISTYPE,CYCACT,CYCCOND,PEDESTRIAN,CYCLIST,AUTOMOBILE,MOTORCYCLE,TRUCK,TRSN_CITY_VEH,EMERG_VEH,PASSENGER,SPEEDING,AG_DRIV,REDLIGHT,ALCOHOL,DISABILITY,HOOD_158,NEIGHBOURHOOD_158,HOOD_140,NEIGHBOURHOOD_140,DIVISION,x,y
892,80632041,,7/7/2016 4:00:00 AM,654,HIGHWAY 27  N,CARRIER DR,,Major Arterial,Etobicoke York,43.739031,-79.605426,At Intersection,Traffic Signal,Clear,Daylight,Dry,Non-Fatal Injury,Rear End,Motorcycle Driver,55 to 59,Major,,North,Motorcycle,Going Ahead,Following too Close,Normal,,,,,,,,,Yes,Yes,,,,,,Yes,,,,1,West Humber-Clairville,1,West Humber-Clairville (1),D23,612298.43189263,4843832.27636759
893,80632042,,7/7/2016 4:00:00 AM,654,HIGHWAY 27  N,CARRIER DR,,Major Arterial,Etobicoke York,43.739031,-79.605426,At Intersection,Traffic Signal,Clear,Daylight,Dry,Non-Fatal Injury,Rear End,Driver,80 to 84,None,,North,"Automobile, Station Wagon",Going Ahead,Driving Properly,Normal,,,,,,,,,Yes,Yes,,,,,,Yes,,,,1,West Humber-Clairville,1,West Humber-Clairville (1),D23,612298.43189263,4843832.27636759
894,80632043,,7/10/2016 4:00:00 AM,2024,WARDEN AVE,FINCH AVE E,105 m North ,Major Arterial,Scarborough,43.796702,-79.315723,Non Intersection,Traffic Signal,Clear,Daylight,Dry,Non-Fatal Injury,Turning Movement,Driver,40 to 44,None,,North,"Automobile, Station Wagon",Turning Left,Failed to Yield Right of Way,Normal,,,,,,,,,Yes,Yes,,,,,,Yes,,,,148,East L'Amoreaux,117,L'Amoreaux (117),D42,635496.773305724,4850670.98360186
895,80632044,,7/10/2016 4:00:00 AM,2024,WARDEN AVE,FINCH AVE E,105 m North ,Major Arterial,Scarborough,43.796702,-79.315723,Non Intersection,Traffic Signal,Clear,Daylight,Dry,Non-Fatal Injury,Turning Movement,Motorcycle Driver,40 to 44,Major,,South,Motorcycle,Going Ahead,Driving Properly,Normal,,,,,,,,,Yes,Yes,,,,,,Yes,,,,148,East L'Amoreaux,117,L'Amoreaux (117),D42,635496.773305724,4850670.98360186
896,80564515,,7/13/2016 4:00:00 AM,1413,JANE ST,WILLIAM CRAGG DR,,Major Arterial,Etobicoke York,43.722354,-79.508968,Intersection Related,No Control,Clear,Daylight,Dry,Non-Fatal Injury,Turning Movement,Driver,60 to 64,None,,South,"Automobile, Station Wagon",Turning Left,Failed to Yield Right of Way,Normal,,,,,,,,,Yes,Yes,,,,,,Yes,,,,154,Oakdale-Beverley Heights,26,Downsview-Roding-CFB (26),D31,620099.121253767,4842115.31594432
897,80564516,,7/13/2016 4:00:00 AM,1413,JANE ST,WILLIAM CRAGG DR,,Major Arterial,Etobicoke York,43.722354,-79.508968,Intersection Related,No Control,Clear,Daylight,Dry,Non-Fatal Injury,Turning Movement,Motorcycle Driver,20 to 24,Major,,North,Motorcycle,Going Ahead,Driving Properly,Normal,,,,,,,,,Yes,Yes,,,,,,Yes,,,,154,Oakdale-Beverley Heights,26,Downsview-Roding-CFB (26),D31,620099.121253767,4842115.31594432
898,80564558,,7/13/2016 4:00:00 AM,2205,UNIVERSITY AVE,GERRARD ST W,4 m North of,Major Arterial,Toronto and East York,43.657519,-79.389476,Non Intersection,Traffic Signal,Clear,"Dark, artificial",Dry,Non-Fatal Injury,Turning Movement,Driver,45 to 49,None,,South,"Automobile, Station Wagon",Turning Left,Failed to Yield Right of Way,Inattentive,,,,,,,,,Yes,Yes,,,,,,Yes,,,,170,Yonge-Bay Corridor,76,Bay Street Corridor (76),D52,629863.860329482,4835094.59268777
899,80564559,,7/13/2016 4:00:00 AM,2205,UNIVERSITY AVE,GERRARD ST W,4 m North of,Major Arterial,Toronto and East York,43.657519,-79.389476,Non Intersection,Traffic Signal,Clear,"Dark, artificial",Dry,Non-Fatal Injury,Turning Movement,Motorcycle Driver,45 to 49,Major,,North,Motorcycle,Going Ahead,Driving Properly,Normal,,,,,,,,,Yes,Yes,,,,,,Yes,,,,170,Yonge-Bay Corridor,76,Bay Street Corridor (76),D52,629863.860329482,4835094.59268777
900,80632059,,7/22/2016 4:00:00 AM,630,LAWRENCE AVE W,WESTON RD,,Major Arterial,Etobicoke York,43.700087,-79.516155,At Intersection,Traffic Signal,Clear,"Dawn, artificial",Dry,Non-Fatal Injury,Turning Movement,Driver,55 to 59,None,,West,"Automobile, Station Wagon",Turning Left,Failed to Yield Right of Way,Inattentive,,,,,,,,,Yes,Yes,,,,,,Yes,,,,113,Weston,113,Weston (113),D12,619564.488838463,4839631.86691579
901,80632060,,7/22/2016 4:00:00 AM,630,LAWRENCE AVE W,WESTON RD,,Major Arterial,Etobicoke York,43.700087,-79.516155,At Intersection,Traffic Signal,Clear,"Dawn, artificial",Dry,Non-Fatal Injury,Turning Movement,Motorcycle Driver,35 to 39,Major,,East,Motorcycle,Going Ahead,Driving Properly,Normal,,,,,,,,,Yes,Yes,,,,,,Yes,,,,113,Weston,113,Weston (113),D12,619564.488838463,4839631.86691579
902,80632066,,7/22/2016 4:00:00 AM,1702,TRETHEWEY DR,PLATINUM DR,,Minor Arterial,Etobicoke York,43.697261,-79.498981,At Intersection,Stop Sign,Clear,Daylight,Dry,Non-Fatal Injury,Angle,Driver,50 to 54,None,,South,"Automobile, Station Wagon",Going Ahead,Failed to Yield Right of Way,Inattentive,,,,,,,,,Yes,Yes,,,,,Yes,Yes,,,,30,Brookhaven-Amesbury,30,Brookhaven-Amesbury (30),D12,620954.019745404,4839342.91034018
903,80632067,,7/22/2016 4:00:00 AM,1702,TRETHEWEY DR,PLATINUM DR,,Minor Arterial,Etobicoke York,43.697261,-79.498981,At Intersection,Stop Sign,Clear,Daylight,Dry,Non-Fatal Injury,Angle,Motorcycle Driver,40 to 44,Major,,East,Motorcycle,Going Ahead,Speed too Fast For Condition,Normal,,,,,,,,,Yes,Yes,,,,,Yes,Yes,,,,30,Brookhaven-Amesbury,30,Brookhaven-Amesbury (30),D12,620954.019745404,4839342.91034018
904,80545849,,7/22/2016 4:00:00 AM,1948,ROYAL YORK RD,STRATH HUMBER CRT,12.5 M S of,Minor Arterial,Etobicoke York,43.661376,-79.517581,At Intersection,No Control,Clear,Daylight,Dry,Fatal,Turning Movement,Motorcycle Driver,30 to 34,Fatal,47,South,Motorcycle,Going Ahead,Exceeding Speed Limit,Normal,,,,,,,,,Yes,Yes,,,,Yes,Yes,Yes,,,,9,Edenbridge-Humber Valley,9,Edenbridge-Humber Valley (9),D22,619526.426938288,4835330.43927109
905,80545850,,7/22/2016 4:00:00 AM,1948,ROYAL YORK RD,STRATH HUMBER CRT,12.5 M S of,Minor Arterial,Etobicoke York,43.661376,-79.517581,At Intersection,No Control,Clear,Daylight,Dry,Fatal,Turning Movement,Driver,15 to 19,Minor,,North,"Automobile, Station Wagon",Turning Left,Failed to Yield Right of Way,Normal,,,,,,,,,Yes,Yes,,,,Yes,Yes,Yes,,,,9,Edenbridge-Humber Valley,9,Edenbridge-Humber Valley (9),D22,619526.426938288,4835330.43927109
906,80545851,,7/22/2016 4:00:00 AM,1948,ROYAL YORK RD,STRATH HUMBER CRT,12.5 M S of,Minor Arterial,Etobicoke York,43.661376,-79.517581,At Intersection,No Control,Clear,Daylight,Dry,Fatal,Turning Movement,Passenger,20 to 24,Major,,,,,,,,,,,,,,,Yes,Yes,,,,Yes,Yes,Yes,,,,9,Edenbridge-Humber Valley,9,Edenbridge-Humber Valley (9),D22,619526.426938288,4835330.43927109
907,80565973,,7/24/2016 4:00:00 AM,1349,VICTORIA PARK AVE,HIGHWAY 401 C  W,5 m South of,Major Arterial,North York,43.768347,-79.319797,Non Intersection,No Control,Clear,Daylight,Dry,Non-Fatal Injury,Cyclist Collisions,Cyclist,25 to 29,None,,South,Bicycle,Merging,,,,,,"Cyclist without ROW rides into path of motorist at inter, lnwy, dwy-Cyclist not turn.",Failed to Yield Right of Way,Unknown,,Yes,,Yes,,,,,,,,,,150,Fenside-Parkwoods,45,Parkwoods-Donalda (45),D33,635232.943787927,4847515.05543114
908,80565974,,7/24/2016 4:00:00 AM,1349,VICTORIA PARK AVE,HIGHWAY 401 C  W,5 m South of,Major Arterial,North York,43.768347,-79.319797,Non Intersection,No Control,Clear,Daylight,Dry,Non-Fatal Injury,Cyclist Collisions,Motorcycle Driver,55 to 59,Major,,East,Motorcycle,Going Ahead,Lost control,Normal,,,,,,,,Yes,,Yes,,,,,,,,,,150,Fenside-Parkwoods,45,Parkwoods-Donalda (45),D33,635232.943787927,4847515.05543114
909,80632068,,7/26/2016 4:00:00 AM,836,WILSON HEIGHTS BLVD,CODSELL AVE,5 m South of,Collector,North York,43.754176,-79.458949,At Intersection,Stop Sign,Clear,Daylight,Dry,Non-Fatal Injury,Turning Movement,Driver,30 to 34,None,,West,"Automobile, Station Wagon",Turning Left,Failed to Yield Right of Way,Unknown,,,,,,,,,Yes,Yes,,,,,,Yes,,,,34,Bathurst Manor,34,Bathurst Manor (34),D32,624062.33118766,4845723.30984019
910,80632069,,7/26/2016 4:00:00 AM,836,WILSON HEIGHTS BLVD,CODSELL AVE,5 m South of,Collector,North York,43.754176,-79.458949,At Intersection,Stop Sign,Clear,Daylight,Dry,Non-Fatal Injury,Turning Movement,Motorcycle Driver,25 to 29,Major,,North,Motorcycle,Going Ahead,Driving Properly,Unknown,,,,,,,,,Yes,Yes,,,,,,Yes,,,,34,Bathurst Manor,34,Bathurst Manor (34),D32,624062.33118766,4845723.30984019
911,80632072,,8/2/2016 4:00:00 AM,1745,FRONT ST E,YONGE ST,5 m North of,Major Arterial,Toronto and East York,43.646811,-79.376933,Intersection Related,Traffic Signal,Clear,Daylight,Dry,Non-Fatal Injury,Rear End,Driver,55 to 59,None,,East,"Automobile, Station Wagon",Stopped,Following too Close,Normal,,,,,,,,,Yes,Yes,,,,,,Yes,,,,166,St Lawrence-East Bayfront-The Islands,77,Waterfront Communities-The Island (77),D51,630898.531296942,4833925.03633862
912,80632073,,8/2/2016 4:00:00 AM,1745,FRONT ST E,YONGE ST,5 m North of,Major Arterial,Toronto and East York,43.646811,-79.376933,Intersection Related,Traffic Signal,Clear,Daylight,Dry,Non-Fatal Injury,Rear End,Motorcycle Driver,15 to 19,Major,,East,Motorcycle,Going Ahead,Driving Properly,Normal,,,,,,,,,Yes,Yes,,,,,,Yes,,,,166,St Lawrence-East Bayfront-The Islands,77,Waterfront Communities-The Island (77),D51,630898.531296942,4833925.03633862
913,80632083,,8/3/2016 4:00:00 AM,1858,DUFFERIN ST,WATERLOO AVE,,Local,North York,43.754481,-79.463718,At Intersection,Stop Sign,Clear,Daylight,Dry,Non-Fatal Injury,Turning Movement,Motorcycle Driver,40 to 44,Major,,South,Motorcycle,Going Ahead,Improper Passing,Normal,,,,,,,,,Yes,Yes,,,,,,Yes,,,,34,Bathurst Manor,34,Bathurst Manor (34),D32,623677.771265633,4845750.05256242
914,80632084,,8/3/2016 4:00:00 AM,1858,DUFFERIN ST,WATERLOO AVE,,Local,North York,43.754481,-79.463718,At Intersection,Stop Sign,Clear,Daylight,Dry,Non-Fatal Injury,Turning Movement,Driver,25 to 29,None,,South,"Automobile, Station Wagon",Turning Left,Driving Properly,Normal,,,,,,,,,Yes,Yes,,,,,,Yes,,,,34,Bathurst Manor,34,Bathurst Manor (34),D32,623677.771265633,4845750.05256242
915,80546839,,8/5/2016 4:00:00 AM,1829,REXDALE BLVD,HUMBERWOOD BLVD,,Major Arterial,Etobicoke York,43.720599,-79.611308,Non Intersection,No Control,Clear,Daylight,Dry,Fatal,Approaching,Truck Driver,45 to 49,None,,West,Truck-Tractor,Going Ahead,Driving Properly,Normal,,,,,,,,,,Yes,Yes,,,,Yes,Yes,,,,1,West Humber-Clairville,1,West Humber-Clairville (1),D23,611859.084121314,4841777.18922032
916,80546945,,8/5/2016 4:00:00 AM,1829,REXDALE BLVD,HUMBERWOOD BLVD,,Major Arterial,Etobicoke York,43.720599,-79.611308,Non Intersection,No Control,Clear,Daylight,Dry,Fatal,Approaching,Motorcycle Driver,25 to 29,Fatal,51,East,Motorcycle,Going Ahead,Lost control,Unknown,,,,,,,,,,Yes,Yes,,,,Yes,Yes,,,,1,West Humber-Clairville,1,West Humber-Clairville (1),D23,611859.084121314,4841777.18922032
917,80632092,,8/9/2016 4:00:00 AM,1228,KEELE ST,HIRONS ST,,Major Arterial,Etobicoke York,43.669467,-79.466281,At Intersection,Stop Sign,Clear,Daylight,Dry,Non-Fatal Injury,Turning Movement,Motorcycle Driver,30 to 34,Major,,North,Motorcycle,Going Ahead,Exceeding Speed Limit,Inattentive,,,,,,,,,Yes,Yes,,,,,Yes,Yes,,,,90,Junction Area,90,Junction Area (90),D11,623646.134985262,4836304.23280438
918,80632093,,8/9/2016 4:00:00 AM,1228,KEELE ST,HIRONS ST,,Major Arterial,Etobicoke York,43.669467,-79.466281,At Intersection,Stop Sign,Clear,Daylight,Dry,Non-Fatal Injury,Turning Movement,Driver,55 to 59,None,,East,"Automobile, Station Wagon",Turning Left,Driving Properly,Normal,,,,,,,,,Yes,Yes,,,,,Yes,Yes,,,,90,Junction Area,90,Junction Area (90),D11,623646.134985262,4836304.23280438
919,80632107,,8/13/2016 4:00:00 AM,2223,LAKE SHORE BLVD W,LONG BRANCH AVE,40 m West of,Major Arterial,Etobicoke York,43.594142,-79.53458,Non Intersection,No Control,Clear,"Dark, artificial",Wet,Non-Fatal Injury,SMV Other,Motorcycle Driver,25 to 29,Major,,East,Motorcycle,Going Ahead,Lost control,Inattentive,,,,,,,,,,Yes,,,,,,,,,,19,Long Branch,19,Long Branch (19),D22,618287.599603091,4827838.92749476
920,80716604,,8/19/2016 4:00:00 AM,1948,CONLINS RD,MILNER AVE,139 m South ,Collector,Scarborough,43.799857,-79.188243,Non Intersection,No Control,Clear,Daylight,Dry,Non-Fatal Injury,Sideswipe,Motorcycle Driver,20 to 24,Major,,North,Motorcycle,Overtaking,Improper Passing,Inattentive,,,,,,,,,Yes,Yes,,,,,Yes,Yes,,,,144,Morningside Heights,131,Rouge (131),D42,645744.737770076,4851238.01370756
921,80716605,,8/19/2016 4:00:00 AM,1948,CONLINS RD,MILNER AVE,139 m South ,Collector,Scarborough,43.799857,-79.188243,Non Intersection,No Control,Clear,Daylight,Dry,Non-Fatal Injury,Sideswipe,Driver,60 to 64,None,,North,Pick Up Truck,Going Ahead,Driving Properly,Normal,,,,,,,,,Yes,Yes,,,,,Yes,Yes,,,,144,Morningside Heights,131,Rouge (131),D42,645744.737770076,4851238.01370756
922,80769203,,8/26/2016 4:00:00 AM,2215,LAKE SHORE BLVD W,BRITISH COLUMBIA RD,368 m East o,Major Arterial,Toronto and East York,43.629969,-79.425586,Non Intersection,No Control,Clear,"Dark, artificial",Dry,Non-Fatal Injury,Sideswipe,Motorcycle Driver,40 to 44,Major,,East,Motorcycle,Going Ahead,Lost control,Normal,,,,,,,,,Yes,Yes,,,,Yes,Yes,Yes,,,,163,Fort York-Liberty Village,82,Niagara (82),D14,627010.161492007,4831978.9272713
923,80769204,,8/26/2016 4:00:00 AM,2215,LAKE SHORE BLVD W,BRITISH COLUMBIA RD,368 m East o,Major Arterial,Toronto and East York,43.629969,-79.425586,Non Intersection,No Control,Clear,"Dark, artificial",Dry,Non-Fatal Injury,Sideswipe,Driver,55 to 59,None,,East,"Automobile, Station Wagon",Going Ahead,Driving Properly,Normal,,,,,,,,,Yes,Yes,,,,Yes,Yes,Yes,,,,163,Fort York-Liberty Village,82,Niagara (82),D14,627010.161492007,4831978.9272713
924,80769205,,8/26/2016 4:00:00 AM,2215,LAKE SHORE BLVD W,BRITISH COLUMBIA RD,368 m East o,Major Arterial,Toronto and East York,43.629969,-79.425586,Non Intersection,No Control,Clear,"Dark, artificial",Dry,Non-Fatal Injury,Sideswipe,Passenger,50 to 54,None,,,,,,,,,,,,,,,Yes,Yes,,,,Yes,Yes,Yes,,,,163,Fort York-Liberty Village,82,Niagara (82),D14,627010.161492007,4831978.9272713
925,80716391,,8/29/2016 4:00:00 AM,1610,WARDEN AVE,CONTINENTAL PL,,Major Arterial,Scarborough,43.763491,-79.301257,At Intersection,Stop Sign,Clear,Daylight,Dry,Non-Fatal Injury,Turning Movement,Driver,55 to 59,None,,West,"Automobile, Station Wagon",Turning Left,Improper Turn,Inattentive,,,,,,,,,Yes,Yes,,,,,,,,,,119,Wexford/Maryvale,119,Wexford/Maryvale (119),D41,636736.23575046,4847006.16825521
926,80716392,,8/29/2016 4:00:00 AM,1610,WARDEN AVE,CONTINENTAL PL,,Major Arterial,Scarborough,43.763491,-79.301257,At Intersection,Stop Sign,Clear,Daylight,Dry,Non-Fatal Injury,Turning Movement,Motorcycle Driver,30 to 34,Major,,North,Motorcycle,Going Ahead,Driving Properly,Normal,,,,,,,,,Yes,Yes,,,,,,,,,,119,Wexford/Maryvale,119,Wexford/Maryvale (119),D41,636736.23575046,4847006.16825521
927,80565107,,9/1/2016 4:00:00 AM,2230,BAY ST,HARBOUR ST,,Major Arterial,Toronto and East York,43.642066,-79.377452,Intersection Related,Traffic Signal,Clear,"Dark, artificial",Dry,Fatal,Turning Movement,Motorcycle Driver,30 to 34,Fatal,56,North,Motorcycle,Going Ahead,Driving Properly,Unknown,,,,,,,,,Yes,Yes,,,,,,,,,,166,St Lawrence-East Bayfront-The Islands,77,Waterfront Communities-The Island (77),D52,630866.976987665,4833397.22381934
928,80565308,,9/1/2016 4:00:00 AM,2230,BAY ST,HARBOUR ST,,Major Arterial,Toronto and East York,43.642066,-79.377452,Intersection Related,Traffic Signal,Clear,"Dark, artificial",Dry,Fatal,Turning Movement,Driver,65 to 69,None,,South,"Automobile, Station Wagon",Turning Left,Improper Turn,Inattentive,,,,,,,,,Yes,Yes,,,,,,,,,,166,St Lawrence-East Bayfront-The Islands,77,Waterfront Communities-The Island (77),D52,630866.976987665,4833397.22381934
929,80717563,,9/5/2016 4:00:00 AM,1600,KINGSTON RD,FALLINGBROOK RD,,Major Arterial,Scarborough,43.682185,-79.279201,At Intersection,Traffic Signal,Clear,Daylight,Dry,Non-Fatal Injury,Turning Movement,Driver,80 to 84,None,,East,"Automobile, Station Wagon",Turning Left,Failed to Yield Right of Way,Inattentive,,,,,,,,,Yes,Yes,,,,Yes,,Yes,,,,122,Birchcliffe-Cliffside,122,Birchcliffe-Cliffside (122),D41,638699.109232326,4838012.59865521
930,80717564,,9/5/2016 4:00:00 AM,1600,KINGSTON RD,FALLINGBROOK RD,,Major Arterial,Scarborough,43.682185,-79.279201,At Intersection,Traffic Signal,Clear,Daylight,Dry,Non-Fatal Injury,Turning Movement,Motorcycle Driver,55 to 59,Major,,West,Motorcycle,Going Ahead,Driving Properly,Normal,,,,,,,,,Yes,Yes,,,,Yes,,Yes,,,,122,Birchcliffe-Cliffside,122,Birchcliffe-Cliffside (122),D41,638699.109232326,4838012.59865521
931,80717565,,9/5/2016 4:00:00 AM,1600,KINGSTON RD,FALLINGBROOK RD,,Major Arterial,Scarborough,43.682185,-79.279201,At Intersection,Traffic Signal,Clear,Daylight,Dry,Non-Fatal Injury,Turning Movement,Driver,50 to 54,None,,South,"Automobile, Station Wagon",Stopped,Driving Properly,Normal,,,,,,,,,Yes,Yes,,,,Yes,,Yes,,,,122,Birchcliffe-Cliffside,122,Birchcliffe-Cliffside (122),D41,638699.109232326,4838012.59865521
932,80717566,,9/5/2016 4:00:00 AM,1600,KINGSTON RD,FALLINGBROOK RD,,Major Arterial,Scarborough,43.682185,-79.279201,At Intersection,Traffic Signal,Clear,Daylight,Dry,Non-Fatal Injury,Turning Movement,Passenger,50 to 54,None,,,,,,,,,,,,,,,Yes,Yes,,,,Yes,,Yes,,,,122,Birchcliffe-Cliffside,122,Birchcliffe-Cliffside (122),D41,638699.109232326,4838012.59865521
933,80717567,,9/5/2016 4:00:00 AM,1600,KINGSTON RD,FALLINGBROOK RD,,Major Arterial,Scarborough,43.682185,-79.279201,At Intersection,Traffic Signal,Clear,Daylight,Dry,Non-Fatal Injury,Turning Movement,Passenger,55 to 59,None,,,,,,,,,,,,,,,Yes,Yes,,,,Yes,,Yes,,,,122,Birchcliffe-Cliffside,122,Birchcliffe-Cliffside (122),D41,638699.109232326,4838012.59865521
934,80783715,,9/15/2016 4:00:00 AM,1927,OSSINGTON AVE,ACORES AVE,40 m South o,Minor Arterial,Toronto and East York,43.671096,-79.429454,Non Intersection,No Control,Clear,Daylight,Dry,Non-Fatal Injury,Sideswipe,Motorcycle Driver,15 to 19,Major,,North,Motorcycle,Going Ahead,Lost control,Unknown,,,,,,,,,Yes,Yes,,,,,Yes,Yes,,,,94,Wychwood,94,Wychwood (94),D13,626611.675487786,4836540.70441069
935,80783716,,9/15/2016 4:00:00 AM,1927,OSSINGTON AVE,ACORES AVE,40 m South o,Minor Arterial,Toronto and East York,43.671096,-79.429454,Non Intersection,No Control,Clear,Daylight,Dry,Non-Fatal Injury,Sideswipe,Driver,unknown,None,,North,"Automobile, Station Wagon",Going Ahead,Speed too Fast For Condition,Unknown,,,,,,,,,Yes,Yes,,,,,Yes,Yes,,,,94,Wychwood,94,Wychwood (94),D13,626611.675487786,4836540.70441069
936,80718720,,9/19/2016 4:00:00 AM,1534,DON MILLS RD W,GOODVIEW RD,72 m North o,Major Arterial,North York,43.784453,-79.353236,Non Intersection,No Control,Clear,Daylight,Dry,Non-Fatal Injury,SMV Other,Motorcycle Driver,15 to 19,Major,,South,Motorcycle,Going Ahead,Lost control,Inattentive,,,,,,,,,,Yes,,,,,,,,,,47,Don Valley Village,47,Don Valley Village (47),D33,632505.962728974,4849249.80731132
937,80719163,,9/21/2016 4:00:00 AM,1537,REXDALE BLVD,BERGAMOT AVE,160 m West o,Major Arterial,Etobicoke York,43.712752,-79.561816,Non Intersection,No Control,Clear,Daylight,Dry,Non-Fatal Injury,Turning Movement,Driver,65 to 69,None,,East,"Automobile, Station Wagon",Turning Left,Improper Turn,Normal,,,,,,,,,Yes,Yes,,,,,,,,,,1,West Humber-Clairville,1,West Humber-Clairville (1),D23,615860.811560841,4840973.65596148
938,80719164,,9/21/2016 4:00:00 AM,1537,REXDALE BLVD,BERGAMOT AVE,160 m West o,Major Arterial,Etobicoke York,43.712752,-79.561816,Non Intersection,No Control,Clear,Daylight,Dry,Non-Fatal Injury,Turning Movement,Motorcycle Driver,35 to 39,Major,,West,Motorcycle,Going Ahead,Driving Properly,Normal,,,,,,,,,Yes,Yes,,,,,,,,,,1,West Humber-Clairville,1,West Humber-Clairville (1),D23,615860.811560841,4840973.65596148
939,80899292,,9/22/2016 4:00:00 AM,944,KING ST W,SIMCOE ST,,Major Arterial,Toronto and East York,43.647322,-79.386073,At Intersection,Traffic Signal,Clear,Daylight,Dry,Non-Fatal Injury,Pedestrian Collisions,Pedestrian,60 to 64,Major,,North,,,,,Vehicle is going straight thru inter.while ped cross without ROW,Crossing without right of way,Normal,,,,Yes,,,Yes,,,,,,,,,,170,Yonge-Bay Corridor,76,Bay Street Corridor (76),D52,630160.289015301,4833967.41362661
940,80899293,,9/22/2016 4:00:00 AM,944,KING ST W,SIMCOE ST,,Major Arterial,Toronto and East York,43.647322,-79.386073,At Intersection,Traffic Signal,Clear,Daylight,Dry,Non-Fatal Injury,Pedestrian Collisions,Motorcycle Driver,50 to 54,None,,West,Motorcycle,Going Ahead,Driving Properly,Normal,,,,,,,Yes,,,Yes,,,,,,,,,,170,Yonge-Bay Corridor,76,Bay Street Corridor (76),D52,630160.289015301,4833967.41362661
941,80718490,,9/26/2016 4:00:00 AM,1709,THE QUEENSWAY,SOUTH KINGSWAY,458 m West o,Major Arterial,Etobicoke York,43.632361,-79.476856,Non Intersection,No Control,Clear,Daylight,Dry,Non-Fatal Injury,SMV Other,Motorcycle Driver,35 to 39,Major,,East,Motorcycle,Overtaking,Lost control,Unknown,,,,,,,,,,Yes,,,,,,,,,,16,Stonegate-Queensway,16,Stonegate-Queensway (16),D22,622869.226091707,4832167.42609357
942,80769284,,10/3/2016 4:00:00 AM,2143,THORNCLIFFE PARK DR,OVERLEA DR,131 m South ,Collector,North York,43.706244,-79.343097,At/Near Private Drive,No Control,Clear,"Dark, artificial",Dry,Non-Fatal Injury,Turning Movement,Driver,25 to 29,Major,,West,"Automobile, Station Wagon",Turning Right,Failed to Yield Right of Way,Normal,,,,,,,,,Yes,Yes,,,,,,Yes,,,,55,Thorncliffe Park,55,Thorncliffe Park (55),D53,633495.537112244,4840579.81066128
943,80769285,,10/3/2016 4:00:00 AM,2143,THORNCLIFFE PARK DR,OVERLEA DR,131 m South ,Collector,North York,43.706244,-79.343097,At/Near Private Drive,No Control,Clear,"Dark, artificial",Dry,Non-Fatal Injury,Turning Movement,Motorcycle Driver,30 to 34,None,,North,Motorcycle,Turning Right,Driving Properly,Normal,,,,,,,,,Yes,Yes,,,,,,Yes,,,,55,Thorncliffe Park,55,Thorncliffe Park (55),D53,633495.537112244,4840579.81066128
944,80720029,,10/9/2016 4:00:00 AM,1747,LAWRENCE AVE W,WILLIAM R ALLEN RD N,5 m West of,Major Arterial,North York,43.716258,-79.443179,At Intersection,Traffic Signal,Clear,Daylight,Dry,Non-Fatal Injury,Turning Movement,Driver,20 to 24,None,,East,"Automobile, Station Wagon",Turning Left,Failed to Yield Right of Way,Inattentive,,,,,,,,,Yes,Yes,,,,Yes,,Yes,,,,32,Englemount-Lawrence,32,Englemount-Lawrence (32),D13,625411.033566486,4841535.70808994
945,80720030,,10/9/2016 4:00:00 AM,1747,LAWRENCE AVE W,WILLIAM R ALLEN RD N,5 m West of,Major Arterial,North York,43.716258,-79.443179,At Intersection,Traffic Signal,Clear,Daylight,Dry,Non-Fatal Injury,Turning Movement,Motorcycle Driver,25 to 29,Major,,West,Motorcycle,Going Ahead,Driving Properly,Normal,,,,,,,,,Yes,Yes,,,,Yes,,Yes,,,,32,Englemount-Lawrence,32,Englemount-Lawrence (32),D13,625411.033566486,4841535.70808994
946,80720031,,10/9/2016 4:00:00 AM,1747,LAWRENCE AVE W,WILLIAM R ALLEN RD N,5 m West of,Major Arterial,North York,43.716258,-79.443179,At Intersection,Traffic Signal,Clear,Daylight,Dry,Non-Fatal Injury,Turning Movement,Passenger,15 to 19,None,,,,,,,,,,,,,,,Yes,Yes,,,,Yes,,Yes,,,,32,Englemount-Lawrence,32,Englemount-Lawrence (32),D13,625411.033566486,4841535.70808994
947,80908526,,10/14/2016 4:00:00 AM,1918,JANE ST,MARSHLYNN AVE,,Major Arterial,Etobicoke York,43.704402,-79.504207,At Intersection,Stop Sign,Clear,"Dark, artificial",Dry,Non-Fatal Injury,Turning Movement,Passenger,55 to 59,Minimal,,,,,,,,,,,,,,,Yes,Yes,,,,Yes,,Yes,,,,28,Rustic,28,Rustic (28),D12,620518.590212043,4840128.40617215