OBJECTID,INDEX,ACCNUM,DATE,TIME,STREET1,STREET2,OFFSET,ROAD_CLASS,DISTRICT,LATITUDE,LONGITUDE,ACCLOC,TRAFFCTL,VISIBILITY,LIGHT,RDSFCOND,ACCLASS,IMPACTYPE,INVTYPE,INVAGE,INJURY,FATAL_NO,INITDIR,VEHTYPE,MANOEUVER,DRIVACT,DRIVCOND,PEDTYPE,PEDACT,PEDCOND,CYCLISTYPE,CYCACT,CYCCOND,PEDESTRIAN,CYCLIST,AUTOMOBILE,MOTORCYCLE,TRUCK,TRSN_CITY_VEH,EMERG_VEH,PASSENGER,SPEEDING,AG_DRIV,REDLIGHT,ALCOHOL,DISABILITY,HOOD_158,NEIGHBOURHOOD_158,HOOD_140,NEIGHBOURHOOD_140,DIVISION,x,y
1005,80770312,,6/19/2017 4:00:00 AM,1543,MARKHAM RD,PROGRESS AVE,,Major Arterial,Scarborough,43.781672,-79.233852,At Intersection,Traffic Signal,Clear,Daylight,Dry,Non-Fatal Injury,Turning Movement,Driver,55 to 59,None,,North,"Automobile, Station Wagon",Going Ahead,Driving Properly,Normal,,,,,,,,,Yes,Yes,,,,,,,,,,142,Woburn North,137,Woburn (137),D43,642118.82823535,4849138.96235223
1006,80770313,,6/19/2017 4:00:00 AM,1543,MARKHAM RD,PROGRESS AVE,,Major Arterial,Scarborough,43.781672,-79.233852,At Intersection,Traffic Signal,Clear,Daylight,Dry,Non-Fatal Injury,Turning Movement,Other,unknown,None,,,,,,,,,,,,,,,Yes,Yes,,,,,,,,,,142,Woburn North,137,Woburn (137),D43,642118.82823535,4849138.96235223
1007,80923086,,7/1/2017 4:00:00 AM,306,JANE ST,LAWRENCE AVE W,8 m North of,Major Arterial,Etobicoke York,43.702807,-79.503795,At Intersection,Traffic Signal,Clear,"Dark, artificial",Dry,Non-Fatal Injury,Rear End,Motorcycle Driver,35 to 39,Major,,North,Motorcycle,Going Ahead,Driving Properly,Normal,,,,,,,,,Yes,Yes,,,,Yes,,,,,,30,Brookhaven-Amesbury,30,Brookhaven-Amesbury (30),D12,620554.982952932,4839951.85846188
1008,80923087,,7/1/2017 4:00:00 AM,306,JANE ST,LAWRENCE AVE W,8 m North of,Major Arterial,Etobicoke York,43.702807,-79.503795,At Intersection,Traffic Signal,Clear,"Dark, artificial",Dry,Non-Fatal Injury,Rear End,Driver,65 to 69,None,,North,"Automobile, Station Wagon",Slowing or Stopping,Improper Lane Change,Inattentive,,,,,,,,,Yes,Yes,,,,Yes,,,,,,30,Brookhaven-Amesbury,30,Brookhaven-Amesbury (30),D12,620554.982952932,4839951.85846188
1009,80923088,,7/1/2017 4:00:00 AM,306,JANE ST,LAWRENCE AVE W,8 m North of,Major Arterial,Etobicoke York,43.702807,-79.503795,At Intersection,Traffic Signal,Clear,"Dark, artificial",Dry,Non-Fatal Injury,Rear End,Passenger,20 to 24,None,,,,,,,,,,,,,,,Yes,Yes,,,,Yes,,,,,,30,Brookhaven-Amesbury,30,Brookhaven-Amesbury (30),D12,620554.982952932,4839951.85846188
1010,80769954,,7/6/2017 4:00:00 AM,2300,HIGHWAY 27  N,QUEENS PLATE DR,,Major Arterial,Etobicoke York,43.72275,-79.598026,At Intersection,Traffic Signal,Clear,Dark,Dry,Non-Fatal Injury,Turning Movement,Driver,60 to 64,None,,North,"Automobile, Station Wagon",Turning Left,Failed to Yield Right of Way,Normal,,,,,,,,,Yes,Yes,,,,,,Yes,,,,1,West Humber-Clairville,1,West Humber-Clairville (1),D23,612924.914589349,4842034.09873065
1011,80769955,,7/6/2017 4:00:00 AM,2300,HIGHWAY 27  N,QUEENS PLATE DR,,Major Arterial,Etobicoke York,43.72275,-79.598026,At Intersection,Traffic Signal,Clear,Dark,Dry,Non-Fatal Injury,Turning Movement,Motorcycle Driver,30 to 34,Major,,South,Motorcycle,Going Ahead,Driving Properly,Normal,,,,,,,,,Yes,Yes,,,,,,Yes,,,,1,West Humber-Clairville,1,West Humber-Clairville (1),D23,612924.914589349,4842034.09873065
1012,80917332,,7/8/2017 4:00:00 AM,1900,KIPLING  AVE,CLEMENT RD,,Major Arterial,Etobicoke York,43.681307,-79.552768,At Intersection,Traffic Signal,Clear,Daylight,Dry,Non-Fatal Injury,Turning Movement,Driver,75 to 79,Minimal,,North,"Automobile, Station Wagon",Turning Left,Improper Turn,Normal,,,,,,,,,Yes,Yes,,,,,Yes,Yes,,,,7,Willowridge-Martingrove-Richview,7,Willowridge-Martingrove-Richview (7),D23,616650.683490091,4837493.94922755
1013,80917333,,7/8/2017 4:00:00 AM,1900,KIPLING  AVE,CLEMENT RD,,Major Arterial,Etobicoke York,43.681307,-79.552768,At Intersection,Traffic Signal,Clear,Daylight,Dry,Non-Fatal Injury,Turning Movement,Motorcycle Driver,20 to 24,Major,,South,Motorcycle,Going Ahead,Speed too Fast For Condition,Unknown,,,,,,,,,Yes,Yes,,,,,Yes,Yes,,,,7,Willowridge-Martingrove-Richview,7,Willowridge-Martingrove-Richview (7),D23,616650.683490091,4837493.94922755
1014,80757124,,7/8/2017 4:00:00 AM,2007,BAYVIEW AVE,BLOOR W BAYVIEW N RAMP,240 m North ,Major Arterial,Toronto and East York,43.680995,-79.36806,Non Intersection,No Control,Clear,Daylight,Dry,Fatal,Turning Movement,Motorcycle Driver,35 to 39,Fatal,29,North,Motorcycle,Going Ahead,Driving Properly,Normal,,,,,,,,,Yes,Yes,,,,,,,,,,98,Rosedale-Moore Park,98,Rosedale-Moore Park (98),D53,631539.455480217,4837735.66108976
1015,80757125,,7/8/2017 4:00:00 AM,2007,BAYVIEW AVE,BLOOR W BAYVIEW N RAMP,240 m North ,Major Arterial,Toronto and East York,43.680995,-79.36806,Non Intersection,No Control,Clear,Daylight,Dry,Fatal,Turning Movement,Driver,35 to 39,Minimal,,North,"Automobile, Station Wagon",Making U Turn,Improper Turn,Normal,,,,,,,,,Yes,Yes,,,,,,,,,,98,Rosedale-Moore Park,98,Rosedale-Moore Park (98),D53,631539.455480217,4837735.66108976
1016,80757180,,7/8/2017 4:00:00 AM,2007,BAYVIEW AVE,BLOOR W BAYVIEW N RAMP,240 m North ,Major Arterial,Toronto and East York,43.680995,-79.36806,Non Intersection,No Control,Clear,Daylight,Dry,Fatal,Turning Movement,Motorcycle Driver,45 to 49,Minimal,,North,Motorcycle,Going Ahead,Driving Properly,Normal,,,,,,,,,Yes,Yes,,,,,,,,,,98,Rosedale-Moore Park,98,Rosedale-Moore Park (98),D53,631539.455480217,4837735.66108976
1017,80773380,,7/12/2017 4:00:00 AM,1612,BROADVIEW AVE,DUNDAS ST E,120 m South ,Minor Arterial,Toronto and East York,43.661425,-79.350917,Non Intersection,No Control,Rain,Daylight,Wet,Non-Fatal Injury,SMV Other,Motorcycle Driver,45 to 49,Major,,North,Motorcycle,Going Ahead,Lost control,Normal,,,,,,,,,,Yes,,,,,,,,,,70,South Riverdale,70,South Riverdale (70),D55,632964.459047999,4835589.47905582
1018,80788534,,7/16/2017 4:00:00 AM,1045,HIGHWAY 27  N,BELFIELD RD,500 m North ,Major Arterial,Etobicoke York,43.702597,-79.58858,Non Intersection,No Control,Clear,Daylight,Dry,Non-Fatal Injury,SMV Other,Motorcycle Driver,35 to 39,Major,,North,Motorcycle,Going Ahead,Lost control,Normal,,,,,,,,,,Yes,,,,,Yes,Yes,,,,1,West Humber-Clairville,1,West Humber-Clairville (1),D23,613723.877293952,4839808.74482608
1019,80901160,,7/16/2017 4:00:00 AM,2033,1450 CASTLEFIELD AVE,,20 m West of,Collector,Etobicoke York,43.697581,-79.466968,Non Intersection,No Control,Clear,Daylight,Dry,Non-Fatal Injury,Sideswipe,Motorcycle Driver,25 to 29,Major,,West,Motorcycle,Going Ahead,Driving Properly,Normal,,,,,,,,,,Yes,,,,,Yes,Yes,,,,112,Beechborough-Greenbrook,112,Beechborough-Greenbrook (112),D12,623533.033121394,4839425.64817147
1020,80901161,,7/16/2017 4:00:00 AM,2033,1450 CASTLEFIELD AVE,,20 m West of,Collector,Etobicoke York,43.697581,-79.466968,Non Intersection,No Control,Clear,Daylight,Dry,Non-Fatal Injury,Sideswipe,Motorcycle Driver,unknown,None,,West,Motorcycle,Going Ahead,Lost control,Unknown,,,,,,,,,,Yes,,,,,Yes,Yes,,,,112,Beechborough-Greenbrook,112,Beechborough-Greenbrook (112),D12,623533.033121394,4839425.64817147
1021,80757191,,7/18/2017 4:00:00 AM,1504,BLOOR ST W,JANE ST,,Major Arterial,Toronto and East York,43.64926,-79.484439,At Intersection,Traffic Signal,Clear,Daylight,Dry,Fatal,Rear End,Motorcycle Driver,70 to 74,Fatal,31,East,Motorcycle,Going Ahead,Driving Properly,Unknown,,,,,,,,,,Yes,Yes,,,,,,,,,87,High Park-Swansea,87,High Park-Swansea (87),D11,622223.243768317,4834033.07856054
1022,80757198,,7/18/2017 4:00:00 AM,1504,BLOOR ST W,JANE ST,,Major Arterial,Toronto and East York,43.64926,-79.484439,At Intersection,Traffic Signal,Clear,Daylight,Dry,Fatal,Rear End,Truck Driver,40 to 44,None,,East,Truck - Dump,Going Ahead,Other,Normal,,,,,,,,,,Yes,Yes,,,,,,,,,87,High Park-Swansea,87,High Park-Swansea (87),D11,622223.243768317,4834033.07856054
1023,80942161,,7/18/2017 4:00:00 AM,2115,BATHURST ST,BRENTHALL AVE,20 m  of,Major Arterial,North York,43.774478,-79.443141,At Intersection,Stop Sign,Clear,"Daylight, artificial",Dry,Non-Fatal Injury,Turning Movement,Motorcycle Driver,45 to 49,Major,,North,Motorcycle,Going Ahead,Driving Properly,Normal,,,,,,,,,Yes,Yes,,,,,,,,,,36,Newtonbrook West,36,Newtonbrook West (36),D32,625292.57538184,4848001.95078234
1024,80942162,,7/18/2017 4:00:00 AM,2115,BATHURST ST,BRENTHALL AVE,20 m  of,Major Arterial,North York,43.774478,-79.443141,At Intersection,Stop Sign,Clear,"Daylight, artificial",Dry,Non-Fatal Injury,Turning Movement,Driver,unknown,None,,West,"Automobile, Station Wagon",Turning Left,Improper Turn,Unknown,,,,,,,,,Yes,Yes,,,,,,,,,,36,Newtonbrook West,36,Newtonbrook West (36),D32,625292.57538184,4848001.95078234
1025,80772923,,7/22/2017 4:00:00 AM,2134,ALBION RD,ISLINGTON AVE,,Major Arterial,Etobicoke York,43.737166,-79.565257,At Intersection,Traffic Signal,Rain,"Dark, artificial",Wet,Non-Fatal Injury,Turning Movement,Driver,45 to 49,None,,East,"Automobile, Station Wagon",Turning Left,Improper Turn,Inattentive,,,,,,,,,Yes,Yes,,,,Yes,,,,,,3,Thistletown-Beaumond Heights,3,Thistletown-Beaumond Heights (3),D23,615536.659478698,4843680.36919154
1026,80772924,,7/22/2017 4:00:00 AM,2134,ALBION RD,ISLINGTON AVE,,Major Arterial,Etobicoke York,43.737166,-79.565257,At Intersection,Traffic Signal,Rain,"Dark, artificial",Wet,Non-Fatal Injury,Turning Movement,Motorcycle Driver,55 to 59,Major,,West,Motorcycle,Going Ahead,Driving Properly,Normal,,,,,,,,,Yes,Yes,,,,Yes,,,,,,3,Thistletown-Beaumond Heights,3,Thistletown-Beaumond Heights (3),D23,615536.659478698,4843680.36919154
1027,80772925,,7/22/2017 4:00:00 AM,2134,ALBION RD,ISLINGTON AVE,,Major Arterial,Etobicoke York,43.737166,-79.565257,At Intersection,Traffic Signal,Rain,"Dark, artificial",Wet,Non-Fatal Injury,Turning Movement,Passenger,45 to 49,Minimal,,,,,,,,,,,,,,,Yes,Yes,,,,Yes,,,,,,3,Thistletown-Beaumond Heights,3,Thistletown-Beaumond Heights (3),D23,615536.659478698,4843680.36919154
1028,80772926,,7/22/2017 4:00:00 AM,2134,ALBION RD,ISLINGTON AVE,,Major Arterial,Etobicoke York,43.737166,-79.565257,At Intersection,Traffic Signal,Rain,"Dark, artificial",Wet,Non-Fatal Injury,Turning Movement,Passenger,5 to 9,None,,,,,,,,,,,,,,,Yes,Yes,,,,Yes,,,,,,3,Thistletown-Beaumond Heights,3,Thistletown-Beaumond Heights (3),D23,615536.659478698,4843680.36919154
1029,80773433,,7/26/2017 4:00:00 AM,746,LAWRENCE AVE E,CARNFORTH RD,20 m East of,Major Arterial,North York,43.741427,-79.314204,At Intersection,Traffic Signal,Clear,Daylight,Dry,Non-Fatal Injury,Rear End,Motorcycle Driver,50 to 54,Major,,West,Motorcycle,Going Ahead,Following too Close,Normal,,,,,,,,,Yes,Yes,,,,,,Yes,,,,43,Victoria Village,43,Victoria Village (43),D33,635743.962676376,4844534.33088871
1030,80773434,,7/26/2017 4:00:00 AM,746,LAWRENCE AVE E,CARNFORTH RD,20 m East of,Major Arterial,North York,43.741427,-79.314204,At Intersection,Traffic Signal,Clear,Daylight,Dry,Non-Fatal Injury,Rear End,Driver,20 to 24,None,,West,"Automobile, Station Wagon",Slowing or Stopping,Driving Properly,Normal,,,,,,,,,Yes,Yes,,,,,,Yes,,,,43,Victoria Village,43,Victoria Village (43),D33,635743.962676376,4844534.33088871
1031,80779758,,7/28/2017 4:00:00 AM,1830,YONGE ST,BOGERT AVE,7 m North of,Major Arterial,North York,43.760642,-79.410709,At Intersection,No Control,Clear,Daylight,Dry,Non-Fatal Injury,Sideswipe,Driver,55 to 59,None,,South,"Automobile, Station Wagon",Changing Lanes,Improper Lane Change,Inattentive,,,,,,,,,Yes,Yes,,,,Yes,,,,,,153,Avondale,51,Willowdale East (51),D32,627932.147312433,4846514.84218458
1032,80779759,,7/28/2017 4:00:00 AM,1830,YONGE ST,BOGERT AVE,7 m North of,Major Arterial,North York,43.760642,-79.410709,At Intersection,No Control,Clear,Daylight,Dry,Non-Fatal Injury,Sideswipe,Motorcycle Driver,50 to 54,Major,,South,Motorcycle,Going Ahead,Driving Properly,Normal,,,,,,,,,Yes,Yes,,,,Yes,,,,,,153,Avondale,51,Willowdale East (51),D32,627932.147312433,4846514.84218458
1033,80779760,,7/28/2017 4:00:00 AM,1830,YONGE ST,BOGERT AVE,7 m North of,Major Arterial,North York,43.760642,-79.410709,At Intersection,No Control,Clear,Daylight,Dry,Non-Fatal Injury,Sideswipe,Passenger,55 to 59,None,,,,,,,,,,,,,,,Yes,Yes,,,,Yes,,,,,,153,Avondale,51,Willowdale East (51),D32,627932.147312433,4846514.84218458
1034,80779761,,7/28/2017 4:00:00 AM,1830,YONGE ST,BOGERT AVE,7 m North of,Major Arterial,North York,43.760642,-79.410709,At Intersection,No Control,Clear,Daylight,Dry,Non-Fatal Injury,Sideswipe,Passenger,25 to 29,None,,,,,,,,,,,,,,,Yes,Yes,,,,Yes,,,,,,153,Avondale,51,Willowdale East (51),D32,627932.147312433,4846514.84218458
1035,80779762,,7/28/2017 4:00:00 AM,1830,YONGE ST,BOGERT AVE,7 m North of,Major Arterial,North York,43.760642,-79.410709,At Intersection,No Control,Clear,Daylight,Dry,Non-Fatal Injury,Sideswipe,Passenger,15 to 19,None,,,,,,,,,,,,,,,Yes,Yes,,,,Yes,,,,,,153,Avondale,51,Willowdale East (51),D32,627932.147312433,4846514.84218458
1036,80779763,,7/28/2017 4:00:00 AM,1830,YONGE ST,BOGERT AVE,7 m North of,Major Arterial,North York,43.760642,-79.410709,At Intersection,No Control,Clear,Daylight,Dry,Non-Fatal Injury,Sideswipe,Passenger,15 to 19,None,,,,,,,,,,,,,,,Yes,Yes,,,,Yes,,,,,,153,Avondale,51,Willowdale East (51),D32,627932.147312433,4846514.84218458
1037,80780400,,8/6/2017 4:00:00 AM,1255,DUFFERIN ST,BRANDON AVE,18 m South o,Major Arterial,Toronto and East York,43.670371,-79.439845,Intersection Related,No Control,Clear,Daylight,Dry,Non-Fatal Injury,Turning Movement,Driver,55 to 59,None,,South,"Automobile, Station Wagon",Turning Left,Failed to Yield Right of Way,Normal,,,,,,,,,Yes,Yes,,,,,,Yes,,,,171,Junction-Wallace Emerson,93,Dovercourt-Wallace Emerson-Junction (93),D13,625775.497468894,4836444.37624325
1038,80780401,,8/6/2017 4:00:00 AM,1255,DUFFERIN ST,BRANDON AVE,18 m South o,Major Arterial,Toronto and East York,43.670371,-79.439845,Intersection Related,No Control,Clear,Daylight,Dry,Non-Fatal Injury,Turning Movement,Motorcycle Driver,40 to 44,Major,,North,Motorcycle,Going Ahead,Driving Properly,Normal,,,,,,,,,Yes,Yes,,,,,,Yes,,,,171,Junction-Wallace Emerson,93,Dovercourt-Wallace Emerson-Junction (93),D13,625775.497468894,4836444.37624325
1039,80938973,,8/12/2017 4:00:00 AM,1917,BLACK CREEK DR,PHOTOGRAPHY DR,,Major Arterial,Etobicoke York,43.685794,-79.481639,At Intersection,Traffic Signal,Clear,Daylight,Dry,Non-Fatal Injury,Turning Movement,Motorcycle Driver,35 to 39,Major,,North,Motorcycle,Going Ahead,Lost control,Unknown,,,,,,,,,Yes,Yes,,,,,Yes,Yes,,,,110,Keelesdale-Eglinton West,110,Keelesdale-Eglinton West (110),D12,622374.791123242,4838094.78796715
1040,80938974,,8/12/2017 4:00:00 AM,1917,BLACK CREEK DR,PHOTOGRAPHY DR,,Major Arterial,Etobicoke York,43.685794,-79.481639,At Intersection,Traffic Signal,Clear,Daylight,Dry,Non-Fatal Injury,Turning Movement,Driver,35 to 39,None,,South,"Automobile, Station Wagon",Turning Left,Driving Properly,Normal,,,,,,,,,Yes,Yes,,,,,Yes,Yes,,,,110,Keelesdale-Eglinton West,110,Keelesdale-Eglinton West (110),D12,622374.791123242,4838094.78796715
1041,80885786,,8/19/2017 4:00:00 AM,2309,HINTON RD,KIPLING AVE,120 m East o,Local,Etobicoke York,43.726092,-79.571864,At/Near Private Drive,No Control,Clear,"Dark, artificial",Dry,Non-Fatal Injury,Turning Movement,Motorcycle Driver,30 to 34,Major,,East,Motorcycle,Going Ahead,Driving Properly,Normal,,,,,,,,,Yes,Yes,,,,,,Yes,,,,4,Rexdale-Kipling,4,Rexdale-Kipling (4),D23,615025.805605454,4842441.25343356
1042,80885787,,8/19/2017 4:00:00 AM,2309,HINTON RD,KIPLING AVE,120 m East o,Local,Etobicoke York,43.726092,-79.571864,At/Near Private Drive,No Control,Clear,"Dark, artificial",Dry,Non-Fatal Injury,Turning Movement,Driver,35 to 39,None,,North,"Automobile, Station Wagon",Turning Left,Failed to Yield Right of Way,Normal,,,,,,,,,Yes,Yes,,,,,,Yes,,,,4,Rexdale-Kipling,4,Rexdale-Kipling (4),D23,615025.805605454,4842441.25343356
1043,80908002,,8/28/2017 4:00:00 AM,1135,215 LONSDALE  RD,,51 m West of,Minor Arterial,Toronto and East York,43.690566,-79.403644,Non Intersection,No Control,Clear,Daylight,Dry,Non-Fatal Injury,Sideswipe,Motorcycle Driver,75 to 79,Major,,East,Motorcycle,Going Ahead,Driving Properly,Normal,,,,,,,,,Yes,Yes,,,,,,Yes,,,,96,Casa Loma,96,Casa Loma (96),D53,628650.783273999,4838742.8303921
1044,80908003,,8/28/2017 4:00:00 AM,1135,215 LONSDALE  RD,,51 m West of,Minor Arterial,Toronto and East York,43.690566,-79.403644,Non Intersection,No Control,Clear,Daylight,Dry,Non-Fatal Injury,Sideswipe,Driver,55 to 59,None,,East,"Automobile, Station Wagon",Going Ahead,Improper Passing,Normal,,,,,,,,,Yes,Yes,,,,,,Yes,,,,96,Casa Loma,96,Casa Loma (96),D53,628650.783273999,4838742.8303921
1045,80888101,,8/28/2017 4:00:00 AM,1845,OSSINGTON  AVE,HARBORD ST,30 m North o,Minor Arterial,Toronto and East York,43.658473,-79.424274,Intersection Related,No Control,Clear,Daylight,Dry,Non-Fatal Injury,Turning Movement,Motorcycle Driver,30 to 34,Major,,North,Motorcycle,Going Ahead,Driving Properly,Normal,,,,,,,,,Yes,Yes,,,,,,,,,,80,Palmerston-Little Italy,80,Palmerston-Little Italy (80),D14,627055.899378428,4835146.67209578
1046,80888102,,8/28/2017 4:00:00 AM,1845,OSSINGTON  AVE,HARBORD ST,30 m North o,Minor Arterial,Toronto and East York,43.658473,-79.424274,Intersection Related,No Control,Clear,Daylight,Dry,Non-Fatal Injury,Turning Movement,Driver,25 to 29,None,,South,"Automobile, Station Wagon",Making U Turn,Improper Turn,Inattentive,,,,,,,,,Yes,Yes,,,,,,,,,,80,Palmerston-Little Italy,80,Palmerston-Little Italy (80),D14,627055.899378428,4835146.67209578
1047,80782123,,9/9/2017 4:00:00 AM,1221,MC CAUL ST,QUEEN ST W,,Major Arterial,Toronto and East York,43.650122,-79.389713,At Intersection,Traffic Controller,Clear,Daylight,Dry,Non-Fatal Injury,Turning Movement,Motorcycle Driver,45 to 49,Major,,South,Motorcycle,Going Ahead,Lost control,Normal,,,,,,,,,Yes,Yes,,,,,,,,,,164,Wellington Place,77,Waterfront Communities-The Island (77),D52,629860.692311981,4834272.68761329
1048,80782124,,9/9/2017 4:00:00 AM,1221,MC CAUL ST,QUEEN ST W,,Major Arterial,Toronto and East York,43.650122,-79.389713,At Intersection,Traffic Controller,Clear,Daylight,Dry,Non-Fatal Injury,Turning Movement,Driver,15 to 19,None,,West,"Automobile, Station Wagon",Turning Left,Driving Properly,Normal,,,,,,,,,Yes,Yes,,,,,,,,,,164,Wellington Place,77,Waterfront Communities-The Island (77),D52,629860.692311981,4834272.68761329
1049,80782764,,9/13/2017 4:00:00 AM,105,BLOOR ST W,BRUNSWICK AVE,,Major Arterial,Toronto and East York,43.665908,-79.407436,At Intersection,Traffic Signal,Clear,"Dark, artificial",Dry,Non-Fatal Injury,Cyclist Collisions,Cyclist,20 to 24,Major,,West,Bicycle,Making U Turn,,,,,,Cyclist makes u-turn in-front of driver.,Improper Turn,Had Been Drinking,,Yes,,Yes,,,,,,,,,,79,University,79,University (79),D14,628397.765108397,4835998.34931721
1050,80782765,,9/13/2017 4:00:00 AM,105,BLOOR ST W,BRUNSWICK AVE,,Major Arterial,Toronto and East York,43.665908,-79.407436,At Intersection,Traffic Signal,Clear,"Dark, artificial",Dry,Non-Fatal Injury,Cyclist Collisions,Motorcycle Driver,20 to 24,None,,East,Motorcycle,Going Ahead,Driving Properly,Normal,,,,,,,,Yes,,Yes,,,,,,,,,,79,University,79,University (79),D14,628397.765108397,4835998.34931721
1051,80915777,,9/14/2017 4:00:00 AM,1601,DON MILLS RD,GATEWAY BLVD,,Major Arterial,North York,43.714392,-79.336337,At Intersection,Traffic Signal,Clear,Daylight,Dry,Non-Fatal Injury,Turning Movement,Driver,30 to 34,None,,South,"Automobile, Station Wagon",Going Ahead,Driving Properly,Normal,,,,,,,,,Yes,Yes,,,,,,,,,,44,Flemingdon Park,44,Flemingdon Park (44),D55,634022.02904328,4841495.67091909
1052,80915778,,9/14/2017 4:00:00 AM,1601,DON MILLS RD,GATEWAY BLVD,,Major Arterial,North York,43.714392,-79.336337,At Intersection,Traffic Signal,Clear,Daylight,Dry,Non-Fatal Injury,Turning Movement,Motorcycle Driver,15 to 19,Major,,East,Motorcycle,Turning Right,Improper Turn,Inattentive,,,,,,,,,Yes,Yes,,,,,,,,,,44,Flemingdon Park,44,Flemingdon Park (44),D55,634022.02904328,4841495.67091909
1053,80918622,,9/26/2017 4:00:00 AM,1505,BURNHAMTHORPE RD,SATURN RD,,Major Arterial,Etobicoke York,43.642485,-79.575847,At Intersection,Traffic Signal,Clear,Daylight,Dry,Non-Fatal Injury,Turning Movement,Driver,60 to 64,None,,West,"Automobile, Station Wagon",Turning Left,Driving Properly,Normal,,,,,,,,,Yes,Yes,,,,,,Yes,Yes,,,13,Etobicoke West Mall,13,Etobicoke West Mall (13),D22,614864.448967243,4833150.06771287
1054,80918623,,9/26/2017 4:00:00 AM,1505,BURNHAMTHORPE RD,SATURN RD,,Major Arterial,Etobicoke York,43.642485,-79.575847,At Intersection,Traffic Signal,Clear,Daylight,Dry,Non-Fatal Injury,Turning Movement,Motorcycle Driver,25 to 29,Major,,East,Motorcycle,Going Ahead,Disobeyed Traffic Control,Normal,,,,,,,,,Yes,Yes,,,,,,Yes,Yes,,,13,Etobicoke West Mall,13,Etobicoke West Mall (13),D22,614864.448967243,4833150.06771287
1055,80912807,,10/5/2017 4:00:00 AM,1330,QUEEN ST W,PORTLAND ST,3 m East of,Major Arterial,Toronto and East York,43.647635,-79.40137,At Intersection,Traffic Signal,Clear,Daylight,Dry,Non-Fatal Injury,Turning Movement,Motorcycle Driver,30 to 34,Major,,West,Motorcycle,Going Ahead,Driving Properly,Normal,,,,,,,,,Yes,Yes,,,,,,,,,,164,Wellington Place,77,Waterfront Communities-The Island (77),D14,628925.931201516,4833978.29804956
1056,80912808,,10/5/2017 4:00:00 AM,1330,QUEEN ST W,PORTLAND ST,3 m East of,Major Arterial,Toronto and East York,43.647635,-79.40137,At Intersection,Traffic Signal,Clear,Daylight,Dry,Non-Fatal Injury,Turning Movement,Driver,30 to 34,None,,West,"Automobile, Station Wagon",Making U Turn,Improper Turn,Normal,,,,,,,,,Yes,Yes,,,,,,,,,,164,Wellington Place,77,Waterfront Communities-The Island (77),D14,628925.931201516,4833978.29804956
1057,80886415,,10/7/2017 4:00:00 AM,2025,UNIVERSITY AVE,EDWARD ST,,Major Arterial,Toronto and East York,43.655394,-79.388561,At Intersection,No Control,Clear,"Daylight, artificial",Dry,Non-Fatal Injury,Turning Movement,Motorcycle Passenger,15 to 19,Minimal,,,,,,,,,,,,,,,Yes,Yes,,,,Yes,,Yes,,,,170,Yonge-Bay Corridor,76,Bay Street Corridor (76),D52,629942.225163592,4834860.01587907
1058,80886416,,10/7/2017 4:00:00 AM,2025,UNIVERSITY AVE,EDWARD ST,,Major Arterial,Toronto and East York,43.655394,-79.388561,At Intersection,No Control,Clear,"Daylight, artificial",Dry,Non-Fatal Injury,Turning Movement,Passenger,30 to 34,None,,,,,,,,,,,,,,,Yes,Yes,,,,Yes,,Yes,,,,170,Yonge-Bay Corridor,76,Bay Street Corridor (76),D52,629942.225163592,4834860.01587907
1059,80886417,,10/7/2017 4:00:00 AM,2025,UNIVERSITY AVE,EDWARD ST,,Major Arterial,Toronto and East York,43.655394,-79.388561,At Intersection,No Control,Clear,"Daylight, artificial",Dry,Non-Fatal Injury,Turning Movement,Motorcycle Driver,25 to 29,Major,,North,Motorcycle,Going Ahead,Driving Properly,Normal,,,,,,,,,Yes,Yes,,,,Yes,,Yes,,,,170,Yonge-Bay Corridor,76,Bay Street Corridor (76),D52,629942.225163592,4834860.01587907
1060,80886418,,10/7/2017 4:00:00 AM,2025,UNIVERSITY AVE,EDWARD ST,,Major Arterial,Toronto and East York,43.655394,-79.388561,At Intersection,No Control,Clear,"Daylight, artificial",Dry,Non-Fatal Injury,Turning Movement,Driver,30 to 34,None,,South,"Automobile, Station Wagon",Turning Left,Failed to Yield Right of Way,Normal,,,,,,,,,Yes,Yes,,,,Yes,,Yes,,,,170,Yonge-Bay Corridor,76,Bay Street Corridor (76),D52,629942.225163592,4834860.01587907
1061,80902404,,10/8/2017 4:00:00 AM,1230,F G GARDINER XY  E,GARDINER E LOWER JARVIS RAMP,3 m North of,Major Arterial,Toronto and East York,43.641997,-79.379878,Non Intersection,No Control,Clear,Daylight,Dry,Non-Fatal Injury,Rear End,Motorcycle Driver,25 to 29,Major,,East,Motorcycle,Going Ahead,Driving Properly,Normal,,,,,,,,,Yes,Yes,,,,,,,,,,166,St Lawrence-East Bayfront-The Islands,77,Waterfront Communities-The Island (77),D52,630671.454892552,4833385.7380555
1062,80902405,,10/8/2017 4:00:00 AM,1230,F G GARDINER XY  E,GARDINER E LOWER JARVIS RAMP,3 m North of,Major Arterial,Toronto and East York,43.641997,-79.379878,Non Intersection,No Control,Clear,Daylight,Dry,Non-Fatal Injury,Rear End,Driver,40 to 44,None,,East,"Automobile, Station Wagon",Changing Lanes,Improper Lane Change,Normal,,,,,,,,,Yes,Yes,,,,,,,,,,166,St Lawrence-East Bayfront-The Islands,77,Waterfront Communities-The Island (77),D52,630671.454892552,4833385.7380555