OBJECTID,INDEX,ACCNUM,DATE,TIME,STREET1,STREET2,OFFSET,ROAD_CLASS,DISTRICT,LATITUDE,LONGITUDE,ACCLOC,TRAFFCTL,VISIBILITY,LIGHT,RDSFCOND,ACCLASS,IMPACTYPE,INVTYPE,INVAGE,INJURY,FATAL_NO,INITDIR,VEHTYPE,MANOEUVER,DRIVACT,DRIVCOND,PEDTYPE,PEDACT,PEDCOND,CYCLISTYPE,CYCACT,CYCCOND,PEDESTRIAN,CYCLIST,AUTOMOBILE,MOTORCYCLE,TRUCK,TRSN_CITY_VEH,EMERG_VEH,PASSENGER,SPEEDING,AG_DRIV,REDLIGHT,ALCOHOL,DISABILITY,HOOD_158,NEIGHBOURHOOD_158,HOOD_140,NEIGHBOURHOOD_140,DIVISION,x,y
1063,80894131,,10/9/2017 4:00:00 AM,1545,TRANSIT RD,WILSON AVE,84 m North o,Minor Arterial,North York,43.735114,-79.452129,Non Intersection,No Control,Clear,Daylight,Dry,Non-Fatal Injury,SMV Other,Motorcycle Driver,35 to 39,Major,,North,Motorcycle,Going Ahead,Lost control,Inattentive,,,,,,,,,,Yes,,,,,,,,,,33,Clanton Park,33,Clanton Park (33),D32,624650.936748155,4843616.43345862
1064,80919708,,10/21/2017 4:00:00 AM,1310,LAKE SHORE BLVD W,THIRTY SEVENTH ST,,Major Arterial,Etobicoke York,43.593325,-79.538135,At Intersection,Traffic Signal,Clear,Daylight,Dry,Non-Fatal Injury,Turning Movement,Passenger,70 to 74,Minimal,,,,,,,,,,,,,,,Yes,Yes,,,,Yes,,Yes,,,,19,Long Branch,19,Long Branch (19),D22,618002.236955076,4827743.13429476
1065,80919709,,10/21/2017 4:00:00 AM,1310,LAKE SHORE BLVD W,THIRTY SEVENTH ST,,Major Arterial,Etobicoke York,43.593325,-79.538135,At Intersection,Traffic Signal,Clear,Daylight,Dry,Non-Fatal Injury,Turning Movement,Motorcycle Driver,25 to 29,Major,,West,Motorcycle,Going Ahead,Driving Properly,Normal,,,,,,,,,Yes,Yes,,,,Yes,,Yes,,,,19,Long Branch,19,Long Branch (19),D22,618002.236955076,4827743.13429476
1066,80919710,,10/21/2017 4:00:00 AM,1310,LAKE SHORE BLVD W,THIRTY SEVENTH ST,,Major Arterial,Etobicoke York,43.593325,-79.538135,At Intersection,Traffic Signal,Clear,Daylight,Dry,Non-Fatal Injury,Turning Movement,Driver,70 to 74,Minimal,,East,"Automobile, Station Wagon",Turning Left,Failed to Yield Right of Way,Inattentive,,,,,,,,,Yes,Yes,,,,Yes,,Yes,,,,19,Long Branch,19,Long Branch (19),D22,618002.236955076,4827743.13429476
1067,80900037,,10/22/2017 4:00:00 AM,1350,AVENUE  RD,WOBURN AVE,30 m South o,Major Arterial,North York,43.725348,-79.41685,Intersection Related,No Control,Clear,Daylight,Dry,Non-Fatal Injury,Sideswipe,Motorcycle Driver,55 to 59,Major,,South,Motorcycle,Going Ahead,Driving Properly,Unknown,,,,,,,,,Yes,Yes,,,,,,,,,,39,Bedford Park-Nortown,39,Bedford Park-Nortown (39),D32,627512.723277412,4842585.4569877
1068,80900038,,10/22/2017 4:00:00 AM,1350,AVENUE  RD,WOBURN AVE,30 m South o,Major Arterial,North York,43.725348,-79.41685,Intersection Related,No Control,Clear,Daylight,Dry,Non-Fatal Injury,Sideswipe,Driver,45 to 49,None,,South,"Automobile, Station Wagon",Changing Lanes,Improper Lane Change,Normal,,,,,,,,,Yes,Yes,,,,,,,,,,39,Bedford Park-Nortown,39,Bedford Park-Nortown (39),D32,627512.723277412,4842585.4569877
1069,80939156,,12/5/2017 5:00:00 AM,1646,BIRCHMOUNT RD,SHEPPARD AVE E,200 m North ,Major Arterial,Scarborough,43.782557,-79.298908,At/Near Private Drive,Traffic Signal,Clear,"Dark, artificial",Dry,Non-Fatal Injury,Turning Movement,Driver,35 to 39,None,,North,"Automobile, Station Wagon",Turning Left,Improper Turn,Normal,,,,,,,,,Yes,Yes,,,,,,,,,,118,Tam O'Shanter-Sullivan,118,Tam O'Shanter-Sullivan (118),D42,636881.808397098,4849127.62488366
1070,80939157,,12/5/2017 5:00:00 AM,1646,BIRCHMOUNT RD,SHEPPARD AVE E,200 m North ,Major Arterial,Scarborough,43.782557,-79.298908,At/Near Private Drive,Traffic Signal,Clear,"Dark, artificial",Dry,Non-Fatal Injury,Turning Movement,Motorcycle Driver,50 to 54,Major,,South,Motorcycle,Going Ahead,Driving Properly,Normal,,,,,,,,,Yes,Yes,,,,,,,,,,118,Tam O'Shanter-Sullivan,118,Tam O'Shanter-Sullivan (118),D42,636881.808397098,4849127.62488366
1071,81139700,,3/9/2018 5:00:00 AM,1745,WESTON RD,DENISON RD W,3 m East of,Minor Arterial,Etobicoke York,43.696166,-79.508159,At Intersection,Traffic Signal,Clear,Daylight,Dry,Non-Fatal Injury,Turning Movement,Driver,20 to 24,None,,North,"Automobile, Station Wagon",Turning Left,Improper Turn,Normal,,,,,,,,,Yes,Yes,,,,,,,,,,113,Weston,113,Weston (113),D12,620216.626862037,4839207.94813887
1072,81139701,,3/9/2018 5:00:00 AM,1745,WESTON RD,DENISON RD W,3 m East of,Minor Arterial,Etobicoke York,43.696166,-79.508159,At Intersection,Traffic Signal,Clear,Daylight,Dry,Non-Fatal Injury,Turning Movement,Motorcycle Driver,35 to 39,Major,,South,Motorcycle,Going Ahead,Driving Properly,Normal,,,,,,,,,Yes,Yes,,,,,,,,,,113,Weston,113,Weston (113),D12,620216.626862037,4839207.94813887
1073,80875487,,3/28/2018 4:00:00 AM,1749,MOUNT PLEASANT RD,CARSTOWE RD,,Major Arterial,Toronto and East York,43.68439,-79.383662,Non Intersection,No Control,Clear,Daylight,Dry,Fatal,Turning Movement,Driver,15 to 19,None,,North,"Automobile, Station Wagon",Making U Turn,Improper Turn,Normal,,,,,,,,,Yes,Yes,,,,,Yes,Yes,,,,98,Rosedale-Moore Park,98,Rosedale-Moore Park (98),D53,630274.523945585,4838088.09557654
1074,80875565,,3/28/2018 4:00:00 AM,1749,MOUNT PLEASANT RD,CARSTOWE RD,,Major Arterial,Toronto and East York,43.68439,-79.383662,Non Intersection,No Control,Clear,Daylight,Dry,Fatal,Turning Movement,Motorcycle Driver,35 to 39,Fatal,17,North,Motorcycle,Going Ahead,Improper Passing,Normal,,,,,,,,,Yes,Yes,,,,,Yes,Yes,,,,98,Rosedale-Moore Park,98,Rosedale-Moore Park (98),D53,630274.523945585,4838088.09557654
1075,80916214,,4/4/2018 4:00:00 AM,1630,BATHURST ST,CEDARCROFT BLVD,80 m South o,Major Arterial,North York,43.782679,-79.445216,Non Intersection,No Control,Clear,Daylight,Dry,Non-Fatal Injury,SMV Other,Motorcycle Driver,30 to 34,Major,,South,Motorcycle,Going Ahead,Lost control,Normal,,,,,,,,,,Yes,,,,,,,,,,36,Newtonbrook West,36,Newtonbrook West (36),D32,625108.477443027,4848909.65916294
1076,80942257,,4/22/2018 4:00:00 AM,1706,1854 KEELE ST,,,Major Arterial,North York,43.689555,-79.474803,Non Intersection,No Control,Clear,"Dark, artificial",Dry,Non-Fatal Injury,Pedestrian Collisions,Pedestrian,60 to 64,Major,,West,,,,,Pedestrian hit at mid-block,"Crossing, no Traffic Control",Other,,,,Yes,,,Yes,,,,,Yes,Yes,,,,110,Keelesdale-Eglinton West,110,Keelesdale-Eglinton West (110),D12,622918.072315864,4838522.6078455
1077,80942258,,4/22/2018 4:00:00 AM,1706,1854 KEELE ST,,,Major Arterial,North York,43.689555,-79.474803,Non Intersection,No Control,Clear,"Dark, artificial",Dry,Non-Fatal Injury,Pedestrian Collisions,Motorcycle Driver,unknown,None,,South,Motorcycle,Going Ahead,Exceeding Speed Limit,Other,,,,,,,Yes,,,Yes,,,,,Yes,Yes,,,,110,Keelesdale-Eglinton West,110,Keelesdale-Eglinton West (110),D12,622918.072315864,4838522.6078455
1078,80912090,,5/1/2018 4:00:00 AM,1905,DANFORTH AVE,BIRCHMOUNT RD,180 m East o,Minor Arterial,Scarborough,43.697734,-79.261806,Non Intersection,No Control,Clear,Daylight,Dry,Non-Fatal Injury,Rear End,Motorcycle Driver,50 to 54,None,,East,Motorcycle,Going Ahead,Driving Properly,Normal,,,,,,,,,,Yes,,,,,Yes,Yes,,,,122,Birchcliffe-Cliffside,122,Birchcliffe-Cliffside (122),D41,640064.990811124,4839768.77426315
1079,80912091,,5/1/2018 4:00:00 AM,1905,DANFORTH AVE,BIRCHMOUNT RD,180 m East o,Minor Arterial,Scarborough,43.697734,-79.261806,Non Intersection,No Control,Clear,Daylight,Dry,Non-Fatal Injury,Rear End,Motorcycle Driver,25 to 29,Major,,East,Motorcycle,Going Ahead,Exceeding Speed Limit,Inattentive,,,,,,,,,,Yes,,,,,Yes,Yes,,,,122,Birchcliffe-Cliffside,122,Birchcliffe-Cliffside (122),D41,640064.990811124,4839768.77426315
1080,80943078,,5/2/2018 4:00:00 AM,1616,KINGSTON RD,RYLANDER BLVD,,Major Arterial,Scarborough,43.796981,-79.149135,At Intersection,Traffic Signal,Clear,Daylight,Dry,Non-Fatal Injury,Turning Movement,Motorcycle Driver,15 to 19,Major,,West,Motorcycle,Going Ahead,Driving Properly,Normal,,,,,,,,,Yes,Yes,,,,,,Yes,,,,133,Centennial Scarborough,133,Centennial Scarborough (133),D42,648897.92123705,4850988.20886665
1081,80943079,,5/2/2018 4:00:00 AM,1616,KINGSTON RD,RYLANDER BLVD,,Major Arterial,Scarborough,43.796981,-79.149135,At Intersection,Traffic Signal,Clear,Daylight,Dry,Non-Fatal Injury,Turning Movement,Driver,55 to 59,None,,North,"Automobile, Station Wagon",Turning Left,Failed to Yield Right of Way,Inattentive,,,,,,,,,Yes,Yes,,,,,,Yes,,,,133,Centennial Scarborough,133,Centennial Scarborough (133),D42,648897.92123705,4850988.20886665
1082,80944130,,5/10/2018 4:00:00 AM,1845,EASTERN AVE,COXWELL AVE,,Minor Arterial,Toronto and East York,43.665419,-79.31618,At Intersection,Traffic Signal,Clear,Daylight,Dry,Non-Fatal Injury,Turning Movement,Driver,25 to 29,None,,West,"Automobile, Station Wagon",Turning Left,Failed to Yield Right of Way,Inattentive,,,,,,,,,Yes,Yes,,,,,,Yes,,,,63,The Beaches,63,The Beaches (63),D55,635756.309208362,4836089.32434885
1083,80944131,,5/10/2018 4:00:00 AM,1845,EASTERN AVE,COXWELL AVE,,Minor Arterial,Toronto and East York,43.665419,-79.31618,At Intersection,Traffic Signal,Clear,Daylight,Dry,Non-Fatal Injury,Turning Movement,Motorcycle Driver,40 to 44,Major,,East,Motorcycle,Going Ahead,Driving Properly,Normal,,,,,,,,,Yes,Yes,,,,,,Yes,,,,63,The Beaches,63,The Beaches (63),D55,635756.309208362,4836089.32434885
1084,80944047,,5/23/2018 4:00:00 AM,2325,KINGSTON RD,DANFORTH AVE,8 m South of,Major Arterial,Scarborough,43.702361,-79.254146,Non Intersection,No Control,Clear,"Dark, artificial",Dry,Non-Fatal Injury,SMV Other,Motorcycle Driver,25 to 29,Major,,West,Motorcycle,Changing Lanes,Lost control,Inattentive,,,,,,,,,,Yes,,,,,,,,,,122,Birchcliffe-Cliffside,122,Birchcliffe-Cliffside (122),D41,640671.425270974,4840295.63831597
1085,80943630,,5/27/2018 4:00:00 AM,1700,YONGE ST,ISABELLA ST,,Major Arterial,Toronto and East York,43.667491,-79.385654,At Intersection,No Control,Clear,Daylight,Dry,Non-Fatal Injury,Turning Movement,Driver,50 to 54,None,,South,"Automobile, Station Wagon",Turning Left,Failed to Yield Right of Way,Normal,,,,,,,,,Yes,Yes,,,,,,Yes,,,,167,Church-Wellesley,75,Church-Yonge Corridor (75),D51,630150.498707905,4836208.10518736
1086,80943631,,5/27/2018 4:00:00 AM,1700,YONGE ST,ISABELLA ST,,Major Arterial,Toronto and East York,43.667491,-79.385654,At Intersection,No Control,Clear,Daylight,Dry,Non-Fatal Injury,Turning Movement,Motorcycle Driver,30 to 34,Major,,North,Motorcycle,Going Ahead,Driving Properly,Normal,,,,,,,,,Yes,Yes,,,,,,Yes,,,,167,Church-Wellesley,75,Church-Yonge Corridor (75),D51,630150.498707905,4836208.10518736
1087,80943472,,5/30/2018 4:00:00 AM,329,MARTIN GROVE RD,VULCAN ST,,Major Arterial,Etobicoke York,43.705172,-79.577121,At Intersection,Traffic Signal,,Dark,,Fatal,Turning Movement,Truck Driver,50 to 54,None,,North,"Truck - Closed (Blazer, etc)",Turning Left,Driving Properly,Normal,,,,,,,,,,Yes,Yes,,,,Yes,Yes,,,,1,West Humber-Clairville,1,West Humber-Clairville (1),D23,614642.274012056,4840110.51522379
1088,80943990,,5/30/2018 4:00:00 AM,329,MARTIN GROVE RD,VULCAN ST,,Major Arterial,Etobicoke York,43.705172,-79.577121,At Intersection,Traffic Signal,,Dark,,Fatal,Turning Movement,Motorcycle Driver,20 to 24,Fatal,27,South,Motorcycle,Going Ahead,Exceeding Speed Limit,Unknown,,,,,,,,,,Yes,Yes,,,,Yes,Yes,,,,1,West Humber-Clairville,1,West Humber-Clairville (1),D23,614642.274012056,4840110.51522379
1089,80943991,,6/2/2018 4:00:00 AM,1903,LAKE SHORE BLVD W,BRITISH COLUMBIA RD,,Major Arterial,North York,43.630515,-79.427158,Non Intersection,No Control,Clear,Daylight,Dry,Fatal,Approaching,Motorcycle Driver,50 to 54,Fatal,28,East,Motorcycle,Going Ahead,Driving Properly,Normal,,,,,,,,,Yes,Yes,,,,,,,,,,163,Fort York-Liberty Village,82,Niagara (82),D14,626882.195897255,4832037.16358716
1090,80943992,,6/2/2018 4:00:00 AM,1903,LAKE SHORE BLVD W,BRITISH COLUMBIA RD,,Major Arterial,North York,43.630515,-79.427158,Non Intersection,No Control,Clear,Daylight,Dry,Fatal,Approaching,Driver,30 to 34,,,East,"Automobile, Station Wagon",Going Ahead,Driving Properly,Normal,,,,,,,,,Yes,Yes,,,,,,,,,,163,Fort York-Liberty Village,82,Niagara (82),D14,626882.195897255,4832037.16358716
1091,80943993,,6/2/2018 4:00:00 AM,1903,LAKE SHORE BLVD W,BRITISH COLUMBIA RD,,Major Arterial,North York,43.630515,-79.427158,Non Intersection,No Control,Clear,Daylight,Dry,Fatal,Approaching,Driver,30 to 34,,,East,"Automobile, Station Wagon",Going Ahead,Driving Properly,Normal,,,,,,,,,Yes,Yes,,,,,,,,,,163,Fort York-Liberty Village,82,Niagara (82),D14,626882.195897255,4832037.16358716
1092,80944446,,6/2/2018 4:00:00 AM,1903,LAKE SHORE BLVD W,BRITISH COLUMBIA RD,,Major Arterial,North York,43.630515,-79.427158,Non Intersection,No Control,Clear,Daylight,Dry,Fatal,Approaching,Driver,55 to 59,None,,West,"Automobile, Station Wagon",Going Ahead,Lost control,Inattentive,,,,,,,,,Yes,Yes,,,,,,,,,,163,Fort York-Liberty Village,82,Niagara (82),D14,626882.195897255,4832037.16358716
1093,81460994,,6/3/2018 4:00:00 AM,1235,SHEPPARD AVE E,GATEFORTH DR,49 m West of,Major Arterial,Scarborough,43.79534,-79.231105,Non Intersection,No Control,Clear,Daylight,Dry,Non-Fatal Injury,Rear End,Motorcycle Driver,20 to 24,Major,,West,Motorcycle,Going Ahead,Other,Inattentive,,,,,,,,,Yes,Yes,,,,Yes,,Yes,,,,146,Malvern East,132,Malvern (132),D42,642307.435040544,4850661.73182282
1094,81460995,,6/3/2018 4:00:00 AM,1235,SHEPPARD AVE E,GATEFORTH DR,49 m West of,Major Arterial,Scarborough,43.79534,-79.231105,Non Intersection,No Control,Clear,Daylight,Dry,Non-Fatal Injury,Rear End,Driver,50 to 54,None,,West,"Automobile, Station Wagon",Going Ahead,Driving Properly,Normal,,,,,,,,,Yes,Yes,,,,Yes,,Yes,,,,146,Malvern East,132,Malvern (132),D42,642307.435040544,4850661.73182282
1095,81460996,,6/3/2018 4:00:00 AM,1235,SHEPPARD AVE E,GATEFORTH DR,49 m West of,Major Arterial,Scarborough,43.79534,-79.231105,Non Intersection,No Control,Clear,Daylight,Dry,Non-Fatal Injury,Rear End,Passenger,55 to 59,None,,,,,,,,,,,,,,,Yes,Yes,,,,Yes,,Yes,,,,146,Malvern East,132,Malvern (132),D42,642307.435040544,4850661.73182282
1096,80949973,,6/6/2018 4:00:00 AM,2257,KINGSTON RD,RIDGEMOOR AVE,44 m West of,Major Arterial,Scarborough,43.705832,-79.251529,Non Intersection,Traffic Controller,Clear,"Daylight, artificial",Dry,Non-Fatal Injury,Rear End,Driver,45 to 49,None,,East,"Automobile, Station Wagon",Changing Lanes,Improper Lane Change,Normal,,,,,,,,,Yes,Yes,,,,,,,,,,122,Birchcliffe-Cliffside,122,Birchcliffe-Cliffside (122),D41,640874.1606454,4840685.58695194
1097,80949974,,6/6/2018 4:00:00 AM,2257,KINGSTON RD,RIDGEMOOR AVE,44 m West of,Major Arterial,Scarborough,43.705832,-79.251529,Non Intersection,Traffic Controller,Clear,"Daylight, artificial",Dry,Non-Fatal Injury,Rear End,Motorcycle Driver,30 to 34,Major,,East,Motorcycle,Going Ahead,Driving Properly,Normal,,,,,,,,,Yes,Yes,,,,,,,,,,122,Birchcliffe-Cliffside,122,Birchcliffe-Cliffside (122),D41,640874.1606454,4840685.58695194
1098,80948087,,6/11/2018 4:00:00 AM,1700,ROYAL YORK  RD,DARTMOUTH  CRES,,Minor Arterial,Etobicoke York,43.605387,-79.493869,Non Intersection,No Control,Clear,Daylight,Dry,Non-Fatal Injury,Cyclist Collisions,Motorcycle Driver,unknown,None,,South,Motorcycle,Going Ahead,Failed to Yield Right of Way,Unknown,,,,,,,,Yes,,Yes,,,,,,Yes,,,,160,Mimico-Queensway,17,Mimico (includes Humber Bay Shores) (17),D22,621551.145351694,4829146.59242587
1099,80948088,,6/11/2018 4:00:00 AM,1700,ROYAL YORK  RD,DARTMOUTH  CRES,,Minor Arterial,Etobicoke York,43.605387,-79.493869,Non Intersection,No Control,Clear,Daylight,Dry,Non-Fatal Injury,Cyclist Collisions,Cyclist,25 to 29,Major,,South,Bicycle,Going Ahead,,,,,,Cyclist and Driver travelling in same direction. One vehicle rear-ended the other.,Driving Properly,Normal,,Yes,,Yes,,,,,,Yes,,,,160,Mimico-Queensway,17,Mimico (includes Humber Bay Shores) (17),D22,621551.145351694,4829146.59242587
1100,80944448,,6/14/2018 4:00:00 AM,558,ST CLAIR AVE E,DANFORTH RD,,Major Arterial,Scarborough,43.716773,-79.259883,At Intersection,Traffic Signal,Clear,Daylight,Dry,Fatal,Turning Movement,Motorcycle Driver,55 to 59,Fatal,33,West,Motorcycle,Going Ahead,Driving Properly,Unknown,,,,,,,,,Yes,Yes,,,,,,Yes,,,,120,Clairlea-Birchmount,120,Clairlea-Birchmount (120),D41,640175.5610129,4841886.58100199
1101,80944451,,6/14/2018 4:00:00 AM,558,ST CLAIR AVE E,DANFORTH RD,,Major Arterial,Scarborough,43.716773,-79.259883,At Intersection,Traffic Signal,Clear,Daylight,Dry,Fatal,Turning Movement,Driver,unknown,None,,East,"Automobile, Station Wagon",Turning Left,Failed to Yield Right of Way,Unknown,,,,,,,,,Yes,Yes,,,,,,Yes,,,,120,Clairlea-Birchmount,120,Clairlea-Birchmount (120),D41,640175.5610129,4841886.58100199
1102,80945099,,6/14/2018 4:00:00 AM,1645,EGLINTON AVE W,JANE ST,,Major Arterial,Etobicoke York,43.684405,-79.498782,At Intersection,Traffic Signal,Clear,Daylight,Dry,Non-Fatal Injury,Turning Movement,Motorcycle Driver,25 to 29,Major,,South,Motorcycle,Going Ahead,Disobeyed Traffic Control,Normal,,,,,,,,,Yes,Yes,,,,,,Yes,Yes,,,115,Mount Dennis,115,Mount Dennis (115),D12,620995.903691655,4837915.36764774
1103,80945100,,6/14/2018 4:00:00 AM,1645,EGLINTON AVE W,JANE ST,,Major Arterial,Etobicoke York,43.684405,-79.498782,At Intersection,Traffic Signal,Clear,Daylight,Dry,Non-Fatal Injury,Turning Movement,Driver,50 to 54,None,,North,"Automobile, Station Wagon",Turning Left,Driving Properly,Normal,,,,,,,,,Yes,Yes,,,,,,Yes,Yes,,,115,Mount Dennis,115,Mount Dennis (115),D12,620995.903691655,4837915.36764774
1104,80945308,,6/17/2018 4:00:00 AM,1810,285 OAKWOOD AVE,,50 m North o,Minor Arterial,Etobicoke York,43.684481,-79.437656,Non Intersection,No Control,Clear,Daylight,Dry,Non-Fatal Injury,Turning Movement,Driver,45 to 49,None,,North,"Automobile, Station Wagon",Making U Turn,Improper Turn,Inattentive,,,,,,,,,Yes,Yes,,,,Yes,,,,,,107,Oakwood Village,107,Oakwood Village (107),D13,625922.45256932,4838014.80290303
1105,80945309,,6/17/2018 4:00:00 AM,1810,285 OAKWOOD AVE,,50 m North o,Minor Arterial,Etobicoke York,43.684481,-79.437656,Non Intersection,No Control,Clear,Daylight,Dry,Non-Fatal Injury,Turning Movement,Motorcycle Driver,35 to 39,Major,,South,Motorcycle,Going Ahead,Driving Properly,Normal,,,,,,,,,Yes,Yes,,,,Yes,,,,,,107,Oakwood Village,107,Oakwood Village (107),D13,625922.45256932,4838014.80290303
1106,80945310,,6/17/2018 4:00:00 AM,1810,285 OAKWOOD AVE,,50 m North o,Minor Arterial,Etobicoke York,43.684481,-79.437656,Non Intersection,No Control,Clear,Daylight,Dry,Non-Fatal Injury,Turning Movement,Passenger,10 to 14,None,,,,,,,,,,,,,,,Yes,Yes,,,,Yes,,,,,,107,Oakwood Village,107,Oakwood Village (107),D13,625922.45256932,4838014.80290303
1107,80945311,,6/17/2018 4:00:00 AM,1810,285 OAKWOOD AVE,,50 m North o,Minor Arterial,Etobicoke York,43.684481,-79.437656,Non Intersection,No Control,Clear,Daylight,Dry,Non-Fatal Injury,Turning Movement,Passenger,45 to 49,None,,,,,,,,,,,,,,,Yes,Yes,,,,Yes,,,,,,107,Oakwood Village,107,Oakwood Village (107),D13,625922.45256932,4838014.80290303
1108,80945312,,6/17/2018 4:00:00 AM,1810,285 OAKWOOD AVE,,50 m North o,Minor Arterial,Etobicoke York,43.684481,-79.437656,Non Intersection,No Control,Clear,Daylight,Dry,Non-Fatal Injury,Turning Movement,Passenger,25 to 29,None,,,,,,,,,,,,,,,Yes,Yes,,,,Yes,,,,,,107,Oakwood Village,107,Oakwood Village (107),D13,625922.45256932,4838014.80290303
1109,80973472,,6/19/2018 4:00:00 AM,1105,STEELES AVE W,HIGHWAY 400  S,,Major Arterial,North York,43.771861,-79.538364,Non Intersection,No Control,Clear,Daylight,Dry,Non-Fatal Injury,Rear End,Motorcycle Driver,55 to 59,Major,,West,Motorcycle,Going Ahead,Lost control,Normal,,,,,,,,,Yes,Yes,,,,,,Yes,,,,21,Humber Summit,21,Humber Summit (21),D31,617634.311547924,4847571.60753524
1110,80973473,,6/19/2018 4:00:00 AM,1105,STEELES AVE W,HIGHWAY 400  S,,Major Arterial,North York,43.771861,-79.538364,Non Intersection,No Control,Clear,Daylight,Dry,Non-Fatal Injury,Rear End,Driver,70 to 74,None,,West,Pick Up Truck,Going Ahead,Following too Close,Normal,,,,,,,,,Yes,Yes,,,,,,Yes,,,,21,Humber Summit,21,Humber Summit (21),D31,617634.311547924,4847571.60753524
1111,80973474,,6/19/2018 4:00:00 AM,1105,STEELES AVE W,HIGHWAY 400  S,,Major Arterial,North York,43.771861,-79.538364,Non Intersection,No Control,Clear,Daylight,Dry,Non-Fatal Injury,Rear End,Driver,85 to 89,None,,West,"Automobile, Station Wagon",Stopped,Driving Properly,Normal,,,,,,,,,Yes,Yes,,,,,,Yes,,,,21,Humber Summit,21,Humber Summit (21),D31,617634.311547924,4847571.60753524
1112,80945787,,6/22/2018 4:00:00 AM,1240,1196 WILSON AVE,,1 m West of,Major Arterial,North York,43.725081,-79.488612,At/Near Private Drive,No Control,Clear,Daylight,Dry,Non-Fatal Injury,Turning Movement,Motorcycle Driver,60 to 64,Major,,West,Motorcycle,Overtaking,Improper Passing,Inattentive,,,,,,,,,Yes,Yes,,,,,,Yes,,,,154,Oakdale-Beverley Heights,26,Downsview-Roding-CFB (26),D31,621733.239128194,4842447.88738926
1113,80945788,,6/22/2018 4:00:00 AM,1240,1196 WILSON AVE,,1 m West of,Major Arterial,North York,43.725081,-79.488612,At/Near Private Drive,No Control,Clear,Daylight,Dry,Non-Fatal Injury,Turning Movement,Driver,55 to 59,None,,South,"Automobile, Station Wagon",Turning Left,Driving Properly,Normal,,,,,,,,,Yes,Yes,,,,,,Yes,,,,154,Oakdale-Beverley Heights,26,Downsview-Roding-CFB (26),D31,621733.239128194,4842447.88738926
1114,80946064,,6/28/2018 4:00:00 AM,1803,MOUNT PLEASANT RD,CRESCENT RD,11 m South o,Major Arterial,Toronto and East York,43.678252,-79.380664,Intersection Related,Traffic Controller,Clear,Daylight,Dry,Non-Fatal Injury,SMV Other,Motorcycle Driver,50 to 54,Major,,North,Motorcycle,Going Ahead,Lost control,Normal,,,,,,,,,,Yes,,,,,,,,,,98,Rosedale-Moore Park,98,Rosedale-Moore Park (98),D53,630529.471148147,4837411.10054958
1115,80946709,,7/11/2018 4:00:00 AM,1720,RATHBURN  RD,RENFORTH DR,,Minor Arterial,Etobicoke York,43.651335,-79.579456,At Intersection,Traffic Signal,Clear,Daylight,Dry,Non-Fatal Injury,Turning Movement,Driver,45 to 49,None,,West,"Automobile, Station Wagon",Turning Left,Failed to Yield Right of Way,Normal,,,,,,,,,Yes,Yes,,,,,,Yes,,,,13,Etobicoke West Mall,13,Etobicoke West Mall (13),D22,614556.541030462,4834127.98320551
1116,80946710,,7/11/2018 4:00:00 AM,1720,RATHBURN  RD,RENFORTH DR,,Minor Arterial,Etobicoke York,43.651335,-79.579456,At Intersection,Traffic Signal,Clear,Daylight,Dry,Non-Fatal Injury,Turning Movement,Motorcycle Driver,40 to 44,Major,,East,Motorcycle,Going Ahead,Driving Properly,Normal,,,,,,,,,Yes,Yes,,,,,,Yes,,,,13,Etobicoke West Mall,13,Etobicoke West Mall (13),D22,614556.541030462,4834127.98320551
1117,80947524,,7/11/2018 4:00:00 AM,1820,WILSON AVE,AVENUE RD,,Major Arterial,North York,43.739798,-79.421603,At Intersection,Traffic Signal,Clear,Daylight,Dry,Non-Fatal Injury,Pedestrian Collisions,Motorcycle Driver,55 to 59,None,,North,Motorcycle,Going Ahead,Driving Properly,Normal,,,,,,,Yes,,,Yes,,,,,,,,,,39,Bedford Park-Nortown,39,Bedford Park-Nortown (39),D32,627099.3246633,4844183.03650757
1118,80947525,,7/11/2018 4:00:00 AM,1820,WILSON AVE,AVENUE RD,,Major Arterial,North York,43.739798,-79.421603,At Intersection,Traffic Signal,Clear,Daylight,Dry,Non-Fatal Injury,Pedestrian Collisions,Pedestrian,55 to 59,Major,,North,,,,,Vehicle is going straight thru inter.while ped cross without ROW,Crossing without right of way,Inattentive,,,,Yes,,,Yes,,,,,,,,,,39,Bedford Park-Nortown,39,Bedford Park-Nortown (39),D32,627099.3246633,4844183.03650757
1119,80947105,,7/13/2018 4:00:00 AM,2121,TRETHEWEY DR,YORKTOWN  DR,,Minor Arterial,Etobicoke York,43.692324,-79.477252,At Intersection,Stop Sign,Clear,"Dark, artificial",Dry,Non-Fatal Injury,Angle,Motorcycle Driver,30 to 34,Major,,South,Motorcycle,Going Ahead,Other,Normal,,,,,,,,,Yes,Yes,,,,Yes,,,,,,112,Beechborough-Greenbrook,112,Beechborough-Greenbrook (112),D12,622715.054542244,4838826.51585746