OBJECTID,INDEX,ACCNUM,DATE,TIME,STREET1,STREET2,OFFSET,ROAD_CLASS,DISTRICT,LATITUDE,LONGITUDE,ACCLOC,TRAFFCTL,VISIBILITY,LIGHT,RDSFCOND,ACCLASS,IMPACTYPE,INVTYPE,INVAGE,INJURY,FATAL_NO,INITDIR,VEHTYPE,MANOEUVER,DRIVACT,DRIVCOND,PEDTYPE,PEDACT,PEDCOND,CYCLISTYPE,CYCACT,CYCCOND,PEDESTRIAN,CYCLIST,AUTOMOBILE,MOTORCYCLE,TRUCK,TRSN_CITY_VEH,EMERG_VEH,PASSENGER,SPEEDING,AG_DRIV,REDLIGHT,ALCOHOL,DISABILITY,HOOD_158,NEIGHBOURHOOD_158,HOOD_140,NEIGHBOURHOOD_140,DIVISION,x,y
1120,80947106,,7/13/2018 4:00:00 AM,2121,TRETHEWEY DR,YORKTOWN  DR,,Minor Arterial,Etobicoke York,43.692324,-79.477252,At Intersection,Stop Sign,Clear,"Dark, artificial",Dry,Non-Fatal Injury,Angle,Driver,50 to 54,None,,West,"Automobile, Station Wagon",Going Ahead,Driving Properly,Normal,,,,,,,,,Yes,Yes,,,,Yes,,,,,,112,Beechborough-Greenbrook,112,Beechborough-Greenbrook (112),D12,622715.054542244,4838826.51585746
1121,80947107,,7/13/2018 4:00:00 AM,2121,TRETHEWEY DR,YORKTOWN  DR,,Minor Arterial,Etobicoke York,43.692324,-79.477252,At Intersection,Stop Sign,Clear,"Dark, artificial",Dry,Non-Fatal Injury,Angle,Passenger,10 to 14,None,,,,,,,,,,,,,,,Yes,Yes,,,,Yes,,,,,,112,Beechborough-Greenbrook,112,Beechborough-Greenbrook (112),D12,622715.054542244,4838826.51585746
1122,80947108,,7/13/2018 4:00:00 AM,2121,TRETHEWEY DR,YORKTOWN  DR,,Minor Arterial,Etobicoke York,43.692324,-79.477252,At Intersection,Stop Sign,Clear,"Dark, artificial",Dry,Non-Fatal Injury,Angle,Passenger,10 to 14,Minor,,,,,,,,,,,,,,,Yes,Yes,,,,Yes,,,,,,112,Beechborough-Greenbrook,112,Beechborough-Greenbrook (112),D12,622715.054542244,4838826.51585746
1123,80947413,,7/22/2018 4:00:00 AM,2046,ELLESMERE RD,SCARBOROUGH GOLF CLUB RD,20 m West of,Major Arterial,Scarborough,43.778483,-79.222179,Non Intersection,No Control,Clear,"Dark, artificial",Dry,Non-Fatal Injury,SMV Other,Motorcycle Driver,20 to 24,Major,,West,Motorcycle,Going Ahead,Lost control,Normal,,,,,,,,,,Yes,,,,,,,,,,135,Morningside,135,Morningside (135),D43,643065.751675801,4848804.87999289
1124,80948658,,7/29/2018 4:00:00 AM,1029,144 NORSEMAN ST,,,Collector,Etobicoke York,43.633887,-79.520046,Non Intersection,No Control,Clear,Daylight,Dry,Fatal,SMV Other,Motorcycle Driver,45 to 49,Fatal,38,East,Motorcycle,Going Ahead,Lost control,Unknown,,,,,,,,,,Yes,,,,,,,,,,159,Etobicoke City Centre,14,Islington-City Centre West (14),D22,619382.116498378,4832273.88825811
1125,80948139,,7/30/2018 4:00:00 AM,1238,100 MCLEVIN AVE,,4 m East of,Minor Arterial,Scarborough,43.800753,-79.236369,At/Near Private Drive,No Control,Clear,Daylight,Dry,Non-Fatal Injury,Turning Movement,Driver,40 to 44,Major,,East,"Automobile, Station Wagon",Turning Left,Failed to Yield Right of Way,Inattentive,,,,,,,,,Yes,Yes,,,,,,Yes,,,,145,Malvern West,132,Malvern (132),D42,641871.129632761,4851253.89469214
1126,80948140,,7/30/2018 4:00:00 AM,1238,100 MCLEVIN AVE,,4 m East of,Minor Arterial,Scarborough,43.800753,-79.236369,At/Near Private Drive,No Control,Clear,Daylight,Dry,Non-Fatal Injury,Turning Movement,Motorcycle Driver,35 to 39,Minor,,West,Motorcycle,Going Ahead,Driving Properly,Normal,,,,,,,,,Yes,Yes,,,,,,Yes,,,,145,Malvern West,132,Malvern (132),D42,641871.129632761,4851253.89469214
1127,80948205,,7/31/2018 4:00:00 AM,150,WESTON RD,WRIGHT AVE,50 m South o,Minor Arterial,Etobicoke York,43.697928,-79.510379,At/Near Private Drive,No Control,Clear,"Dark, artificial",Dry,Non-Fatal Injury,SMV Unattended Vehicle,Motorcycle Driver,25 to 29,Major,,North,Motorcycle,Going Ahead,Exceeding Speed Limit,Inattentive,,,,,,,,,,Yes,,,,,Yes,Yes,,,,113,Weston,113,Weston (113),D12,620034.216059593,4839400.4260372
1128,80948206,,7/31/2018 4:00:00 AM,150,WESTON RD,WRIGHT AVE,50 m South o,Minor Arterial,Etobicoke York,43.697928,-79.510379,At/Near Private Drive,No Control,Clear,"Dark, artificial",Dry,Non-Fatal Injury,SMV Unattended Vehicle,Other,unknown,None,,North,,Parked,,,,,,,,,,,,Yes,,,,,Yes,Yes,,,,113,Weston,113,Weston (113),D12,620034.216059593,4839400.4260372
1129,80948248,,8/4/2018 4:00:00 AM,1425,FINCHDENE SQ,FINCH AVE E,16 m North o,Minor Arterial,Scarborough,43.815356,-79.231464,At Intersection,Traffic Signal,Clear,Daylight,Dry,Non-Fatal Injury,SMV Other,Motorcycle Driver,20 to 24,Major,,West,Motorcycle,Turning Right,Lost control,Inattentive,,,,,,,,,,Yes,,,,,,,,,,145,Malvern West,132,Malvern (132),D42,642231.038579603,4852884.2170225
1130,80948444,,8/7/2018 4:00:00 AM,900,DOVERCOURT RD,BLOOR ST W,,Major Arterial,Toronto and East York,43.661078,-79.429393,At Intersection,Traffic Signal,Clear,Daylight,Dry,Non-Fatal Injury,Turning Movement,Driver,50 to 54,Minor,,North,"Automobile, Station Wagon",Turning Left,Improper Turn,Normal,,,,,,,,,Yes,Yes,,,,,,,,,,80,Palmerston-Little Italy,80,Palmerston-Little Italy (80),D14,626637.657100792,4835428.16563828
1131,80948445,,8/7/2018 4:00:00 AM,900,DOVERCOURT RD,BLOOR ST W,,Major Arterial,Toronto and East York,43.661078,-79.429393,At Intersection,Traffic Signal,Clear,Daylight,Dry,Non-Fatal Injury,Turning Movement,Motorcycle Driver,45 to 49,Major,,South,Motorcycle,Going Ahead,Driving Properly,Normal,,,,,,,,,Yes,Yes,,,,,,,,,,80,Palmerston-Little Italy,80,Palmerston-Little Italy (80),D14,626637.657100792,4835428.16563828
1132,80948660,,8/10/2018 4:00:00 AM,2055,BELLAMY RD N,BRIMORTON DR,,Minor Arterial,Scarborough,43.767378,-79.239131,At Intersection,Traffic Signal,Clear,Daylight,Dry,Fatal,Angle,Motorcycle Driver,70 to 74,Fatal,41,West,Motorcycle,Going Ahead,Driving Properly,Unknown,,,,,,,,,Yes,Yes,,,,,,Yes,Yes,,,142,Woburn North,137,Woburn (137),D43,641727.796601949,4847542.33966765
1133,80948664,,8/10/2018 4:00:00 AM,2055,BELLAMY RD N,BRIMORTON DR,,Minor Arterial,Scarborough,43.767378,-79.239131,At Intersection,Traffic Signal,Clear,Daylight,Dry,Fatal,Angle,Driver,30 to 34,None,,North,"Automobile, Station Wagon",Going Ahead,Disobeyed Traffic Control,Unknown,,,,,,,,,Yes,Yes,,,,,,Yes,Yes,,,142,Woburn North,137,Woburn (137),D43,641727.796601949,4847542.33966765
1134,80949009,,8/12/2018 4:00:00 AM,26,DUFFERIN ST,GIBSON ST,60 m South o,Major Arterial,Toronto and East York,43.689715,-79.447826,Non Intersection,No Control,Clear,"Dark, artificial",Dry,Non-Fatal Injury,Approaching,Motorcycle Driver,30 to 34,Major,,North,Motorcycle,Overtaking,Improper Passing,Unknown,,,,,,,,,Yes,Yes,,,,Yes,Yes,Yes,,,,109,Caledonia-Fairbank,109,Caledonia-Fairbank (109),D13,625091.879018774,4838580.71843823
1135,80949010,,8/12/2018 4:00:00 AM,26,DUFFERIN ST,GIBSON ST,60 m South o,Major Arterial,Toronto and East York,43.689715,-79.447826,Non Intersection,No Control,Clear,"Dark, artificial",Dry,Non-Fatal Injury,Approaching,Driver,30 to 34,Minor,,South,"Automobile, Station Wagon",Going Ahead,Driving Properly,Normal,,,,,,,,,Yes,Yes,,,,Yes,Yes,Yes,,,,109,Caledonia-Fairbank,109,Caledonia-Fairbank (109),D13,625091.879018774,4838580.71843823
1136,80949011,,8/12/2018 4:00:00 AM,26,DUFFERIN ST,GIBSON ST,60 m South o,Major Arterial,Toronto and East York,43.689715,-79.447826,Non Intersection,No Control,Clear,"Dark, artificial",Dry,Non-Fatal Injury,Approaching,Motorcycle Passenger,25 to 29,Major,,,,,,,,,,,,,,,Yes,Yes,,,,Yes,Yes,Yes,,,,109,Caledonia-Fairbank,109,Caledonia-Fairbank (109),D13,625091.879018774,4838580.71843823
1137,80949251,,8/17/2018 4:00:00 AM,1410,QUEEN ST W,SIMCOE ST,12 m East of,Major Arterial,Toronto and East York,43.650599,-79.387477,Intersection Related,No Control,Clear,Daylight,Wet,Non-Fatal Injury,SMV Other,Motorcycle Driver,50 to 54,Major,,West,Motorcycle,Going Ahead,Other,Normal,,,,,,,,,,Yes,,,,,,,,,,164,Wellington Place,77,Waterfront Communities-The Island (77),D52,630039.985747639,4834329.16622396
1138,80949884,,8/23/2018 4:00:00 AM,909,WARWICK AVE,CHILTERN HILL RD,25 m East of,Local,Toronto and East York,43.695166,-79.425861,Non Intersection,No Control,Clear,Daylight,Dry,Non-Fatal Injury,Rear End,Driver,unknown,None,,East,"Automobile, Station Wagon",Pulling Away from Shoulder or Curb,Failed to Yield Right of Way,Unknown,,,,,,,,,Yes,Yes,,,,,,Yes,,,,106,Humewood-Cedarvale,106,Humewood-Cedarvale (106),D13,626850.593116193,4839219.49529171
1139,80949885,,8/23/2018 4:00:00 AM,909,WARWICK AVE,CHILTERN HILL RD,25 m East of,Local,Toronto and East York,43.695166,-79.425861,Non Intersection,No Control,Clear,Daylight,Dry,Non-Fatal Injury,Rear End,Motorcycle Driver,40 to 44,Major,,East,Motorcycle,Going Ahead,Driving Properly,Normal,,,,,,,,,Yes,Yes,,,,,,Yes,,,,106,Humewood-Cedarvale,106,Humewood-Cedarvale (106),D13,626850.593116193,4839219.49529171
1140,80949864,,8/29/2018 4:00:00 AM,1725,ISLINGTON AVE,AYLESBURY RD,,Major Arterial,Etobicoke York,43.666323,-79.532916,At Intersection,No Control,Clear,Daylight,Dry,Non-Fatal Injury,Pedestrian Collisions,Motorcycle Driver,unknown,None,,South,Motorcycle,Going Ahead,Driving Properly,Unknown,,,,,,,Yes,,,Yes,,,,,,,,,,9,Edenbridge-Humber Valley,9,Edenbridge-Humber Valley (9),D22,618280.251113509,4835857.89074605
1141,80949865,,8/29/2018 4:00:00 AM,1725,ISLINGTON AVE,AYLESBURY RD,,Major Arterial,Etobicoke York,43.666323,-79.532916,At Intersection,No Control,Clear,Daylight,Dry,Non-Fatal Injury,Pedestrian Collisions,Pedestrian,80 to 84,Major,,Unknown,,,,,Vehicle is going straight thru inter.while ped cross without ROW,"Crossing, no Traffic Control",Normal,,,,Yes,,,Yes,,,,,,,,,,9,Edenbridge-Humber Valley,9,Edenbridge-Humber Valley (9),D22,618280.251113509,4835857.89074605
1142,80950280,,8/31/2018 4:00:00 AM,911,EGLINTON AVE W,ROYAL YORK RD,,Major Arterial,Etobicoke York,43.682265,-79.526561,At Intersection,Traffic Signal,Clear,Daylight,Dry,Non-Fatal Injury,Turning Movement,Driver,85 to 89,Minimal,,East,"Automobile, Station Wagon",Turning Left,Failed to Yield Right of Way,Inattentive,,,,,,,,,Yes,Yes,,,,,,Yes,,,,9,Edenbridge-Humber Valley,9,Edenbridge-Humber Valley (9),D22,618761.162569989,4837637.53989647
1143,80950281,,8/31/2018 4:00:00 AM,911,EGLINTON AVE W,ROYAL YORK RD,,Major Arterial,Etobicoke York,43.682265,-79.526561,At Intersection,Traffic Signal,Clear,Daylight,Dry,Non-Fatal Injury,Turning Movement,Motorcycle Driver,20 to 24,Major,,West,Motorcycle,Going Ahead,Driving Properly,Normal,,,,,,,,,Yes,Yes,,,,,,Yes,,,,9,Edenbridge-Humber Valley,9,Edenbridge-Humber Valley (9),D22,618761.162569989,4837637.53989647
1144,80950391,,9/3/2018 4:00:00 AM,1902,SHEPPARD AVE E,WATER TOWER GT,300 m East o,Major Arterial,Scarborough,43.803816,-79.191318,Non Intersection,No Control,Clear,Daylight,Dry,Non-Fatal Injury,SMV Other,Motorcycle Driver,45 to 49,Major,,West,Motorcycle,Going Ahead,Driving Properly,Normal,,,,,,,,,,Yes,,,,,,,,,,144,Morningside Heights,131,Rouge (131),D42,645487.758960244,4851672.31406119
1145,80950995,,9/6/2018 4:00:00 AM,1027,POST RD,BAYVIEW AVE,60 m East of,Collector,North York,43.736422,-79.381061,At/Near Private Drive,No Control,Clear,Daylight,Dry,Non-Fatal Injury,Rear End,Driver,65 to 69,None,,West,"Automobile, Station Wagon",Going Ahead,Improper Turn,Normal,,,,,,,,,Yes,Yes,,,,,,,,,,41,Bridle Path-Sunnybrook-York Mills,41,Bridle Path-Sunnybrook-York Mills (41),D33,630371.299151615,4843871.07685717
1146,80950996,,9/6/2018 4:00:00 AM,1027,POST RD,BAYVIEW AVE,60 m East of,Collector,North York,43.736422,-79.381061,At/Near Private Drive,No Control,Clear,Daylight,Dry,Non-Fatal Injury,Rear End,Motorcycle Driver,40 to 44,Major,,West,Motorcycle,Going Ahead,Driving Properly,Normal,,,,,,,,,Yes,Yes,,,,,,,,,,41,Bridle Path-Sunnybrook-York Mills,41,Bridle Path-Sunnybrook-York Mills (41),D33,630371.299151615,4843871.07685717
1147,80971876,,9/6/2018 4:00:00 AM,1225,DUPONT ST,DUFFERIN ST,100 m West o,Major Arterial,Toronto and East York,43.668357,-79.440257,Non Intersection,No Control,Clear,Daylight,Dry,Non-Fatal Injury,Turning Movement,Driver,20 to 24,None,,East,"Automobile, Station Wagon",Turning Left,Failed to Yield Right of Way,Normal,,,,,,,,,Yes,Yes,,,,,,Yes,,,,171,Junction-Wallace Emerson,93,Dovercourt-Wallace Emerson-Junction (93),D11,625746.488431433,4836220.07015781
1148,80971877,,9/6/2018 4:00:00 AM,1225,DUPONT ST,DUFFERIN ST,100 m West o,Major Arterial,Toronto and East York,43.668357,-79.440257,Non Intersection,No Control,Clear,Daylight,Dry,Non-Fatal Injury,Turning Movement,Motorcycle Driver,30 to 34,Major,,West,Motorcycle,Going Ahead,Driving Properly,Normal,,,,,,,,,Yes,Yes,,,,,,Yes,,,,171,Junction-Wallace Emerson,93,Dovercourt-Wallace Emerson-Junction (93),D11,625746.488431433,4836220.07015781
1149,80950561,,9/15/2018 4:00:00 AM,240,PARKSIDE DR,INDIAN VALLEY CRES,34 meters so,Major Arterial,Toronto and East York,43.650427,-79.45827,Non Intersection,No Control,Clear,Dark,Dry,Fatal,Approaching,Driver,25 to 29,None,,South,"Automobile, Station Wagon",Going Ahead,Lost control,Had Been Drinking,,,,,,,,,Yes,Yes,,,,Yes,,,,,,87,High Park-Swansea,87,High Park-Swansea (87),D11,624331.268573407,4834201.56304381
1150,80950562,,9/15/2018 4:00:00 AM,240,PARKSIDE DR,INDIAN VALLEY CRES,34 meters so,Major Arterial,Toronto and East York,43.650427,-79.45827,Non Intersection,No Control,Clear,Dark,Dry,Fatal,Approaching,Motorcycle Driver,45 to 49,Fatal,46,North,Motorcycle,Going Ahead,Driving Properly,Unknown,,,,,,,,,Yes,Yes,,,,Yes,,,,,,87,High Park-Swansea,87,High Park-Swansea (87),D11,624331.268573407,4834201.56304381
1151,80950563,,9/15/2018 4:00:00 AM,240,PARKSIDE DR,INDIAN VALLEY CRES,34 meters so,Major Arterial,Toronto and East York,43.650427,-79.45827,Non Intersection,No Control,Clear,Dark,Dry,Fatal,Approaching,Passenger,unknown,Major,,,,,,,,,,,,,,,Yes,Yes,,,,Yes,,,,,,87,High Park-Swansea,87,High Park-Swansea (87),D11,624331.268573407,4834201.56304381
1152,81072166,,9/15/2018 4:00:00 AM,1625,DIXON RD,KIPLING AVE,200 m East o,Major Arterial,Etobicoke York,43.694594,-79.556766,At/Near Private Drive,No Control,Clear,Daylight,Dry,Non-Fatal Injury,Turning Movement,Driver,50 to 54,None,,West,"Automobile, Station Wagon",Turning Left,Failed to Yield Right of Way,Normal,,,,,,,,,Yes,Yes,,,,,,Yes,,,,6,Kingsview Village-The Westway,6,Kingsview Village-The Westway (6),D23,616302.750804114,4838964.03300129
1153,81072167,,9/15/2018 4:00:00 AM,1625,DIXON RD,KIPLING AVE,200 m East o,Major Arterial,Etobicoke York,43.694594,-79.556766,At/Near Private Drive,No Control,Clear,Daylight,Dry,Non-Fatal Injury,Turning Movement,Motorcycle Driver,60 to 64,Major,,East,Motorcycle,Going Ahead,Driving Properly,Normal,,,,,,,,,Yes,Yes,,,,,,Yes,,,,6,Kingsview Village-The Westway,6,Kingsview Village-The Westway (6),D23,616302.750804114,4838964.03300129
1154,80972083,,9/15/2018 4:00:00 AM,2130,JARVIS ST,QUEEN ST E,100 m North ,Major Arterial,Scarborough,43.65462,-79.373607,Non Intersection,No Control,Clear,"Dark, artificial",Dry,Non-Fatal Injury,Turning Movement,Driver,55 to 59,None,,North,"Automobile, Station Wagon",Making U Turn,Improper Turn,Normal,,,,,,,,,Yes,Yes,,,,,,,,,,73,Moss Park,73,Moss Park (73),D51,631149.774355484,4834797.5799081
1155,80972084,,9/15/2018 4:00:00 AM,2130,JARVIS ST,QUEEN ST E,100 m North ,Major Arterial,Scarborough,43.65462,-79.373607,Non Intersection,No Control,Clear,"Dark, artificial",Dry,Non-Fatal Injury,Turning Movement,Motorcycle Driver,45 to 49,Major,,South,Motorcycle,Going Ahead,Driving Properly,Normal,,,,,,,,,Yes,Yes,,,,,,,,,,73,Moss Park,73,Moss Park (73),D51,631149.774355484,4834797.5799081
1156,80951123,,9/18/2018 4:00:00 AM,1850,KEELE ST,AILEEN AVE,,Major Arterial,Etobicoke York,43.683169,-79.472026,At Intersection,No Control,Clear,Daylight,Dry,Fatal,Turning Movement,Motorcycle Driver,40 to 44,Fatal,47,North,Motorcycle,Going Ahead,Lost control,Normal,,,,,,,,,Yes,Yes,,,,,Yes,Yes,,,,110,Keelesdale-Eglinton West,110,Keelesdale-Eglinton West (110),D12,623154.944662752,4837817.47606752
1157,80951124,,9/18/2018 4:00:00 AM,1850,KEELE ST,AILEEN AVE,,Major Arterial,Etobicoke York,43.683169,-79.472026,At Intersection,No Control,Clear,Daylight,Dry,Fatal,Turning Movement,Driver,50 to 54,None,,South,"Automobile, Station Wagon",Turning Left,Failed to Yield Right of Way,Inattentive,,,,,,,,,Yes,Yes,,,,,Yes,Yes,,,,110,Keelesdale-Eglinton West,110,Keelesdale-Eglinton West (110),D12,623154.944662752,4837817.47606752
1158,81074826,,9/19/2018 4:00:00 AM,1242,F G GARDINER XY  E,LOWER JARVIS ST,338 m West o,Expressway,Toronto and East York,43.645251,-79.3717,Non Intersection,No Control,Clear,Daylight,Dry,Non-Fatal Injury,SMV Other,Motorcycle Driver,25 to 29,Major,,East,Motorcycle,Overtaking,Improper Passing,"Ability Impaired, Alcohol Over .08",,,,,,,,,,Yes,,,,,Yes,Yes,,Yes,,166,St Lawrence-East Bayfront-The Islands,77,Waterfront Communities-The Island (77),D51,631323.970808192,4833760.04529538
1159,80972079,,9/22/2018 4:00:00 AM,1635,EGLINTON AVE E,MARKHAM RD,100 m East o,Major Arterial,Scarborough,43.743479,-79.21725,At/Near Private Drive,Stop Sign,Clear,Daylight,Dry,Non-Fatal Injury,Turning Movement,Driver,40 to 44,None,,North,"Automobile, Station Wagon",Turning Left,Failed to Yield Right of Way,Inattentive,,,,,,,,,Yes,Yes,,,,,,Yes,,,,139,Scarborough Village,139,Scarborough Village (139),D43,643546.099225118,4844925.67230892
1160,80972080,,9/22/2018 4:00:00 AM,1635,EGLINTON AVE E,MARKHAM RD,100 m East o,Major Arterial,Scarborough,43.743479,-79.21725,At/Near Private Drive,Stop Sign,Clear,Daylight,Dry,Non-Fatal Injury,Turning Movement,Motorcycle Driver,15 to 19,Major,,East,Motorcycle,Going Ahead,Driving Properly,Normal,,,,,,,,,Yes,Yes,,,,,,Yes,,,,139,Scarborough Village,139,Scarborough Village (139),D43,643546.099225118,4844925.67230892
1161,80975832,,9/22/2018 4:00:00 AM,1655,EGLINTON AVE W,ROYAL YORK RD,400 m East o,Major Arterial,Etobicoke York,43.683287,-79.520641,Non Intersection,Stop Sign,Clear,Daylight,Dry,Non-Fatal Injury,Turning Movement,Motorcycle Driver,35 to 39,Major,,East,Motorcycle,Going Ahead,Driving Properly,Normal,,,,,,,,,Yes,Yes,,,,,,Yes,,,,9,Edenbridge-Humber Valley,9,Edenbridge-Humber Valley (9),D22,619236.301759691,4837759.54055981
1162,80975833,,9/22/2018 4:00:00 AM,1655,EGLINTON AVE W,ROYAL YORK RD,400 m East o,Major Arterial,Etobicoke York,43.683287,-79.520641,Non Intersection,Stop Sign,Clear,Daylight,Dry,Non-Fatal Injury,Turning Movement,Driver,45 to 49,None,,North,"Automobile, Station Wagon",Turning Right,Failed to Yield Right of Way,Normal,,,,,,,,,Yes,Yes,,,,,,Yes,,,,9,Edenbridge-Humber Valley,9,Edenbridge-Humber Valley (9),D22,619236.301759691,4837759.54055981
1163,80972220,,10/1/2018 4:00:00 AM,600,STEELES AVE E,FIREBRACE RD,,Major Arterial,Scarborough,43.817809,-79.332042,At Intersection,Traffic Signal,Rain,"Dark, artificial",Wet,Non-Fatal Injury,Sideswipe,Driver,unknown,None,,East,Construction Equipment,Changing Lanes,Improper Lane Change,Unknown,,,,,,,,,,Yes,,,,,,,,,,116,Steeles,116,Steeles (116),D42,634136.673681163,4852988.66653874
1164,80972221,,10/1/2018 4:00:00 AM,600,STEELES AVE E,FIREBRACE RD,,Major Arterial,Scarborough,43.817809,-79.332042,At Intersection,Traffic Signal,Rain,"Dark, artificial",Wet,Non-Fatal Injury,Sideswipe,Motorcycle Driver,25 to 29,Major,,East,Motorcycle,Going Ahead,Driving Properly,Normal,,,,,,,,,,Yes,,,,,,,,,,116,Steeles,116,Steeles (116),D42,634136.673681163,4852988.66653874
1165,80972616,,10/5/2018 4:00:00 AM,1852,708 SCARLETT RD,,LEGGETT AVE,Major Arterial,Etobicoke York,43.695372,-79.520099,Non Intersection,No Control,Clear,Daylight,Dry,Fatal,Turning Movement,Driver,45 to 49,None,,North,"Automobile, Station Wagon",Going Ahead,Driving Properly,Normal,,,,,,,,,Yes,Yes,,,,,,Yes,,,,8,Humber Heights-Westmount,8,Humber Heights-Westmount (8),D23,619256.035180085,4839102.52197942
1166,80973077,,10/5/2018 4:00:00 AM,1852,708 SCARLETT RD,,LEGGETT AVE,Major Arterial,Etobicoke York,43.695372,-79.520099,Non Intersection,No Control,Clear,Daylight,Dry,Fatal,Turning Movement,Motorcycle Driver,45 to 49,Fatal,51,South,Motorcycle,Going Ahead,Driving Properly,Unknown,,,,,,,,,Yes,Yes,,,,,,Yes,,,,8,Humber Heights-Westmount,8,Humber Heights-Westmount (8),D23,619256.035180085,4839102.52197942
1167,80973078,,10/5/2018 4:00:00 AM,1852,708 SCARLETT RD,,LEGGETT AVE,Major Arterial,Etobicoke York,43.695372,-79.520099,Non Intersection,No Control,Clear,Daylight,Dry,Fatal,Turning Movement,Driver,55 to 59,None,,North,"Automobile, Station Wagon",Turning Left,Improper Turn,Normal,,,,,,,,,Yes,Yes,,,,,,Yes,,,,8,Humber Heights-Westmount,8,Humber Heights-Westmount (8),D23,619256.035180085,4839102.52197942
1168,80972681,,10/6/2018 4:00:00 AM,1850,KINGSTON RD,GALLOWAY RD,,Major Arterial,Scarborough,43.761939,-79.194705,At Intersection,Traffic Signal,Clear,Daylight,Dry,Non-Fatal Injury,Turning Movement,Motorcycle Driver,15 to 19,Major,,West,Motorcycle,Going Ahead,Speed too Fast For Condition,Normal,,,,,,,,,Yes,Yes,,,,Yes,Yes,Yes,,,,136,West Hill,136,West Hill (136),D43,645316.74498352,4847015.25484135
1169,80972682,,10/6/2018 4:00:00 AM,1850,KINGSTON RD,GALLOWAY RD,,Major Arterial,Scarborough,43.761939,-79.194705,At Intersection,Traffic Signal,Clear,Daylight,Dry,Non-Fatal Injury,Turning Movement,Driver,30 to 34,None,,East,Pick Up Truck,Turning Left,Driving Properly,Normal,,,,,,,,,Yes,Yes,,,,Yes,Yes,Yes,,,,136,West Hill,136,West Hill (136),D43,645316.74498352,4847015.25484135
1170,80972683,,10/6/2018 4:00:00 AM,1850,KINGSTON RD,GALLOWAY RD,,Major Arterial,Scarborough,43.761939,-79.194705,At Intersection,Traffic Signal,Clear,Daylight,Dry,Non-Fatal Injury,Turning Movement,Motorcycle Passenger,15 to 19,Major,,,,,,,,,,,,,,,Yes,Yes,,,,Yes,Yes,Yes,,,,136,West Hill,136,West Hill (136),D43,645316.74498352,4847015.25484135
1171,80972684,,10/6/2018 4:00:00 AM,1850,KINGSTON RD,GALLOWAY RD,,Major Arterial,Scarborough,43.761939,-79.194705,At Intersection,Traffic Signal,Clear,Daylight,Dry,Non-Fatal Injury,Turning Movement,Passenger,30 to 34,Minimal,,,,,,,,,,,,,,,Yes,Yes,,,,Yes,Yes,Yes,,,,136,West Hill,136,West Hill (136),D43,645316.74498352,4847015.25484135
1172,80973253,,10/11/2018 4:00:00 AM,2009,RUNNYMEDE RD,BLOOR ST W,,Major Arterial,Etobicoke York,43.651065,-79.47626,At Intersection,Traffic Controller,Clear,"Daylight, artificial",Dry,Non-Fatal Injury,Turning Movement,Driver,20 to 24,None,,North,"Automobile, Station Wagon",Turning Left,Failed to Yield Right of Way,Normal,,,,,,,,,Yes,Yes,,,,,,Yes,,,,87,High Park-Swansea,87,High Park-Swansea (87),D11,622879.16879315,4834245.62541711
1173,80973254,,10/11/2018 4:00:00 AM,2009,RUNNYMEDE RD,BLOOR ST W,,Major Arterial,Etobicoke York,43.651065,-79.47626,At Intersection,Traffic Controller,Clear,"Daylight, artificial",Dry,Non-Fatal Injury,Turning Movement,Motorcycle Driver,25 to 29,Major,,South,Motorcycle,Going Ahead,Driving Properly,Normal,,,,,,,,,Yes,Yes,,,,,,Yes,,,,87,High Park-Swansea,87,High Park-Swansea (87),D11,622879.16879315,4834245.62541711
1174,81164304,,10/21/2018 4:00:00 AM,1213,BREMNER BLVD,LOWER SIMCOE ST,44 m East of,Minor Arterial,Toronto and East York,43.642443,-79.383289,Non Intersection,No Control,Clear,Daylight,Dry,Non-Fatal Injury,Turning Movement,Motorcycle Driver,35 to 39,Major,,East,Motorcycle,Overtaking,Improper Passing,Normal,,,,,,,,,Yes,Yes,,,,,,Yes,,,,165,Harbourfront-CityPlace,77,Waterfront Communities-The Island (77),D52,630395.371775445,4833429.90742789
1175,81164305,,10/21/2018 4:00:00 AM,1213,BREMNER BLVD,LOWER SIMCOE ST,44 m East of,Minor Arterial,Toronto and East York,43.642443,-79.383289,Non Intersection,No Control,Clear,Daylight,Dry,Non-Fatal Injury,Turning Movement,Driver,45 to 49,None,,East,"Automobile, Station Wagon",Turning Left,Driving Properly,Normal,,,,,,,,,Yes,Yes,,,,,,Yes,,,,165,Harbourfront-CityPlace,77,Waterfront Communities-The Island (77),D52,630395.371775445,4833429.90742789