OBJECTID,INDEX,ACCNUM,DATE,TIME,STREET1,STREET2,OFFSET,ROAD_CLASS,DISTRICT,LATITUDE,LONGITUDE,ACCLOC,TRAFFCTL,VISIBILITY,LIGHT,RDSFCOND,ACCLASS,IMPACTYPE,INVTYPE,INVAGE,INJURY,FATAL_NO,INITDIR,VEHTYPE,MANOEUVER,DRIVACT,DRIVCOND,PEDTYPE,PEDACT,PEDCOND,CYCLISTYPE,CYCACT,CYCCOND,PEDESTRIAN,CYCLIST,AUTOMOBILE,MOTORCYCLE,TRUCK,TRSN_CITY_VEH,EMERG_VEH,PASSENGER,SPEEDING,AG_DRIV,REDLIGHT,ALCOHOL,DISABILITY,HOOD_158,NEIGHBOURHOOD_158,HOOD_140,NEIGHBOURHOOD_140,DIVISION,x,y
1176,80974206,,10/25/2018 4:00:00 AM,2209,BROWNS LINE,VALERMO DR,,Major Arterial,Etobicoke York,43.605952,-79.547092,At Intersection,Traffic Signal,Clear,"Dark, artificial",Dry,Non-Fatal Injury,Turning Movement,Driver,50 to 54,None,,South,"Automobile, Station Wagon",Turning Left,Failed to Yield Right of Way,Normal,,,,,,,,,Yes,Yes,,,,Yes,,Yes,,,,20,Alderwood,20,Alderwood (20),D22,617254.689844494,4829132.82742959
1177,80974207,,10/25/2018 4:00:00 AM,2209,BROWNS LINE,VALERMO DR,,Major Arterial,Etobicoke York,43.605952,-79.547092,At Intersection,Traffic Signal,Clear,"Dark, artificial",Dry,Non-Fatal Injury,Turning Movement,Motorcycle Driver,50 to 54,Major,,North,Motorcycle,Going Ahead,Driving Properly,Normal,,,,,,,,,Yes,Yes,,,,Yes,,Yes,,,,20,Alderwood,20,Alderwood (20),D22,617254.689844494,4829132.82742959
1178,80974208,,10/25/2018 4:00:00 AM,2209,BROWNS LINE,VALERMO DR,,Major Arterial,Etobicoke York,43.605952,-79.547092,At Intersection,Traffic Signal,Clear,"Dark, artificial",Dry,Non-Fatal Injury,Turning Movement,Motorcycle Passenger,10 to 14,Minor,,,,,,,,,,,,,,,Yes,Yes,,,,Yes,,Yes,,,,20,Alderwood,20,Alderwood (20),D22,617254.689844494,4829132.82742959
1179,81163078,,3/26/2019 4:00:00 AM,930,UNIVERSITY AVE,EDWARD ST,,Major Arterial,Toronto and East York,43.655394,-79.388561,At Intersection,Stop Sign,Clear,Daylight,Dry,Non-Fatal Injury,Angle,Driver,30 to 34,None,,West,"Automobile, Station Wagon",Going Ahead,Failed to Yield Right of Way,Normal,,,,,,,,,Yes,Yes,,,,,,Yes,,,,170,Yonge-Bay Corridor,76,Bay Street Corridor (76),D52,629942.225163592,4834860.01587907
1180,81163079,,3/26/2019 4:00:00 AM,930,UNIVERSITY AVE,EDWARD ST,,Major Arterial,Toronto and East York,43.655394,-79.388561,At Intersection,Stop Sign,Clear,Daylight,Dry,Non-Fatal Injury,Angle,Motorcycle Driver,60 to 64,Major,,North,Motorcycle,Going Ahead,Driving Properly,Normal,,,,,,,,,Yes,Yes,,,,,,Yes,,,,170,Yonge-Bay Corridor,76,Bay Street Corridor (76),D52,629942.225163592,4834860.01587907
1181,81471514,,3/29/2019 4:00:00 AM,2022,BAYVIEW AVE,ROSEDALE VALLEY RD,,Major Arterial,Toronto and East York,43.670127,-79.360111,At Intersection,Traffic Signal,Clear,Daylight,Dry,Non-Fatal Injury,Turning Movement,Driver,20 to 24,None,,North,"Automobile, Station Wagon",Turning Left,Failed to Yield Right of Way,Inattentive,,,,,,,,,Yes,Yes,,,,,,Yes,,,,71,Cabbagetown-South St.James Town,71,Cabbagetown-South St.James Town (71),D51,632204.040463232,4836541.2596232
1182,81471515,,3/29/2019 4:00:00 AM,2022,BAYVIEW AVE,ROSEDALE VALLEY RD,,Major Arterial,Toronto and East York,43.670127,-79.360111,At Intersection,Traffic Signal,Clear,Daylight,Dry,Non-Fatal Injury,Turning Movement,Motorcycle Driver,25 to 29,Major,,South,Motorcycle,Going Ahead,Driving Properly,Normal,,,,,,,,,Yes,Yes,,,,,,Yes,,,,71,Cabbagetown-South St.James Town,71,Cabbagetown-South St.James Town (71),D51,632204.040463232,4836541.2596232
1183,81473390,,4/23/2019 4:00:00 AM,552,DANFORTH AVE,ELDON AVE,50 m East of,Major Arterial,Toronto and East York,43.690436,-79.291484,Intersection Related,No Control,Clear,"Dark, artificial",Dry,Non-Fatal Injury,Turning Movement,Driver,50 to 54,None,,East,"Automobile, Station Wagon",Making U Turn,Improper Turn,Inattentive,,,,,,,,,Yes,Yes,,,,,,,,,,61,Taylor-Massey,61,Taylor-Massey (61),D55,637690.188294157,4838908.51853823
1184,81473391,,4/23/2019 4:00:00 AM,552,DANFORTH AVE,ELDON AVE,50 m East of,Major Arterial,Toronto and East York,43.690436,-79.291484,Intersection Related,No Control,Clear,"Dark, artificial",Dry,Non-Fatal Injury,Turning Movement,Motorcycle Driver,25 to 29,Major,,East,Motorcycle,Going Ahead,Driving Properly,Normal,,,,,,,,,Yes,Yes,,,,,,,,,,61,Taylor-Massey,61,Taylor-Massey (61),D55,637690.188294157,4838908.51853823
1185,81269888,,5/2/2019 4:00:00 AM,1940,DUFFERIN ST,GEARY AVE,,Major Arterial,Etobicoke York,43.669528,-79.43951,At Intersection,No Control,Clear,Dusk,Dry,Non-Fatal Injury,Turning Movement,Driver,unknown,None,,North,Pick Up Truck,Turning Left,Failed to Yield Right of Way,Unknown,,,,,,,,,Yes,Yes,,,,,,Yes,,,,171,Junction-Wallace Emerson,93,Dovercourt-Wallace Emerson-Junction (93),D13,625804.265726997,4836351.25784471
1186,81269889,,5/2/2019 4:00:00 AM,1940,DUFFERIN ST,GEARY AVE,,Major Arterial,Etobicoke York,43.669528,-79.43951,At Intersection,No Control,Clear,Dusk,Dry,Non-Fatal Injury,Turning Movement,Motorcycle Driver,40 to 44,Major,,South,Motorcycle,Going Ahead,Driving Properly,Unknown,,,,,,,,,Yes,Yes,,,,,,Yes,,,,171,Junction-Wallace Emerson,93,Dovercourt-Wallace Emerson-Junction (93),D13,625804.265726997,4836351.25784471
1187,81475186,,5/5/2019 4:00:00 AM,1630,HIGHWAY 27  N,ROYALCREST RD,,Major Arterial,Etobicoke York,43.749644,-79.610423,At Intersection,Traffic Signal,Clear,Daylight,Dry,Non-Fatal Injury,SMV Other,Driver,45 to 49,None,,South,"Automobile, Station Wagon",Turning Left,Failed to Yield Right of Way,Unknown,,,,,,,,,Yes,Yes,,,,,,Yes,,,,1,West Humber-Clairville,1,West Humber-Clairville (1),D23,611876.274359286,4845004.24095359
1188,81475187,,5/5/2019 4:00:00 AM,1630,HIGHWAY 27  N,ROYALCREST RD,,Major Arterial,Etobicoke York,43.749644,-79.610423,At Intersection,Traffic Signal,Clear,Daylight,Dry,Non-Fatal Injury,SMV Other,Motorcycle Driver,50 to 54,Major,,North,Motorcycle,Going Ahead,Driving Properly,Normal,,,,,,,,,Yes,Yes,,,,,,Yes,,,,1,West Humber-Clairville,1,West Humber-Clairville (1),D23,611876.274359286,4845004.24095359
1189,81270893,,5/17/2019 4:00:00 AM,2100,DUFFERIN ST,QUEEN ST W,,Major Arterial,Toronto and East York,43.642134,-79.4286,At Intersection,Traffic Signal,Clear,"Dark, artificial",Dry,Non-Fatal Injury,Turning Movement,Driver,65 to 69,None,,North,"Automobile, Station Wagon",Turning Left,Improper Turn,Inattentive,,,,,,,,,Yes,Yes,,,,,,Yes,,,,85,South Parkdale,85,South Parkdale (85),D14,626741.438477796,4833325.39857407
1190,81270894,,5/17/2019 4:00:00 AM,2100,DUFFERIN ST,QUEEN ST W,,Major Arterial,Toronto and East York,43.642134,-79.4286,At Intersection,Traffic Signal,Clear,"Dark, artificial",Dry,Non-Fatal Injury,Turning Movement,Motorcycle Driver,30 to 34,Major,,South,Motorcycle,Going Ahead,Driving Properly,Normal,,,,,,,,,Yes,Yes,,,,,,Yes,,,,85,South Parkdale,85,South Parkdale (85),D14,626741.438477796,4833325.39857407
1191,81241522,,5/22/2019 4:00:00 AM,724,KENNEDY RD,FINCH AVE E,,Major Arterial,Scarborough,43.801196,-79.296558,At Intersection,Traffic Signal,Clear,Daylight,Dry,Non-Fatal Injury,Angle,Motorcycle Driver,20 to 24,Major,,East,Motorcycle,Going Ahead,Disobeyed Traffic Control,Normal,,,,,,,,,Yes,Yes,,,,,,Yes,Yes,,,148,East L'Amoreaux,117,L'Amoreaux (117),D42,637028.302226394,4851201.67003391
1192,81241523,,5/22/2019 4:00:00 AM,724,KENNEDY RD,FINCH AVE E,,Major Arterial,Scarborough,43.801196,-79.296558,At Intersection,Traffic Signal,Clear,Daylight,Dry,Non-Fatal Injury,Angle,Driver,35 to 39,None,,North,"Automobile, Station Wagon",Going Ahead,Driving Properly,Normal,,,,,,,,,Yes,Yes,,,,,,Yes,Yes,,,148,East L'Amoreaux,117,L'Amoreaux (117),D42,637028.302226394,4851201.67003391
1193,81321775,,5/30/2019 4:00:00 AM,2236,LAKE SHORE BLVD W,ONTARIO DR,,Major Arterial,Toronto and East York,43.630351,-79.419742,At Intersection,Traffic Signal,Clear,"Dark, artificial",Dry,Non-Fatal Injury,Turning Movement,Driver,20 to 24,None,,West,Passenger Van,Turning Right,Improper Turn,Inattentive,,,,,,,,,Yes,Yes,,,,Yes,,Yes,,,,163,Fort York-Liberty Village,82,Niagara (82),D14,627480.802255084,4832030.310841
1194,81321776,,5/30/2019 4:00:00 AM,2236,LAKE SHORE BLVD W,ONTARIO DR,,Major Arterial,Toronto and East York,43.630351,-79.419742,At Intersection,Traffic Signal,Clear,"Dark, artificial",Dry,Non-Fatal Injury,Turning Movement,Motorcycle Driver,20 to 24,Major,,West,Motorcycle,Going Ahead,Driving Properly,Normal,,,,,,,,,Yes,Yes,,,,Yes,,Yes,,,,163,Fort York-Liberty Village,82,Niagara (82),D14,627480.802255084,4832030.310841
1195,81321777,,5/30/2019 4:00:00 AM,2236,LAKE SHORE BLVD W,ONTARIO DR,,Major Arterial,Toronto and East York,43.630351,-79.419742,At Intersection,Traffic Signal,Clear,"Dark, artificial",Dry,Non-Fatal Injury,Turning Movement,Passenger,20 to 24,None,,,,,,,,,,,,,,,Yes,Yes,,,,Yes,,Yes,,,,163,Fort York-Liberty Village,82,Niagara (82),D14,627480.802255084,4832030.310841
1196,81262420,,5/31/2019 4:00:00 AM,2123,WOODBINE AVE,GERRARD ST E,,Major Arterial,Toronto and East York,43.68072,-79.310718,At Intersection,Traffic Signal,Clear,Daylight,Dry,Non-Fatal Injury,Turning Movement,Motorcycle Driver,35 to 39,Major,,North,Motorcycle,Going Ahead,Disobeyed Traffic Control,Normal,,,,,,,,,Yes,Yes,,,,Yes,Yes,Yes,Yes,,,62,East End-Danforth,62,East End-Danforth (62),D55,636162.073755345,4837797.66289693
1197,81262421,,5/31/2019 4:00:00 AM,2123,WOODBINE AVE,GERRARD ST E,,Major Arterial,Toronto and East York,43.68072,-79.310718,At Intersection,Traffic Signal,Clear,Daylight,Dry,Non-Fatal Injury,Turning Movement,Driver,45 to 49,None,,South,"Automobile, Station Wagon",Turning Left,Driving Properly,Normal,,,,,,,,,Yes,Yes,,,,Yes,Yes,Yes,Yes,,,62,East End-Danforth,62,East End-Danforth (62),D55,636162.073755345,4837797.66289693
1198,81262422,,5/31/2019 4:00:00 AM,2123,WOODBINE AVE,GERRARD ST E,,Major Arterial,Toronto and East York,43.68072,-79.310718,At Intersection,Traffic Signal,Clear,Daylight,Dry,Non-Fatal Injury,Turning Movement,Motorcycle Passenger,35 to 39,Major,,,,,,,,,,,,,,,Yes,Yes,,,,Yes,Yes,Yes,Yes,,,62,East End-Danforth,62,East End-Danforth (62),D55,636162.073755345,4837797.66289693
1199,81269659,,6/6/2019 4:00:00 AM,2124,SHEPPARD AVE W,GODDARD ST,,Major Arterial,North York,43.753451,-79.448031,At Intersection,Traffic Signal,Clear,Dark,Dry,Fatal,Turning Movement,Motorcycle Driver,30 to 34,Fatal,20,West,Motorcycle,Going Ahead,Disobeyed Traffic Control,Inattentive,,,,,,,,,Yes,Yes,,,,,,Yes,Yes,,,33,Clanton Park,33,Clanton Park (33),D32,624942.80116888,4845659.1989911
1200,81577645,,6/6/2019 4:00:00 AM,2124,SHEPPARD AVE W,GODDARD ST,,Major Arterial,North York,43.753451,-79.448031,At Intersection,Traffic Signal,Clear,Dark,Dry,Fatal,Turning Movement,Driver,85 to 89,Minimal,,East,"Automobile, Station Wagon",Turning Left,Improper Turn,Inattentive,,,,,,,,,Yes,Yes,,,,,,Yes,Yes,,,33,Clanton Park,33,Clanton Park (33),D32,624942.80116888,4845659.1989911
1201,81270144,,6/8/2019 4:00:00 AM,235,F G GARDINER XY  W,WINDERMERE AVE,365 m East o,Expressway,Etobicoke York,43.636008,-79.468021,Non Intersection,No Control,Clear,"Dark, artificial",Dry,Non-Fatal Injury,SMV Other,Motorcycle Driver,25 to 29,Major,,West,Motorcycle,Merging,Lost control,Inattentive,,,,,,,,,,Yes,,,,,,,,,,85,South Parkdale,85,South Parkdale (85),D11,623574.460773963,4832585.58610105
1202,81271107,,6/9/2019 4:00:00 AM,2132,QUEENS QUAY E,FREELAND ST,10 m East of,Minor Arterial,Toronto and East York,43.642409,-79.373027,Intersection Related,No Control,Clear,"Dark, artificial",Dry,Non-Fatal Injury,Turning Movement,Motorcycle Driver,30 to 34,Major,,East,Motorcycle,Going Ahead,Driving Properly,Normal,,,,,,,,,Yes,Yes,,,,,,,,,,166,St Lawrence-East Bayfront-The Islands,77,Waterfront Communities-The Island (77),D51,631223.133471174,4833442.30521882
1203,81271108,,6/9/2019 4:00:00 AM,2132,QUEENS QUAY E,FREELAND ST,10 m East of,Minor Arterial,Toronto and East York,43.642409,-79.373027,Intersection Related,No Control,Clear,"Dark, artificial",Dry,Non-Fatal Injury,Turning Movement,Driver,55 to 59,None,,East,"Automobile, Station Wagon",Making U Turn,Improper Turn,Inattentive,,,,,,,,,Yes,Yes,,,,,,,,,,166,St Lawrence-East Bayfront-The Islands,77,Waterfront Communities-The Island (77),D51,631223.133471174,4833442.30521882
1204,81269660,,6/18/2019 4:00:00 AM,1200,THE QUEENSWAY,NORTH QUEEN ST,,Major Arterial,Etobicoke York,43.614146,-79.55611,At Intersection,Traffic Signal,Clear,Daylight,Dry,Fatal,Turning Movement,Driver,15 to 19,None,,East,"Automobile, Station Wagon",Turning Left,Failed to Yield Right of Way,Normal,,,,,,,,,Yes,Yes,,,,Yes,,Yes,,,,159,Etobicoke City Centre,14,Islington-City Centre West (14),D22,616511.0784894,4830030.1772332
1205,81269661,,6/18/2019 4:00:00 AM,1200,THE QUEENSWAY,NORTH QUEEN ST,,Major Arterial,Etobicoke York,43.614146,-79.55611,At Intersection,Traffic Signal,Clear,Daylight,Dry,Fatal,Turning Movement,Motorcycle Driver,75 to 79,Fatal,21,West,Motorcycle,Going Ahead,Driving Properly,Normal,,,,,,,,,Yes,Yes,,,,Yes,,Yes,,,,159,Etobicoke City Centre,14,Islington-City Centre West (14),D22,616511.0784894,4830030.1772332
1206,81270269,,6/18/2019 4:00:00 AM,1200,THE QUEENSWAY,NORTH QUEEN ST,,Major Arterial,Etobicoke York,43.614146,-79.55611,At Intersection,Traffic Signal,Clear,Daylight,Dry,Fatal,Turning Movement,Passenger,15 to 19,None,,,"Automobile, Station Wagon",,,,,,,,,,,,Yes,Yes,,,,Yes,,Yes,,,,159,Etobicoke City Centre,14,Islington-City Centre West (14),D22,616511.0784894,4830030.1772332
1207,81322489,,6/20/2019 4:00:00 AM,1532,DANFORTH AVE,BYRON AVE,110 m West o,Major Arterial,Toronto and East York,43.680533,-79.336284,Non Intersection,No Control,Clear,Daylight,Dry,Non-Fatal Injury,Turning Movement,Driver,70 to 74,None,,East,"Automobile, Station Wagon",Making U Turn,Improper Turn,Normal,,,,,,,,,Yes,Yes,,,,Yes,,,,,,69,Blake-Jones,69,Blake-Jones (69),D55,634101.757592428,4837735.23796546
1208,81322490,,6/20/2019 4:00:00 AM,1532,DANFORTH AVE,BYRON AVE,110 m West o,Major Arterial,Toronto and East York,43.680533,-79.336284,Non Intersection,No Control,Clear,Daylight,Dry,Non-Fatal Injury,Turning Movement,Motorcycle Driver,45 to 49,Major,,West,Motorcycle,Going Ahead,Driving Properly,Normal,,,,,,,,,Yes,Yes,,,,Yes,,,,,,69,Blake-Jones,69,Blake-Jones (69),D55,634101.757592428,4837735.23796546
1209,81322491,,6/20/2019 4:00:00 AM,1532,DANFORTH AVE,BYRON AVE,110 m West o,Major Arterial,Toronto and East York,43.680533,-79.336284,Non Intersection,No Control,Clear,Daylight,Dry,Non-Fatal Injury,Turning Movement,Passenger,65 to 69,None,,,,,,,,,,,,,,,Yes,Yes,,,,Yes,,,,,,69,Blake-Jones,69,Blake-Jones (69),D55,634101.757592428,4837735.23796546
1210,81321892,,6/21/2019 4:00:00 AM,1230,ISLINGTON AVE,MEADOWVALE DR,,Major Arterial,Etobicoke York,43.642836,-79.522624,At Intersection,No Control,Clear,Daylight,Dry,Non-Fatal Injury,Turning Movement,Driver,65 to 69,None,,North,Pick Up Truck,Turning Left,Failed to Yield Right of Way,Inattentive,,,,,,,,,Yes,Yes,,,,,,Yes,,,,16,Stonegate-Queensway,16,Stonegate-Queensway (16),D22,619156.467807562,4833264.08266089
1211,81321893,,6/21/2019 4:00:00 AM,1230,ISLINGTON AVE,MEADOWVALE DR,,Major Arterial,Etobicoke York,43.642836,-79.522624,At Intersection,No Control,Clear,Daylight,Dry,Non-Fatal Injury,Turning Movement,Motorcycle Driver,30 to 34,Major,,South,Motorcycle,Going Ahead,Driving Properly,Normal,,,,,,,,,Yes,Yes,,,,,,Yes,,,,16,Stonegate-Queensway,16,Stonegate-Queensway (16),D22,619156.467807562,4833264.08266089
1212,81465355,,6/25/2019 4:00:00 AM,820,PHARMACY AVE,PRINCEWAY DR,2 m North of,Minor Arterial,Scarborough,43.753077,-79.308605,At Intersection,Stop Sign,Clear,Daylight,Dry,Non-Fatal Injury,Turning Movement,Driver,30 to 34,None,,East,"Automobile, Station Wagon",Turning Left,Improper Turn,Normal,,,,,,,,,Yes,Yes,,,,,,,,,,119,Wexford/Maryvale,119,Wexford/Maryvale (119),D41,636168.391416074,4845837.42810655
1213,81465356,,6/25/2019 4:00:00 AM,820,PHARMACY AVE,PRINCEWAY DR,2 m North of,Minor Arterial,Scarborough,43.753077,-79.308605,At Intersection,Stop Sign,Clear,Daylight,Dry,Non-Fatal Injury,Turning Movement,Motorcycle Driver,30 to 34,Major,,South,Motorcycle,Going Ahead,Driving Properly,Normal,,,,,,,,,Yes,Yes,,,,,,,,,,119,Wexford/Maryvale,119,Wexford/Maryvale (119),D41,636168.391416074,4845837.42810655
1214,81271124,,6/25/2019 4:00:00 AM,2213,715 FINCH AVE W,,6 m North of,Major Arterial,North York,43.76932,-79.464435,At/Near Private Drive,No Control,Clear,"Dark, artificial",Dry,Non-Fatal Injury,Turning Movement,Driver,65 to 69,Minimal,,West,"Automobile, Station Wagon",Turning Left,Failed to Yield Right of Way,Inattentive,,,,,,,,,Yes,Yes,,,,,,Yes,,,,34,Bathurst Manor,34,Bathurst Manor (34),D32,623589.49093011,4847397.07456247
1215,81271125,,6/25/2019 4:00:00 AM,2213,715 FINCH AVE W,,6 m North of,Major Arterial,North York,43.76932,-79.464435,At/Near Private Drive,No Control,Clear,"Dark, artificial",Dry,Non-Fatal Injury,Turning Movement,Motorcycle Driver,55 to 59,Major,,East,Motorcycle,Going Ahead,Driving Properly,Normal,,,,,,,,,Yes,Yes,,,,,,Yes,,,,34,Bathurst Manor,34,Bathurst Manor (34),D32,623589.49093011,4847397.07456247
1216,81513253,,7/4/2019 4:00:00 AM,910,PHARMACY AVE,LAWRENCE AVE E,,Major Arterial,Scarborough,43.74317,-79.304607,At Intersection,Traffic Signal,Clear,Daylight,Dry,Non-Fatal Injury,Turning Movement,Driver,60 to 64,None,,South,School Bus,Turning Left,Failed to Yield Right of Way,Inattentive,,,,,,,,,,Yes,,,,,,Yes,,,,119,Wexford/Maryvale,119,Wexford/Maryvale (119),D41,636512.780748967,4844743.68710302
1217,81513254,,7/4/2019 4:00:00 AM,910,PHARMACY AVE,LAWRENCE AVE E,,Major Arterial,Scarborough,43.74317,-79.304607,At Intersection,Traffic Signal,Clear,Daylight,Dry,Non-Fatal Injury,Turning Movement,Motorcycle Driver,55 to 59,Major,,North,Motorcycle,Going Ahead,Driving Properly,Normal,,,,,,,,,,Yes,,,,,,Yes,,,,119,Wexford/Maryvale,119,Wexford/Maryvale (119),D41,636512.780748967,4844743.68710302
1218,81476663,,7/8/2019 4:00:00 AM,1040,BLACK CREEK DR,LAWRENCE AVE W,,Major Arterial,Etobicoke York,43.704878,-79.494052,At Intersection,Traffic Signal,Clear,Daylight,Dry,Non-Fatal Injury,Turning Movement,Truck Driver,40 to 44,None,,North,Truck-Tractor,Turning Left,Improper Turn,Normal,,,,,,,,,,Yes,Yes,,,Yes,,,,,,30,Brookhaven-Amesbury,30,Brookhaven-Amesbury (30),D12,621335.842303772,4840196.08493197
1219,81476664,,7/8/2019 4:00:00 AM,1040,BLACK CREEK DR,LAWRENCE AVE W,,Major Arterial,Etobicoke York,43.704878,-79.494052,At Intersection,Traffic Signal,Clear,Daylight,Dry,Non-Fatal Injury,Turning Movement,Motorcycle Driver,50 to 54,Major,,South,Motorcycle,Going Ahead,Driving Properly,Normal,,,,,,,,,,Yes,Yes,,,Yes,,,,,,30,Brookhaven-Amesbury,30,Brookhaven-Amesbury (30),D12,621335.842303772,4840196.08493197
1220,81476665,,7/8/2019 4:00:00 AM,1040,BLACK CREEK DR,LAWRENCE AVE W,,Major Arterial,Etobicoke York,43.704878,-79.494052,At Intersection,Traffic Signal,Clear,Daylight,Dry,Non-Fatal Injury,Turning Movement,Motorcycle Passenger,20 to 24,Major,,,,,,,,,,,,,,,,Yes,Yes,,,Yes,,,,,,30,Brookhaven-Amesbury,30,Brookhaven-Amesbury (30),D12,621335.842303772,4840196.08493197
1221,81331105,,7/12/2019 4:00:00 AM,1820,114 TORYORK DR,,,Collector,Etobicoke York,43.756449,-79.551196,At/Near Private Drive,No Control,Clear,Daylight,Dry,Non-Fatal Injury,Turning Movement,Driver,15 to 19,None,,West,"Automobile, Station Wagon",Turning Left,Failed to Yield Right of Way,Normal,,,,,,,,,Yes,Yes,,,,,,Yes,,,,21,Humber Summit,21,Humber Summit (21),D31,616631.513997263,4845841.72784807
1222,81331106,,7/12/2019 4:00:00 AM,1820,114 TORYORK DR,,,Collector,Etobicoke York,43.756449,-79.551196,At/Near Private Drive,No Control,Clear,Daylight,Dry,Non-Fatal Injury,Turning Movement,Motorcycle Driver,35 to 39,Major,,East,Motorcycle,Going Ahead,Driving Properly,Normal,,,,,,,,,Yes,Yes,,,,,,Yes,,,,21,Humber Summit,21,Humber Summit (21),D31,616631.513997263,4845841.72784807
1223,81322184,,7/14/2019 4:00:00 AM,1309,LAWRENCE AVE E,TOWNLEY AVE,4 m West of,Major Arterial,Scarborough,43.742572,-79.307369,Intersection Related,No Control,Clear,Daylight,Dry,Non-Fatal Injury,Sideswipe,Motorcycle Driver,25 to 29,Major,,West,Motorcycle,Going Ahead,Exceeding Speed Limit,Normal,,,,,,,,,Yes,Yes,,,,Yes,Yes,Yes,,,,119,Wexford/Maryvale,119,Wexford/Maryvale (119),D41,636291.73951596,4844672.72248652
1224,81322185,,7/14/2019 4:00:00 AM,1309,LAWRENCE AVE E,TOWNLEY AVE,4 m West of,Major Arterial,Scarborough,43.742572,-79.307369,Intersection Related,No Control,Clear,Daylight,Dry,Non-Fatal Injury,Sideswipe,Driver,40 to 44,None,,West,"Automobile, Station Wagon",Changing Lanes,Improper Lane Change,Normal,,,,,,,,,Yes,Yes,,,,Yes,Yes,Yes,,,,119,Wexford/Maryvale,119,Wexford/Maryvale (119),D41,636291.73951596,4844672.72248652
1225,81322186,,7/14/2019 4:00:00 AM,1309,LAWRENCE AVE E,TOWNLEY AVE,4 m West of,Major Arterial,Scarborough,43.742572,-79.307369,Intersection Related,No Control,Clear,Daylight,Dry,Non-Fatal Injury,Sideswipe,Passenger,35 to 39,None,,,,,,,,,,,,,,,Yes,Yes,,,,Yes,Yes,Yes,,,,119,Wexford/Maryvale,119,Wexford/Maryvale (119),D41,636291.73951596,4844672.72248652
1226,81322187,,7/14/2019 4:00:00 AM,1309,LAWRENCE AVE E,TOWNLEY AVE,4 m West of,Major Arterial,Scarborough,43.742572,-79.307369,Intersection Related,No Control,Clear,Daylight,Dry,Non-Fatal Injury,Sideswipe,Passenger,70 to 74,None,,,,,,,,,,,,,,,Yes,Yes,,,,Yes,Yes,Yes,,,,119,Wexford/Maryvale,119,Wexford/Maryvale (119),D41,636291.73951596,4844672.72248652
1227,81322188,,7/14/2019 4:00:00 AM,1309,LAWRENCE AVE E,TOWNLEY AVE,4 m West of,Major Arterial,Scarborough,43.742572,-79.307369,Intersection Related,No Control,Clear,Daylight,Dry,Non-Fatal Injury,Sideswipe,Passenger,0 to 4,None,,,,,,,,,,,,,,,Yes,Yes,,,,Yes,Yes,Yes,,,,119,Wexford/Maryvale,119,Wexford/Maryvale (119),D41,636291.73951596,4844672.72248652
1228,81322189,,7/14/2019 4:00:00 AM,1309,LAWRENCE AVE E,TOWNLEY AVE,4 m West of,Major Arterial,Scarborough,43.742572,-79.307369,Intersection Related,No Control,Clear,Daylight,Dry,Non-Fatal Injury,Sideswipe,Passenger,0 to 4,None,,,,,,,,,,,,,,,Yes,Yes,,,,Yes,Yes,Yes,,,,119,Wexford/Maryvale,119,Wexford/Maryvale (119),D41,636291.73951596,4844672.72248652
1229,81278476,,7/18/2019 4:00:00 AM,2240,DUNDAS ST W,DONNYBROOK LANE,,Major Arterial,Etobicoke York,43.653163,-79.524646,Intersection Related,No Control,Clear,"Dark, artificial",Dry,Fatal,Turning Movement,Driver,55 to 59,None,,West,"Automobile, Station Wagon",Turning Left,Failed to Yield Right of Way,Normal,,,,,,,,,Yes,Yes,,,,,,Yes,,,,15,Kingsway South,15,Kingsway South (15),D22,618972.994469219,4834408.12637959
1230,81322095,,7/18/2019 4:00:00 AM,2240,DUNDAS ST W,DONNYBROOK LANE,,Major Arterial,Etobicoke York,43.653163,-79.524646,Intersection Related,No Control,Clear,"Dark, artificial",Dry,Fatal,Turning Movement,Motorcycle Driver,25 to 29,Fatal,28,East,Motorcycle,Going Ahead,Driving Properly,Normal,,,,,,,,,Yes,Yes,,,,,,Yes,,,,15,Kingsway South,15,Kingsway South (15),D22,618972.994469219,4834408.12637959
1231,81510948,,7/22/2019 4:00:00 AM,21,OSSINGTON AVE,BLOOR ST W,,Major Arterial,Toronto and East York,43.661914,-79.425617,At Intersection,Traffic Signal,Clear,"Dark, artificial",Dry,Non-Fatal Injury,Turning Movement,Motorcycle Driver,20 to 24,Major,,South,Motorcycle,Going Ahead,Exceeding Speed Limit,Other,,,,,,,,,,Yes,,Yes,,,Yes,Yes,,,,80,Palmerston-Little Italy,80,Palmerston-Little Italy (80),D14,626940.35616475,4835526.78482862
1232,81510949,,7/22/2019 4:00:00 AM,21,OSSINGTON AVE,BLOOR ST W,,Major Arterial,Toronto and East York,43.661914,-79.425617,At Intersection,Traffic Signal,Clear,"Dark, artificial",Dry,Non-Fatal Injury,Turning Movement,Driver,30 to 34,None,,North,Intercity Bus,Turning Left,Failed to Yield Right of Way,Inattentive,,,,,,,,,,Yes,,Yes,,,Yes,Yes,,,,80,Palmerston-Little Italy,80,Palmerston-Little Italy (80),D14,626940.35616475,4835526.78482862
1233,81322549,,7/25/2019 4:00:00 AM,1712,STEELES AVE E,LESLIE ST,500 m East o,Major Arterial,North York,43.809794,-79.366481,Non Intersection,No Control,Clear,Daylight,Dry,Non-Fatal Injury,Rear End,Motorcycle Driver,45 to 49,Major,,West,Motorcycle,Slowing or Stopping,Lost control,Inattentive,,,,,,,,,Yes,Yes,,,,,,,,,,48,Hillcrest Village,48,Hillcrest Village (48),D33,631384.64913727,4852043.20946708