OBJECTID,INDEX,ACCNUM,DATE,TIME,STREET1,STREET2,OFFSET,ROAD_CLASS,DISTRICT,LATITUDE,LONGITUDE,ACCLOC,TRAFFCTL,VISIBILITY,LIGHT,RDSFCOND,ACCLASS,IMPACTYPE,INVTYPE,INVAGE,INJURY,FATAL_NO,INITDIR,VEHTYPE,MANOEUVER,DRIVACT,DRIVCOND,PEDTYPE,PEDACT,PEDCOND,CYCLISTYPE,CYCACT,CYCCOND,PEDESTRIAN,CYCLIST,AUTOMOBILE,MOTORCYCLE,TRUCK,TRSN_CITY_VEH,EMERG_VEH,PASSENGER,SPEEDING,AG_DRIV,REDLIGHT,ALCOHOL,DISABILITY,HOOD_158,NEIGHBOURHOOD_158,HOOD_140,NEIGHBOURHOOD_140,DIVISION,x,y
1234,81322550,,7/25/2019 4:00:00 AM,1712,STEELES AVE E,LESLIE ST,500 m East o,Major Arterial,North York,43.809794,-79.366481,Non Intersection,No Control,Clear,Daylight,Dry,Non-Fatal Injury,Rear End,Driver,50 to 54,None,,West,"Automobile, Station Wagon",Stopped,Driving Properly,Normal,,,,,,,,,Yes,Yes,,,,,,,,,,48,Hillcrest Village,48,Hillcrest Village (48),D33,631384.64913727,4852043.20946708
1235,81329846,,7/28/2019 4:00:00 AM,1503,ST CLAIR AVE E,GLENBURN AVE,2 m North of,Major Arterial,Toronto and East York,43.708571,-79.298282,At Intersection,Stop Sign,Clear,Daylight,Dry,Non-Fatal Injury,Angle,Driver,85 to 89,Minimal,,South,"Automobile, Station Wagon",Going Ahead,Failed to Yield Right of Way,Inattentive,,,,,,,,,Yes,Yes,,,,,,Yes,,,,54,O'Connor-Parkview,54,O'Connor-Parkview (54),D55,637100.98616905,4840911.40240378
1236,81329847,,7/28/2019 4:00:00 AM,1503,ST CLAIR AVE E,GLENBURN AVE,2 m North of,Major Arterial,Toronto and East York,43.708571,-79.298282,At Intersection,Stop Sign,Clear,Daylight,Dry,Non-Fatal Injury,Angle,Motorcycle Driver,55 to 59,Major,,East,Motorcycle,Going Ahead,Driving Properly,Normal,,,,,,,,,Yes,Yes,,,,,,Yes,,,,54,O'Connor-Parkview,54,O'Connor-Parkview (54),D55,637100.98616905,4840911.40240378
1237,81322615,,8/2/2019 4:00:00 AM,2237,ISLINGTON AVE,BEAUMONDE HEIGHTS DR,,Major Arterial,Etobicoke York,43.742396,-79.567699,At Intersection,Traffic Signal,Clear,Dark,Dry,Fatal,Turning Movement,Driver,65 to 69,None,,North,Passenger Van,Turning Left,Failed to Yield Right of Way,Unknown,,,,,,,,,Yes,Yes,,,,,,Yes,,,,3,Thistletown-Beaumond Heights,3,Thistletown-Beaumond Heights (3),D23,615329.967819421,4844257.83315614
1238,81322616,,8/2/2019 4:00:00 AM,2237,ISLINGTON AVE,BEAUMONDE HEIGHTS DR,,Major Arterial,Etobicoke York,43.742396,-79.567699,At Intersection,Traffic Signal,Clear,Dark,Dry,Fatal,Turning Movement,Motorcycle Driver,25 to 29,Fatal,30,South,Motorcycle,Going Ahead,Driving Properly,Unknown,,,,,,,,,Yes,Yes,,,,,,Yes,,,,3,Thistletown-Beaumond Heights,3,Thistletown-Beaumond Heights (3),D23,615329.967819421,4844257.83315614
1239,81330070,,8/3/2019 4:00:00 AM,1435,LAWRENCE AVE W,PIMLICO RD,,Major Arterial,Etobicoke York,43.707465,-79.482394,At Intersection,Traffic Signal,Clear,Daylight,Dry,Non-Fatal Injury,SMV Other,Motorcycle Driver,25 to 29,Major,,East,Motorcycle,Going Ahead,Lost control,Normal,,,,,,,,,,Yes,,,,,,,,,,30,Brookhaven-Amesbury,30,Brookhaven-Amesbury (30),D12,622269.888056595,4840500.53550899
1240,81329707,,8/3/2019 4:00:00 AM,2027,WINDERMERE AVE,THE QUEENSWAY,,Major Arterial,Etobicoke York,43.637137,-79.469875,At Intersection,Traffic Signal,Clear,"Dark, artificial",Dry,Non-Fatal Injury,Turning Movement,Driver,20 to 24,None,,North,"Automobile, Station Wagon",Turning Left,Improper Turn,Normal,,,,,,,,,Yes,Yes,,,,Yes,Yes,Yes,,,,87,High Park-Swansea,87,High Park-Swansea (87),D11,623422.598283038,4832708.21742416
1241,81329708,,8/3/2019 4:00:00 AM,2027,WINDERMERE AVE,THE QUEENSWAY,,Major Arterial,Etobicoke York,43.637137,-79.469875,At Intersection,Traffic Signal,Clear,"Dark, artificial",Dry,Non-Fatal Injury,Turning Movement,Motorcycle Driver,15 to 19,Major,,South,Motorcycle,Going Ahead,Driving Properly,Normal,,,,,,,,,Yes,Yes,,,,Yes,Yes,Yes,,,,87,High Park-Swansea,87,High Park-Swansea (87),D11,623422.598283038,4832708.21742416
1242,81329709,,8/3/2019 4:00:00 AM,2027,WINDERMERE AVE,THE QUEENSWAY,,Major Arterial,Etobicoke York,43.637137,-79.469875,At Intersection,Traffic Signal,Clear,"Dark, artificial",Dry,Non-Fatal Injury,Turning Movement,Motorcycle Passenger,15 to 19,Major,,,,,,,,,,,,,,,Yes,Yes,,,,Yes,Yes,Yes,,,,87,High Park-Swansea,87,High Park-Swansea (87),D11,623422.598283038,4832708.21742416
1243,81322617,,8/5/2019 4:00:00 AM,1645,STEELES AVE E,BLUFFWOOD DR,,Major Arterial,North York,43.807639,-79.376056,At Intersection,Traffic Signal,Clear,Daylight,Dry,Fatal,Turning Movement,Driver,40 to 44,Minimal,,East,"Automobile, Station Wagon",Turning Left,Failed to Yield Right of Way,Normal,,,,,,,,,Yes,Yes,,,,,Yes,Yes,,,,49,Bayview Woods-Steeles,49,Bayview Woods-Steeles (49),D33,630619.21794978,4851788.70294869
1244,81329538,,8/5/2019 4:00:00 AM,1645,STEELES AVE E,BLUFFWOOD DR,,Major Arterial,North York,43.807639,-79.376056,At Intersection,Traffic Signal,Clear,Daylight,Dry,Fatal,Turning Movement,Motorcycle Driver,25 to 29,Fatal,32,West,Motorcycle,Going Ahead,Exceeding Speed Limit,Unknown,,,,,,,,,Yes,Yes,,,,,Yes,Yes,,,,49,Bayview Woods-Steeles,49,Bayview Woods-Steeles (49),D33,630619.21794978,4851788.70294869
1245,81329876,,8/5/2019 4:00:00 AM,2220,VICTORIA PARK AVE,CURLEW DR,81 m South o,Major Arterial,Scarborough,43.747023,-79.311496,Non Intersection,No Control,Clear,"Dark, artificial",Dry,Non-Fatal Injury,Rear End,Motorcycle Driver,20 to 24,Major,,North,Motorcycle,Going Ahead,Lost control,Normal,,,,,,,,,Yes,Yes,,,,,Yes,Yes,,,,119,Wexford/Maryvale,119,Wexford/Maryvale (119),D41,635949.350915335,4845160.29127606
1246,81329877,,8/5/2019 4:00:00 AM,2220,VICTORIA PARK AVE,CURLEW DR,81 m South o,Major Arterial,Scarborough,43.747023,-79.311496,Non Intersection,No Control,Clear,"Dark, artificial",Dry,Non-Fatal Injury,Rear End,Driver,25 to 29,None,,North,"Automobile, Station Wagon",Going Ahead,Driving Properly,Normal,,,,,,,,,Yes,Yes,,,,,Yes,Yes,,,,119,Wexford/Maryvale,119,Wexford/Maryvale (119),D41,635949.350915335,4845160.29127606
1247,81330295,,8/13/2019 4:00:00 AM,1329,STEELES  AVE E,MCCOWAN  RD,,Major Arterial,Scarborough,43.830973,-79.275157,At Intersection,Traffic Signal,Clear,Daylight,Dry,Fatal,Turning Movement,Motorcycle Driver,40 to 44,Fatal,34,East,Motorcycle,Going Ahead,Driving Properly,Normal,,,,,,,,,Yes,Yes,,,,,,Yes,,,,130,Milliken,130,Milliken (130),D42,638680.908684292,4854544.55268116
1248,81330298,,8/13/2019 4:00:00 AM,1329,STEELES  AVE E,MCCOWAN  RD,,Major Arterial,Scarborough,43.830973,-79.275157,At Intersection,Traffic Signal,Clear,Daylight,Dry,Fatal,Turning Movement,Driver,35 to 39,None,,West,"Automobile, Station Wagon",Turning Left,Failed to Yield Right of Way,Inattentive,,,,,,,,,Yes,Yes,,,,,,Yes,,,,130,Milliken,130,Milliken (130),D42,638680.908684292,4854544.55268116
1249,81330442,,8/14/2019 4:00:00 AM,1149,DUFFERIN ST,TYCOS DR,7 m West of,Major Arterial,North York,43.705699,-79.452884,At Intersection,Stop Sign,Clear,Daylight,Dry,Non-Fatal Injury,Turning Movement,Driver,25 to 29,None,,East,"Automobile, Station Wagon",Turning Left,Failed to Yield Right of Way,Normal,,,,,,,,,Yes,Yes,,,,Yes,,Yes,,,,31,Yorkdale-Glen Park,31,Yorkdale-Glen Park (31),D13,624651.119465296,4840348.34455207
1250,81330443,,8/14/2019 4:00:00 AM,1149,DUFFERIN ST,TYCOS DR,7 m West of,Major Arterial,North York,43.705699,-79.452884,At Intersection,Stop Sign,Clear,Daylight,Dry,Non-Fatal Injury,Turning Movement,Motorcycle Driver,25 to 29,Major,,South,Motorcycle,Going Ahead,Driving Properly,Normal,,,,,,,,,Yes,Yes,,,,Yes,,Yes,,,,31,Yorkdale-Glen Park,31,Yorkdale-Glen Park (31),D13,624651.119465296,4840348.34455207
1251,81330444,,8/14/2019 4:00:00 AM,1149,DUFFERIN ST,TYCOS DR,7 m West of,Major Arterial,North York,43.705699,-79.452884,At Intersection,Stop Sign,Clear,Daylight,Dry,Non-Fatal Injury,Turning Movement,Motorcycle Passenger,20 to 24,None,,,,,,,,,,,,,,,Yes,Yes,,,,Yes,,Yes,,,,31,Yorkdale-Glen Park,31,Yorkdale-Glen Park (31),D13,624651.119465296,4840348.34455207
1252,81330761,,8/19/2019 4:00:00 AM,1730,KINGSTON RD,HAIG AVE,3 m West of,Major Arterial,Scarborough,43.687167,-79.271663,At Intersection,No Control,Clear,Daylight,Dry,Non-Fatal Injury,Sideswipe,Motorcycle Driver,25 to 29,Major,,West,Motorcycle,Changing Lanes,Improper Lane Change,Inattentive,,,,,,,,,Yes,Yes,,,,,,,,,,122,Birchcliffe-Cliffside,122,Birchcliffe-Cliffside (122),D41,639295.159515024,4838578.55409651
1253,81330762,,8/19/2019 4:00:00 AM,1730,KINGSTON RD,HAIG AVE,3 m West of,Major Arterial,Scarborough,43.687167,-79.271663,At Intersection,No Control,Clear,Daylight,Dry,Non-Fatal Injury,Sideswipe,Driver,35 to 39,None,,West,"Automobile, Station Wagon",Going Ahead,Driving Properly,Normal,,,,,,,,,Yes,Yes,,,,,,,,,,122,Birchcliffe-Cliffside,122,Birchcliffe-Cliffside (122),D41,639295.159515024,4838578.55409651
1254,81331275,,8/19/2019 4:00:00 AM,2118,MARKHAM RD,NASHDENE RD,300 m South ,Major Arterial,Scarborough,43.817473,-79.24496,Non Intersection,No Control,Clear,"Dark, artificial",Dry,Non-Fatal Injury,Rear End,Motorcycle Driver,20 to 24,Major,,South,Motorcycle,Overtaking,Speed too Fast For Condition,Unknown,,,,,,,,,Yes,Yes,,,,Yes,Yes,Yes,,,,144,Morningside Heights,131,Rouge (131),D42,641140.648910647,4853096.23061363
1255,81331276,,8/19/2019 4:00:00 AM,2118,MARKHAM RD,NASHDENE RD,300 m South ,Major Arterial,Scarborough,43.817473,-79.24496,Non Intersection,No Control,Clear,"Dark, artificial",Dry,Non-Fatal Injury,Rear End,Driver,25 to 29,None,,South,"Automobile, Station Wagon",Going Ahead,Driving Properly,Normal,,,,,,,,,Yes,Yes,,,,Yes,Yes,Yes,,,,144,Morningside Heights,131,Rouge (131),D42,641140.648910647,4853096.23061363
1256,81331277,,8/19/2019 4:00:00 AM,2118,MARKHAM RD,NASHDENE RD,300 m South ,Major Arterial,Scarborough,43.817473,-79.24496,Non Intersection,No Control,Clear,"Dark, artificial",Dry,Non-Fatal Injury,Rear End,Motorcycle Passenger,20 to 24,Major,,,,,,,,,,,,,,,Yes,Yes,,,,Yes,Yes,Yes,,,,144,Morningside Heights,131,Rouge (131),D42,641140.648910647,4853096.23061363
1257,81511210,,8/20/2019 4:00:00 AM,1522,BATHURST ST,DUPONT ST,25 m North o,Major Arterial,Toronto and East York,43.673079,-79.414348,At Intersection,Traffic Signal,Clear,Daylight,Dry,Non-Fatal Injury,SMV Other,Motorcycle Driver,50 to 54,Major,,South,Motorcycle,Going Ahead,Lost control,Normal,,,,,,,,,,Yes,,,,,,,,,,95,Annex,95,Annex (95),D14,627825.268003305,4836784.1103487
1258,81331075,,8/22/2019 4:00:00 AM,815,ISLINGTON AVE,ANGLESEY BLVD,,Major Arterial,Etobicoke York,43.66421,-79.531993,At Intersection,Stop Sign,Clear,Daylight,Dry,Non-Fatal Injury,Angle,Driver,40 to 44,None,,West,Pick Up Truck,Going Ahead,Failed to Yield Right of Way,Normal,,,,,,,,,Yes,Yes,,,,,,Yes,,,,9,Edenbridge-Humber Valley,9,Edenbridge-Humber Valley (9),D22,618358.818833122,4835624.53094021
1259,81331076,,8/22/2019 4:00:00 AM,815,ISLINGTON AVE,ANGLESEY BLVD,,Major Arterial,Etobicoke York,43.66421,-79.531993,At Intersection,Stop Sign,Clear,Daylight,Dry,Non-Fatal Injury,Angle,Motorcycle Driver,65 to 69,Major,,North,Motorcycle,Going Ahead,Driving Properly,Normal,,,,,,,,,Yes,Yes,,,,,,Yes,,,,9,Edenbridge-Humber Valley,9,Edenbridge-Humber Valley (9),D22,618358.818833122,4835624.53094021
1260,81330890,,8/22/2019 4:00:00 AM,1823,LAKE SHORE BLVD E,COXWELL AVE,,Major Arterial,Toronto and East York,43.6622,-79.31483,At Intersection,Traffic Controller,Clear,Dusk,Dry,Non-Fatal Injury,Rear End,Driver,50 to 54,Major,,East,"Automobile, Station Wagon",Going Ahead,Following too Close,Unknown,,,,,,,,,Yes,Yes,,,,,,Yes,,,,70,South Riverdale,70,South Riverdale (70),D55,635872.414874756,4835734.02089203
1261,81514849,,8/22/2019 4:00:00 AM,1823,LAKE SHORE BLVD E,COXWELL AVE,,Major Arterial,Toronto and East York,43.6622,-79.31483,At Intersection,Traffic Controller,Clear,Dusk,Dry,Non-Fatal Injury,Rear End,Motorcycle Driver,50 to 54,Major,,East,Motorcycle,Slowing or Stopping,Driving Properly,Normal,,,,,,,,,Yes,Yes,,,,,,Yes,,,,70,South Riverdale,70,South Riverdale (70),D55,635872.414874756,4835734.02089203
1262,81332693,,8/26/2019 4:00:00 AM,2046,TWYN RIVERS DR,SHEPPARD AVE E,3 m West of,Collector,Scarborough,43.813456,-79.156703,Non Intersection,No Control,Clear,Dark,Dry,Non-Fatal Injury,SMV Other,Motorcycle Driver,45 to 49,Major,,North,Motorcycle,Going Ahead,Lost control,Normal,,,,,,,,,,Yes,,,,,,Yes,,,,144,Morningside Heights,131,Rouge (131),D42,648248.32154723,4852804.43987329
1263,81462095,,9/2/2019 4:00:00 AM,1448,495 THE WEST MALL,,305 m West o,Minor Arterial,Etobicoke York,43.647906,-79.568042,Non Intersection,No Control,Clear,Daylight,Dry,Non-Fatal Injury,Angle,Motorcycle Driver,20 to 24,Major,,North,Motorcycle,Going Ahead,Exceeding Speed Limit,Normal,,,,,,,,,Yes,Yes,,,,,Yes,Yes,,,,13,Etobicoke West Mall,13,Etobicoke West Mall (13),D22,615483.575072967,4833762.96872409
1264,81462096,,9/2/2019 4:00:00 AM,1448,495 THE WEST MALL,,305 m West o,Minor Arterial,Etobicoke York,43.647906,-79.568042,Non Intersection,No Control,Clear,Daylight,Dry,Non-Fatal Injury,Angle,Driver,30 to 34,None,,West,"Automobile, Station Wagon",Going Ahead,Failed to Yield Right of Way,Normal,,,,,,,,,Yes,Yes,,,,,Yes,Yes,,,,13,Etobicoke West Mall,13,Etobicoke West Mall (13),D22,615483.575072967,4833762.96872409
1265,81462097,,9/2/2019 4:00:00 AM,1448,495 THE WEST MALL,,305 m West o,Minor Arterial,Etobicoke York,43.647906,-79.568042,Non Intersection,No Control,Clear,Daylight,Dry,Non-Fatal Injury,Angle,Motorcycle Driver,unknown,None,,North,Motorcycle,Going Ahead,Exceeding Speed Limit,Unknown,,,,,,,,,Yes,Yes,,,,,Yes,Yes,,,,13,Etobicoke West Mall,13,Etobicoke West Mall (13),D22,615483.575072967,4833762.96872409
1266,81332219,,9/4/2019 4:00:00 AM,2307,WESTON RD,ROGERS RD,,Major Arterial,Etobicoke York,43.681536,-79.476711,At Intersection,Traffic Signal,Clear,"Dark, artificial",Dry,Non-Fatal Injury,Turning Movement,Driver,25 to 29,None,,South,Municipal Transit Bus (TTC),Turning Left,Failed to Yield Right of Way,Inattentive,,,,,,,,,,Yes,,Yes,,,,Yes,,,,111,Rockcliffe-Smythe,111,Rockcliffe-Smythe (111),D12,622780.660680793,4837629.16321774
1267,81332220,,9/4/2019 4:00:00 AM,2307,WESTON RD,ROGERS RD,,Major Arterial,Etobicoke York,43.681536,-79.476711,At Intersection,Traffic Signal,Clear,"Dark, artificial",Dry,Non-Fatal Injury,Turning Movement,Motorcycle Driver,40 to 44,Major,,North,Motorcycle,Going Ahead,Driving Properly,Normal,,,,,,,,,,Yes,,Yes,,,,Yes,,,,111,Rockcliffe-Smythe,111,Rockcliffe-Smythe (111),D12,622780.660680793,4837629.16321774
1268,81330780,,9/7/2019 4:00:00 AM,17,LAWRENCE AVE E,UNDERHILL DR,,Major Arterial,North York,43.740718,-79.324664,At Intersection,Traffic Signal,Clear,Dark,Dry,Fatal,Turning Movement,Driver,40 to 44,None,,East,"Automobile, Station Wagon",Turning Left,Failed to Yield Right of Way,Unknown,,,,,,,,,Yes,Yes,,,,,Yes,Yes,,,,43,Victoria Village,43,Victoria Village (43),D33,634903.284047287,4844438.49981973
1269,81330782,,9/7/2019 4:00:00 AM,17,LAWRENCE AVE E,UNDERHILL DR,,Major Arterial,North York,43.740718,-79.324664,At Intersection,Traffic Signal,Clear,Dark,Dry,Fatal,Turning Movement,Motorcycle Driver,20 to 24,Fatal,39,West,Motorcycle,Going Ahead,Speed too Fast For Condition,Unknown,,,,,,,,,Yes,Yes,,,,,Yes,Yes,,,,43,Victoria Village,43,Victoria Village (43),D33,634903.284047287,4844438.49981973
1270,81334533,,9/21/2019 4:00:00 AM,2242,MCCOWAN RD,HOLLYHEDGE DR,,Major Arterial,Scarborough,43.753478,-79.244663,At Intersection,No Control,Clear,Dark,Dry,Non-Fatal Injury,Turning Movement,Driver,35 to 39,Major,,North,Passenger Van,Turning Left,Improper Turn,Normal,,,,,,,,,Yes,Yes,,,,,,,,,,157,Bendale South,127,Bendale (127),D43,641315.257762637,4845989.07612908
1271,81334534,,9/21/2019 4:00:00 AM,2242,MCCOWAN RD,HOLLYHEDGE DR,,Major Arterial,Scarborough,43.753478,-79.244663,At Intersection,No Control,Clear,Dark,Dry,Non-Fatal Injury,Turning Movement,Motorcycle Driver,25 to 29,None,,South,Motorcycle,Going Ahead,Driving Properly,Normal,,,,,,,,,Yes,Yes,,,,,,,,,,157,Bendale South,127,Bendale (127),D43,641315.257762637,4845989.07612908
1272,81449374,,10/10/2019 4:00:00 AM,932,LOWER SIMCOE ST,QUEENS QUAY W,25 m North o,Collector,Toronto and East York,43.63943,-79.382686,Intersection Related,No Control,Clear,Daylight,Dry,Non-Fatal Injury,Turning Movement,Motorcycle Driver,50 to 54,Major,,South,Motorcycle,Going Ahead,Improper Passing,Inattentive,,,,,,,,,Yes,Yes,,,,,,Yes,,,,165,Harbourfront-CityPlace,77,Waterfront Communities-The Island (77),D52,630450.527737156,4833096.22233625
1273,81449375,,10/10/2019 4:00:00 AM,932,LOWER SIMCOE ST,QUEENS QUAY W,25 m North o,Collector,Toronto and East York,43.63943,-79.382686,Intersection Related,No Control,Clear,Daylight,Dry,Non-Fatal Injury,Turning Movement,Driver,40 to 44,None,,North,"Automobile, Station Wagon",Turning Left,Driving Properly,Normal,,,,,,,,,Yes,Yes,,,,,,Yes,,,,165,Harbourfront-CityPlace,77,Waterfront Communities-The Island (77),D52,630450.527737156,4833096.22233625
1274,81452601,,10/10/2019 4:00:00 AM,2259,THE QUEENSWAY,STOCK AVE,47 m East of,Major Arterial,Etobicoke York,43.621298,-79.524844,Non Intersection,No Control,Clear,"Dark, artificial",Dry,Non-Fatal Injury,Rear End,Driver,40 to 44,None,,West,"Automobile, Station Wagon",Changing Lanes,Improper Lane Change,Inattentive,,,,,,,,,Yes,Yes,,,,,,,,,,159,Etobicoke City Centre,14,Islington-City Centre West (14),D22,619019.919982409,4830868.83558258
1275,81452602,,10/10/2019 4:00:00 AM,2259,THE QUEENSWAY,STOCK AVE,47 m East of,Major Arterial,Etobicoke York,43.621298,-79.524844,Non Intersection,No Control,Clear,"Dark, artificial",Dry,Non-Fatal Injury,Rear End,Motorcycle Driver,40 to 44,Major,,West,Motorcycle,Going Ahead,Driving Properly,Normal,,,,,,,,,Yes,Yes,,,,,,,,,,159,Etobicoke City Centre,14,Islington-City Centre West (14),D22,619019.919982409,4830868.83558258
1276,81449968,,10/15/2019 4:00:00 AM,457,LAMBTON AVE,ROCKCLIFFE BLVD,,Collector,Etobicoke York,43.682391,-79.491687,Intersection Related,No Control,Clear,Daylight,Dry,Non-Fatal Injury,SMV Other,Driver,35 to 39,Major,,North,Pick Up Truck,Going Ahead,Lost control,Medical or Physical Disability,,,,,,,,,Yes,Yes,,,,,Yes,Yes,,,Yes,111,Rockcliffe-Smythe,111,Rockcliffe-Smythe (111),D12,621571.822731016,4837702.06140343
1277,81449969,,10/15/2019 4:00:00 AM,457,LAMBTON AVE,ROCKCLIFFE BLVD,,Collector,Etobicoke York,43.682391,-79.491687,Intersection Related,No Control,Clear,Daylight,Dry,Non-Fatal Injury,SMV Other,Driver,unknown,None,,South,"Automobile, Station Wagon",Parked,Driving Properly,Normal,,,,,,,,,Yes,Yes,,,,,Yes,Yes,,,Yes,111,Rockcliffe-Smythe,111,Rockcliffe-Smythe (111),D12,621571.822731016,4837702.06140343
1278,81449970,,10/15/2019 4:00:00 AM,457,LAMBTON AVE,ROCKCLIFFE BLVD,,Collector,Etobicoke York,43.682391,-79.491687,Intersection Related,No Control,Clear,Daylight,Dry,Non-Fatal Injury,SMV Other,Motorcycle Driver,unknown,None,,South,Motorcycle,Parked,Driving Properly,Normal,,,,,,,,,Yes,Yes,,,,,Yes,Yes,,,Yes,111,Rockcliffe-Smythe,111,Rockcliffe-Smythe (111),D12,621571.822731016,4837702.06140343
1279,81449971,,10/15/2019 4:00:00 AM,457,LAMBTON AVE,ROCKCLIFFE BLVD,,Collector,Etobicoke York,43.682391,-79.491687,Intersection Related,No Control,Clear,Daylight,Dry,Non-Fatal Injury,SMV Other,Driver,unknown,None,,North,"Automobile, Station Wagon",Parked,Driving Properly,Normal,,,,,,,,,Yes,Yes,,,,,Yes,Yes,,,Yes,111,Rockcliffe-Smythe,111,Rockcliffe-Smythe (111),D12,621571.822731016,4837702.06140343
1280,81454610,,10/16/2019 4:00:00 AM,2251,DANFORTH AVE,FERRIER AVE,19 m East of,Major Arterial,Toronto and East York,43.678198,-79.34827,Intersection Related,No Control,Clear,"Dark, artificial",Dry,Non-Fatal Injury,Turning Movement,Motorcycle Driver,25 to 29,Major,,East,Motorcycle,Going Ahead,Lost control,Normal,,,,,,,,,Yes,Yes,,,,,Yes,Yes,,,,68,North Riverdale,68,North Riverdale (68),D55,633140.794958566,4837456.59362014
1281,81454611,,10/16/2019 4:00:00 AM,2251,DANFORTH AVE,FERRIER AVE,19 m East of,Major Arterial,Toronto and East York,43.678198,-79.34827,Intersection Related,No Control,Clear,"Dark, artificial",Dry,Non-Fatal Injury,Turning Movement,Driver,35 to 39,None,,West,"Automobile, Station Wagon",Making U Turn,Driving Properly,Normal,,,,,,,,,Yes,Yes,,,,,Yes,Yes,,,,68,North Riverdale,68,North Riverdale (68),D55,633140.794958566,4837456.59362014
1282,81449718,,10/27/2019 4:00:00 AM,1820,WARDEN AVE,CONTINENTAL PL,2 m West of,Major Arterial,Scarborough,43.763491,-79.301257,At Intersection,No Control,Clear,Daylight,Dry,Non-Fatal Injury,Turning Movement,Truck Driver,45 to 49,None,,South,"Truck - Closed (Blazer, etc)",Turning Left,Improper Turn,Inattentive,,,,,,,,,,Yes,Yes,,,,,,,,,119,Wexford/Maryvale,119,Wexford/Maryvale (119),D41,636736.23575046,4847006.16825521
1283,81449719,,10/27/2019 4:00:00 AM,1820,WARDEN AVE,CONTINENTAL PL,2 m West of,Major Arterial,Scarborough,43.763491,-79.301257,At Intersection,No Control,Clear,Daylight,Dry,Non-Fatal Injury,Turning Movement,Motorcycle Driver,45 to 49,Major,,North,Motorcycle,Going Ahead,Driving Properly,Normal,,,,,,,,,,Yes,Yes,,,,,,,,,119,Wexford/Maryvale,119,Wexford/Maryvale (119),D41,636736.23575046,4847006.16825521
1284,81337944,,11/10/2019 5:00:00 AM,1445,OLD WESTON RD,ROGERS RD,40 m South o,Minor Arterial,Etobicoke York,43.681376,-79.467296,At/Near Private Drive,No Control,Clear,Daylight,Dry,Non-Fatal Injury,Turning Movement,Driver,40 to 44,None,,East,Passenger Van,Turning Left,Failed to Yield Right of Way,Inattentive,,,,,,,,,Yes,Yes,,,,Yes,,Yes,,,,110,Keelesdale-Eglinton West,110,Keelesdale-Eglinton West (110),D12,623539.866845481,4837625.37386877
1285,81337945,,11/10/2019 5:00:00 AM,1445,OLD WESTON RD,ROGERS RD,40 m South o,Minor Arterial,Etobicoke York,43.681376,-79.467296,At/Near Private Drive,No Control,Clear,Daylight,Dry,Non-Fatal Injury,Turning Movement,Motorcycle Driver,45 to 49,Major,,South,Motorcycle,Going Ahead,Driving Properly,Normal,,,,,,,,,Yes,Yes,,,,Yes,,Yes,,,,110,Keelesdale-Eglinton West,110,Keelesdale-Eglinton West (110),D12,623539.866845481,4837625.37386877
1286,81337946,,11/10/2019 5:00:00 AM,1445,OLD WESTON RD,ROGERS RD,40 m South o,Minor Arterial,Etobicoke York,43.681376,-79.467296,At/Near Private Drive,No Control,Clear,Daylight,Dry,Non-Fatal Injury,Turning Movement,Passenger,35 to 39,None,,,,,,,,,,,,,,,Yes,Yes,,,,Yes,,Yes,,,,110,Keelesdale-Eglinton West,110,Keelesdale-Eglinton West (110),D12,623539.866845481,4837625.37386877
1287,81337947,,11/10/2019 5:00:00 AM,1445,OLD WESTON RD,ROGERS RD,40 m South o,Minor Arterial,Etobicoke York,43.681376,-79.467296,At/Near Private Drive,No Control,Clear,Daylight,Dry,Non-Fatal Injury,Turning Movement,Passenger,5 to 9,None,,,,,,,,,,,,,,,Yes,Yes,,,,Yes,,Yes,,,,110,Keelesdale-Eglinton West,110,Keelesdale-Eglinton West (110),D12,623539.866845481,4837625.37386877
1288,81337948,,11/10/2019 5:00:00 AM,1445,OLD WESTON RD,ROGERS RD,40 m South o,Minor Arterial,Etobicoke York,43.681376,-79.467296,At/Near Private Drive,No Control,Clear,Daylight,Dry,Non-Fatal Injury,Turning Movement,Passenger,5 to 9,None,,,,,,,,,,,,,,,Yes,Yes,,,,Yes,,Yes,,,,110,Keelesdale-Eglinton West,110,Keelesdale-Eglinton West (110),D12,623539.866845481,4837625.37386877
1289,81457780,,11/23/2019 5:00:00 AM,1245,KENNEDY RD,BRIGSTOCK RD,8 m South of,Major Arterial,Scarborough,43.761225,-79.279422,At Intersection,No Control,Clear,Daylight,Dry,Non-Fatal Injury,Turning Movement,Driver,65 to 69,None,,South,"Automobile, Station Wagon",Turning Left,Failed to Yield Right of Way,Inattentive,,,,,,,,,Yes,Yes,,,,Yes,,Yes,,,,126,Dorset Park,126,Dorset Park (126),D41,638499.040201589,4846790.77996152
1290,81457781,,11/23/2019 5:00:00 AM,1245,KENNEDY RD,BRIGSTOCK RD,8 m South of,Major Arterial,Scarborough,43.761225,-79.279422,At Intersection,No Control,Clear,Daylight,Dry,Non-Fatal Injury,Turning Movement,Motorcycle Driver,20 to 24,Major,,North,Motorcycle,Going Ahead,Driving Properly,Normal,,,,,,,,,Yes,Yes,,,,Yes,,Yes,,,,126,Dorset Park,126,Dorset Park (126),D41,638499.040201589,4846790.77996152