OBJECTID,INDEX,ACCNUM,DATE,TIME,STREET1,STREET2,OFFSET,ROAD_CLASS,DISTRICT,LATITUDE,LONGITUDE,ACCLOC,TRAFFCTL,VISIBILITY,LIGHT,RDSFCOND,ACCLASS,IMPACTYPE,INVTYPE,INVAGE,INJURY,FATAL_NO,INITDIR,VEHTYPE,MANOEUVER,DRIVACT,DRIVCOND,PEDTYPE,PEDACT,PEDCOND,CYCLISTYPE,CYCACT,CYCCOND,PEDESTRIAN,CYCLIST,AUTOMOBILE,MOTORCYCLE,TRUCK,TRSN_CITY_VEH,EMERG_VEH,PASSENGER,SPEEDING,AG_DRIV,REDLIGHT,ALCOHOL,DISABILITY,HOOD_158,NEIGHBOURHOOD_158,HOOD_140,NEIGHBOURHOOD_140,DIVISION,x,y
1291,81457782,,11/23/2019 5:00:00 AM,1245,KENNEDY RD,BRIGSTOCK RD,8 m South of,Major Arterial,Scarborough,43.761225,-79.279422,At Intersection,No Control,Clear,Daylight,Dry,Non-Fatal Injury,Turning Movement,Passenger,25 to 29,None,,,,,,,,,,,,,,,Yes,Yes,,,,Yes,,Yes,,,,126,Dorset Park,126,Dorset Park (126),D41,638499.040201589,4846790.77996152
1292,81463502,,12/8/2019 5:00:00 AM,1205,DANFORTH AVE,ST DUNSTAN DR,5 m East of,Major Arterial,Scarborough,43.691786,-79.285472,At Intersection,Stop Sign,Clear,Daylight,Dry,Non-Fatal Injury,Turning Movement,Driver,35 to 39,None,,South,"Automobile, Station Wagon",Turning Left,Failed to Yield Right of Way,Inattentive,,,,,,,,,Yes,Yes,,,,,Yes,Yes,,,,121,Oakridge,121,Oakridge (121),D41,638171.604022564,4839068.45566519
1293,81463503,,12/8/2019 5:00:00 AM,1205,DANFORTH AVE,ST DUNSTAN DR,5 m East of,Major Arterial,Scarborough,43.691786,-79.285472,At Intersection,Stop Sign,Clear,Daylight,Dry,Non-Fatal Injury,Turning Movement,Motorcycle Driver,40 to 44,Major,,East,Motorcycle,Going Ahead,Exceeding Speed Limit,Unknown,,,,,,,,,Yes,Yes,,,,,Yes,Yes,,,,121,Oakridge,121,Oakridge (121),D41,638171.604022564,4839068.45566519
1294,81463504,,12/8/2019 5:00:00 AM,1205,DANFORTH AVE,ST DUNSTAN DR,5 m East of,Major Arterial,Scarborough,43.691786,-79.285472,At Intersection,Stop Sign,Clear,Daylight,Dry,Non-Fatal Injury,Turning Movement,Driver,45 to 49,None,,West,"Automobile, Station Wagon",Going Ahead,Driving Properly,Normal,,,,,,,,,Yes,Yes,,,,,Yes,Yes,,,,121,Oakridge,121,Oakridge (121),D41,638171.604022564,4839068.45566519
1295,81333479,488737,3/8/2020 5:00:00 AM,1400,NORTH BONNINGTON AVE,ZENITH DR,,Local,Scarborough,43.712298,-79.264369,Non Intersection,No Control,Clear,Daylight,Wet,Fatal,Other,Motorcycle Driver,20 to 24,Fatal,6,South,Motorcycle,Going Ahead,Lost control,Unknown,,,,,,,,,,Yes,,,,,,,,,,120,Clairlea-Birchmount,120,Clairlea-Birchmount (120),D41,639824.593534563,4841381.98955098
1296,81484404,772626,4/23/2020 4:00:00 AM,1323,YONGE ST,BELSIZE DR,2 m South of,Major Arterial,Toronto and East York,43.700225,-79.396999,Intersection Related,Traffic Signal,Clear,Daylight,Dry,Non-Fatal Injury,Rear End,Driver,75 to 79,None,,South,Passenger Van,Going Ahead,Following too Close,Medical or Physical Disability,,,,,,,,,Yes,Yes,,,,,,Yes,,,Yes,174,South Eglinton-Davisville,104,Mount Pleasant West (104),D53,629165.571600082,4839825.92726114
1297,81484405,772626,4/23/2020 4:00:00 AM,1323,YONGE ST,BELSIZE DR,2 m South of,Major Arterial,Toronto and East York,43.700225,-79.396999,Intersection Related,Traffic Signal,Clear,Daylight,Dry,Non-Fatal Injury,Rear End,Motorcycle Driver,60 to 64,Major,,South,Motorcycle,Slowing or Stopping,Driving Properly,Normal,,,,,,,,,Yes,Yes,,,,,,Yes,,,Yes,174,South Eglinton-Davisville,104,Mount Pleasant West (104),D53,629165.571600082,4839825.92726114
1298,81423910,886175,5/12/2020 4:00:00 AM,2109,TAPSCOTT RD,MELFORD DR,,Minor Arterial,Scarborough,43.807952,-79.234142,At Intersection,No Control,Clear,"Dark, artificial",Dry,Fatal,SMV Other,Motorcycle Driver,30 to 34,Fatal,8,North,Motorcycle,Going Ahead,Lost control,Unknown,,,,,,,,,,Yes,,,,,,,,,,145,Malvern West,132,Malvern (132),D42,642033.214460215,4852057.28100047
1299,81424561,909285,5/16/2020 4:00:00 AM,1752,RATHBURN RD,CENTENNIAL PARK RD,2 m West of,Minor Arterial,Etobicoke York,43.650893,-79.58118,At Intersection,No Control,Clear,Daylight,Dry,Non-Fatal Injury,SMV Other,Motorcycle Driver,20 to 24,Major,,West,Motorcycle,Going Ahead,Lost control,Normal,,,,,,,,,,Yes,,,,,Yes,Yes,,,,11,Eringate-Centennial-West Deane,11,Eringate-Centennial-West Deane (11),D22,614418.351217566,4834076.51514593
1300,81424620,927087,5/19/2020 4:00:00 AM,1952,BURNHAMTHORPE RD,MILL RD,,Major Arterial,Etobicoke York,43.639434,-79.583965,Non Intersection,No Control,Clear,Daylight,Dry,Fatal,SMV Other,Motorcycle Driver,60 to 64,Fatal,10,West,Motorcycle,Going Ahead,Lost control,Unknown,,,,,,,,,,Yes,,,,,,,,,,12,Markland Wood,12,Markland Wood (12),D22,614215.471082073,4832800.01379009
1301,81425257,987519,5/29/2020 4:00:00 AM,44,LAWRENCE AVE E,MARKHAM RD,45 m West of,Major Arterial,Scarborough,43.759413,-79.226726,Non Intersection,No Control,Clear,"Dark, artificial",Dry,Non-Fatal Injury,Turning Movement,Motorcycle Driver,30 to 34,Major,,South,Motorcycle,Going Ahead,Speed too Fast For Condition,Normal,,,,,,,,,Yes,Yes,,,,Yes,Yes,Yes,,,,141,Golfdale-Cedarbrae-Woburn,137,Woburn (137),D43,642745.19868062,4846679.01037268
1302,81425258,987519,5/29/2020 4:00:00 AM,44,LAWRENCE AVE E,MARKHAM RD,45 m West of,Major Arterial,Scarborough,43.759413,-79.226726,Non Intersection,No Control,Clear,"Dark, artificial",Dry,Non-Fatal Injury,Turning Movement,Driver,20 to 24,None,,South,"Automobile, Station Wagon",Turning Left,Failed to Yield Right of Way,Normal,,,,,,,,,Yes,Yes,,,,Yes,Yes,Yes,,,,141,Golfdale-Cedarbrae-Woburn,137,Woburn (137),D43,642745.19868062,4846679.01037268
1303,81425259,987519,5/29/2020 4:00:00 AM,44,LAWRENCE AVE E,MARKHAM RD,45 m West of,Major Arterial,Scarborough,43.759413,-79.226726,Non Intersection,No Control,Clear,"Dark, artificial",Dry,Non-Fatal Injury,Turning Movement,Passenger,20 to 24,None,,,,,,,,,,,,,,,Yes,Yes,,,,Yes,Yes,Yes,,,,141,Golfdale-Cedarbrae-Woburn,137,Woburn (137),D43,642745.19868062,4846679.01037268
1304,81425347,1010606,6/1/2020 4:00:00 AM,1820,BATHURST ST,GLENGROVE AVE,,Major Arterial,North York,43.714133,-79.428554,At Intersection,Stop Sign,Clear,Daylight,Dry,Fatal,Turning Movement,Motorcycle Driver,25 to 29,Fatal,11,South,Motorcycle,Going Ahead,Exceeding Speed Limit,Unknown,,,,,,,,,Yes,Yes,,,,,Yes,Yes,,,,39,Bedford Park-Nortown,39,Bedford Park-Nortown (39),D53,626593.648115795,4841321.92928535
1305,81425352,1010606,6/1/2020 4:00:00 AM,1820,BATHURST ST,GLENGROVE AVE,,Major Arterial,North York,43.714133,-79.428554,At Intersection,Stop Sign,Clear,Daylight,Dry,Fatal,Turning Movement,Driver,15 to 19,None,,East,"Automobile, Station Wagon",Turning Left,Driving Properly,Normal,,,,,,,,,Yes,Yes,,,,,Yes,Yes,,,,39,Bedford Park-Nortown,39,Bedford Park-Nortown (39),D53,626593.648115795,4841321.92928535
1306,81584265,1016316,6/2/2020 4:00:00 AM,1555,LAKE SHORE BLVD W,LOWER SIMCOE ST,,Major Arterial,Toronto and East York,43.640269,-79.383151,At Intersection,Traffic Signal,Clear,Daylight,Dry,Non-Fatal Injury,Angle,Motorcycle Driver,30 to 34,Major,,East,Motorcycle,Going Ahead,Disobeyed Traffic Control,Inattentive,,,,,,,,,Yes,Yes,,,,,Yes,Yes,Yes,,,165,Harbourfront-CityPlace,77,Waterfront Communities-The Island (77),D52,630411.205835523,4833188.67339812
1307,81584266,1016316,6/2/2020 4:00:00 AM,1555,LAKE SHORE BLVD W,LOWER SIMCOE ST,,Major Arterial,Toronto and East York,43.640269,-79.383151,At Intersection,Traffic Signal,Clear,Daylight,Dry,Non-Fatal Injury,Angle,Driver,25 to 29,None,,North,"Automobile, Station Wagon",Going Ahead,Driving Properly,Normal,,,,,,,,,Yes,Yes,,,,,Yes,Yes,Yes,,,165,Harbourfront-CityPlace,77,Waterfront Communities-The Island (77),D52,630411.205835523,4833188.67339812
1308,81514842,1052462,6/8/2020 4:00:00 AM,830,LAWRENCE AVE W,RENFIELD ST,,Major Arterial,Etobicoke York,43.703829,-79.498767,At Intersection,Stop Sign,Clear,Daylight,Dry,Non-Fatal Injury,Turning Movement,Driver,45 to 49,Minimal,,North,"Automobile, Station Wagon",Turning Right,Failed to Yield Right of Way,Normal,,,,,,,,,Yes,Yes,,,,,Yes,Yes,,,,30,Brookhaven-Amesbury,30,Brookhaven-Amesbury (30),D12,620958.056231493,4840072.6890952
1309,81514843,1052462,6/8/2020 4:00:00 AM,830,LAWRENCE AVE W,RENFIELD ST,,Major Arterial,Etobicoke York,43.703829,-79.498767,At Intersection,Stop Sign,Clear,Daylight,Dry,Non-Fatal Injury,Turning Movement,Motorcycle Driver,25 to 29,Major,,East,Motorcycle,Going Ahead,Exceeding Speed Limit,Normal,,,,,,,,,Yes,Yes,,,,,Yes,Yes,,,,30,Brookhaven-Amesbury,30,Brookhaven-Amesbury (30),D12,620958.056231493,4840072.6890952
1310,81509992,1064375,6/9/2020 4:00:00 AM,2201,DANFORTH AV,BARRINGTON AV,27 m West of,Major Arterial,North York,43.688254,-79.301006,Non Intersection,No Control,Clear,Dark,Dry,Non-Fatal Injury,Rear End,Motorcycle Driver,35 to 39,Major,,West,Motorcycle,Going Ahead,Lost control,Inattentive,,,,,,,,,Yes,Yes,,,,,,,,,,62,East End-Danforth,62,East End-Danforth (62),D55,636927.761698195,4838650.4094971
1311,81509993,1064375,6/9/2020 4:00:00 AM,2201,DANFORTH AV,BARRINGTON AV,27 m West of,Major Arterial,North York,43.688254,-79.301006,Non Intersection,No Control,Clear,Dark,Dry,Non-Fatal Injury,Rear End,Driver,25 to 29,Minimal,,West,"Automobile, Station Wagon",Stopped,Driving Properly,Normal,,,,,,,,,Yes,Yes,,,,,,,,,,62,East End-Danforth,62,East End-Danforth (62),D55,636927.761698195,4838650.4094971
1312,81509994,1064375,6/9/2020 4:00:00 AM,2201,DANFORTH AV,BARRINGTON AV,27 m West of,Major Arterial,North York,43.688254,-79.301006,Non Intersection,No Control,Clear,Dark,Dry,Non-Fatal Injury,Rear End,Driver,unknown,None,,Unknown,"Automobile, Station Wagon",Parked,,Unknown,,,,,,,,,Yes,Yes,,,,,,,,,,62,East End-Danforth,62,East End-Danforth (62),D55,636927.761698195,4838650.4094971
1313,81509995,1064375,6/9/2020 4:00:00 AM,2201,DANFORTH AV,BARRINGTON AV,27 m West of,Major Arterial,North York,43.688254,-79.301006,Non Intersection,No Control,Clear,Dark,Dry,Non-Fatal Injury,Rear End,Other,30 to 34,Minimal,,,,,,,,,,,,,,,Yes,Yes,,,,,,,,,,62,East End-Danforth,62,East End-Danforth (62),D55,636927.761698195,4838650.4094971
1314,81075007,1064422,6/9/2020 4:00:00 AM,2211,BRIMLEY RD,COMRIE TER,,Minor Arterial,Scarborough,43.726,-79.243617,At Intersection,No Control,Clear,"Dark, artificial",Dry,Fatal,Turning Movement,Motorcycle Driver,20 to 24,Minor,,South,Motorcycle,Going Ahead,Exceeding Speed Limit,Unknown,,,,,,,,,Yes,Yes,,,,Yes,Yes,Yes,,,,123,Cliffcrest,123,Cliffcrest (123),D41,641464.169647646,4842939.01516159
1315,81425350,1064422,6/9/2020 4:00:00 AM,2211,BRIMLEY RD,COMRIE TER,,Minor Arterial,Scarborough,43.726,-79.243617,At Intersection,No Control,Clear,"Dark, artificial",Dry,Fatal,Turning Movement,Motorcycle Passenger,20 to 24,Fatal,14,,,,,,,,,,,,,,Yes,Yes,,,,Yes,Yes,Yes,,,,123,Cliffcrest,123,Cliffcrest (123),D41,641464.169647646,4842939.01516159
1316,81427268,1064422,6/9/2020 4:00:00 AM,2211,BRIMLEY RD,COMRIE TER,,Minor Arterial,Scarborough,43.726,-79.243617,At Intersection,No Control,Clear,"Dark, artificial",Dry,Fatal,Turning Movement,Driver,20 to 24,None,,North,Pick Up Truck,Turning Left,Driving Properly,Unknown,,,,,,,,,Yes,Yes,,,,Yes,Yes,Yes,,,,123,Cliffcrest,123,Cliffcrest (123),D41,641464.169647646,4842939.01516159
1317,81505450,1184122,6/27/2020 4:00:00 AM,1502,DANFORTH RD,TRUDELLE ST,4 m West of,Major Arterial,Scarborough,43.739848,-79.245494,At Intersection,Traffic Signal,Clear,Daylight,Dry,Non-Fatal Injury,Turning Movement,Motorcycle Driver,35 to 39,Major,,North,Motorcycle,Going Ahead,Disobeyed Traffic Control,Unknown,,,,,,,,,Yes,Yes,,,,,,Yes,Yes,,,138,Eglinton East,138,Eglinton East (138),D43,641280.420307093,4844473.83998314
1318,81505451,1184122,6/27/2020 4:00:00 AM,1502,DANFORTH RD,TRUDELLE ST,4 m West of,Major Arterial,Scarborough,43.739848,-79.245494,At Intersection,Traffic Signal,Clear,Daylight,Dry,Non-Fatal Injury,Turning Movement,Driver,50 to 54,None,,West,"Automobile, Station Wagon",Turning Left,Driving Properly,Normal,,,,,,,,,Yes,Yes,,,,,,Yes,Yes,,,138,Eglinton East,138,Eglinton East (138),D43,641280.420307093,4844473.83998314
1319,81486564,1227964,7/3/2020 4:00:00 AM,1703,BROADVIEW AVE,HILLSIDE DR,,Minor Arterial,Toronto and East York,43.685908,-79.356258,At Intersection,Traffic Signal,Clear,Daylight,Dry,Non-Fatal Injury,Turning Movement,Driver,25 to 29,None,,South,"Automobile, Station Wagon",Turning Left,Failed to Yield Right of Way,Normal,,,,,,,,,Yes,Yes,,,,Yes,,Yes,,,,57,Broadview North,57,Broadview North (57),D55,632479.928804395,4838300.10336218
1320,81486565,1227964,7/3/2020 4:00:00 AM,1703,BROADVIEW AVE,HILLSIDE DR,,Minor Arterial,Toronto and East York,43.685908,-79.356258,At Intersection,Traffic Signal,Clear,Daylight,Dry,Non-Fatal Injury,Turning Movement,Motorcycle Driver,20 to 24,Major,,North,Motorcycle,Going Ahead,Driving Properly,Normal,,,,,,,,,Yes,Yes,,,,Yes,,Yes,,,,57,Broadview North,57,Broadview North (57),D55,632479.928804395,4838300.10336218
1321,81486566,1227964,7/3/2020 4:00:00 AM,1703,BROADVIEW AVE,HILLSIDE DR,,Minor Arterial,Toronto and East York,43.685908,-79.356258,At Intersection,Traffic Signal,Clear,Daylight,Dry,Non-Fatal Injury,Turning Movement,Passenger,25 to 29,None,,,,,,,,,,,,,,,Yes,Yes,,,,Yes,,Yes,,,,57,Broadview North,57,Broadview North (57),D55,632479.928804395,4838300.10336218
1322,81486567,1227964,7/3/2020 4:00:00 AM,1703,BROADVIEW AVE,HILLSIDE DR,,Minor Arterial,Toronto and East York,43.685908,-79.356258,At Intersection,Traffic Signal,Clear,Daylight,Dry,Non-Fatal Injury,Turning Movement,Passenger,5 to 9,None,,,,,,,,,,,,,,,Yes,Yes,,,,Yes,,Yes,,,,57,Broadview North,57,Broadview North (57),D55,632479.928804395,4838300.10336218
1323,81504887,1228966,7/3/2020 4:00:00 AM,1920,ORMONT DR,WESTON RD,,Major Arterial,Etobicoke York,43.764804,-79.545314,At Intersection,Traffic Signal,Clear,Daylight,Dry,Non-Fatal Injury,Angle,Driver,35 to 39,Minimal,,West,"Automobile, Station Wagon",Going Ahead,Driving Properly,Normal,,,,,,,,,Yes,Yes,,,,,Yes,Yes,Yes,,,21,Humber Summit,21,Humber Summit (21),D31,617088.731204108,4846777.97293339
1324,81504888,1228966,7/3/2020 4:00:00 AM,1920,ORMONT DR,WESTON RD,,Major Arterial,Etobicoke York,43.764804,-79.545314,At Intersection,Traffic Signal,Clear,Daylight,Dry,Non-Fatal Injury,Angle,Motorcycle Driver,25 to 29,Major,,North,Motorcycle,Going Ahead,Disobeyed Traffic Control,Inattentive,,,,,,,,,Yes,Yes,,,,,Yes,Yes,Yes,,,21,Humber Summit,21,Humber Summit (21),D31,617088.731204108,4846777.97293339
1325,81514207,1302166,7/14/2020 4:00:00 AM,135,SOUTH KINGSWAY,QUEENSWAY S KINGSWAY RAMP,2 m South of,Minor Arterial,Toronto and East York,43.636096,-79.474475,Non Intersection,No Control,Clear,Dark,Dry,Non-Fatal Injury,Angle,Motorcycle Driver,30 to 34,Major,,West,Motorcycle,Going Ahead,Exceeding Speed Limit,Had Been Drinking,,,,,,,,,Yes,Yes,,,,,Yes,Yes,,,,87,High Park-Swansea,87,High Park-Swansea (87),D11,623053.675511228,4832585.77173701
1326,81514208,1302166,7/14/2020 4:00:00 AM,135,SOUTH KINGSWAY,QUEENSWAY S KINGSWAY RAMP,2 m South of,Minor Arterial,Toronto and East York,43.636096,-79.474475,Non Intersection,No Control,Clear,Dark,Dry,Non-Fatal Injury,Angle,Driver,unknown,None,,North,"Automobile, Station Wagon",Unknown,Driving Properly,Unknown,,,,,,,,,Yes,Yes,,,,,Yes,Yes,,,,87,High Park-Swansea,87,High Park-Swansea (87),D11,623053.675511228,4832585.77173701
1327,81509607,1331742,7/18/2020 4:00:00 AM,218,RIVERWOOD PKWY,HUMBER VALLEY RD,44 m West of,Local,Etobicoke York,43.640029,-79.490817,Non Intersection,No Control,Clear,"Dark, artificial",Dry,Non-Fatal Injury,SMV Other,Motorcycle Driver,25 to 29,Major,,West,Motorcycle,Going Ahead,Lost control,Normal,,,,,,,,,,Yes,,,,,,,,,,16,Stonegate-Queensway,16,Stonegate-Queensway (16),D22,621727.524319253,4832998.48488166
1328,81510432,1378008,7/24/2020 4:00:00 AM,1554,KINGSTON  RD,LAKEHURST DR,3 m West of,Major Arterial,Scarborough,43.696303,-79.2579,Intersection Related,No Control,Clear,Daylight,Dry,Non-Fatal Injury,Pedestrian Collisions,Motorcycle Driver,45 to 49,Major,,East,Motorcycle,Going Ahead,Following too Close,Inattentive,,,,,,,Yes,,Yes,Yes,,,,,,Yes,,,,122,Birchcliffe-Cliffside,122,Birchcliffe-Cliffside (122),D41,640383.082610232,4839616.44748127
1329,81510433,1378008,7/24/2020 4:00:00 AM,1554,KINGSTON  RD,LAKEHURST DR,3 m West of,Major Arterial,Scarborough,43.696303,-79.2579,Intersection Related,No Control,Clear,Daylight,Dry,Non-Fatal Injury,Pedestrian Collisions,Driver,30 to 34,None,,East,Pick Up Truck,Slowing or Stopping,Driving Properly,Normal,,,,,,,Yes,,Yes,Yes,,,,,,Yes,,,,122,Birchcliffe-Cliffside,122,Birchcliffe-Cliffside (122),D41,640383.082610232,4839616.44748127
1330,81510434,1378008,7/24/2020 4:00:00 AM,1554,KINGSTON  RD,LAKEHURST DR,3 m West of,Major Arterial,Scarborough,43.696303,-79.2579,Intersection Related,No Control,Clear,Daylight,Dry,Non-Fatal Injury,Pedestrian Collisions,Driver,60 to 64,None,,East,"Automobile, Station Wagon",Slowing or Stopping,Driving Properly,Normal,,,,,,,Yes,,Yes,Yes,,,,,,Yes,,,,122,Birchcliffe-Cliffside,122,Birchcliffe-Cliffside (122),D41,640383.082610232,4839616.44748127
1331,81510435,1378008,7/24/2020 4:00:00 AM,1554,KINGSTON  RD,LAKEHURST DR,3 m West of,Major Arterial,Scarborough,43.696303,-79.2579,Intersection Related,No Control,Clear,Daylight,Dry,Non-Fatal Injury,Pedestrian Collisions,Driver,25 to 29,None,,East,"Automobile, Station Wagon",Stopped,Driving Properly,Normal,,,,,,,Yes,,Yes,Yes,,,,,,Yes,,,,122,Birchcliffe-Cliffside,122,Birchcliffe-Cliffside (122),D41,640383.082610232,4839616.44748127
1332,81510436,1378008,7/24/2020 4:00:00 AM,1554,KINGSTON  RD,LAKEHURST DR,3 m West of,Major Arterial,Scarborough,43.696303,-79.2579,Intersection Related,No Control,Clear,Daylight,Dry,Non-Fatal Injury,Pedestrian Collisions,Pedestrian,45 to 49,None,,Unknown,,,,,Vehicle is going straight thru inter.while ped cross with ROW,Other,Normal,,,,Yes,,Yes,Yes,,,,,,Yes,,,,122,Birchcliffe-Cliffside,122,Birchcliffe-Cliffside (122),D41,640383.082610232,4839616.44748127
1333,81510755,1378850,7/24/2020 4:00:00 AM,1752,BRIMLEY RD,MINERVA AVE,,Minor Arterial,Scarborough,43.722533,-79.242137,At Intersection,Stop Sign,Clear,Daylight,Dry,Non-Fatal Injury,Angle,Driver,60 to 64,None,,East,Pick Up Truck,Going Ahead,Failed to Yield Right of Way,Normal,,,,,,,,,Yes,Yes,,,,,,Yes,,,,123,Cliffcrest,123,Cliffcrest (123),D43,641591.542784719,4842556.481142
1334,81510756,1378850,7/24/2020 4:00:00 AM,1752,BRIMLEY RD,MINERVA AVE,,Minor Arterial,Scarborough,43.722533,-79.242137,At Intersection,Stop Sign,Clear,Daylight,Dry,Non-Fatal Injury,Angle,Motorcycle Driver,30 to 34,Major,,South,Motorcycle,Going Ahead,Driving Properly,Unknown,,,,,,,,,Yes,Yes,,,,,,Yes,,,,123,Cliffcrest,123,Cliffcrest (123),D43,641591.542784719,4842556.481142
1335,81516047,1421797,7/30/2020 4:00:00 AM,1950,ISLINGTON AVE,BLOOR ST W,,Major Arterial,Etobicoke York,43.644576,-79.523395,At Intersection,Traffic Signal,Clear,Daylight,Dry,Non-Fatal Injury,Turning Movement,Driver,45 to 49,None,,North,"Automobile, Station Wagon",Turning Left,Failed to Yield Right of Way,Inattentive,,,,,,,,,Yes,Yes,,,,,,Yes,,,,16,Stonegate-Queensway,16,Stonegate-Queensway (16),D22,619090.844910482,4833456.2250549
1336,81516048,1421797,7/30/2020 4:00:00 AM,1950,ISLINGTON AVE,BLOOR ST W,,Major Arterial,Etobicoke York,43.644576,-79.523395,At Intersection,Traffic Signal,Clear,Daylight,Dry,Non-Fatal Injury,Turning Movement,Motorcycle Driver,25 to 29,Major,,South,Motorcycle,Going Ahead,Driving Properly,Normal,,,,,,,,,Yes,Yes,,,,,,Yes,,,,16,Stonegate-Queensway,16,Stonegate-Queensway (16),D22,619090.844910482,4833456.2250549
1337,81510980,1472371,8/7/2020 4:00:00 AM,700,HORNER AVE,ALDERBRAE AVE,,Minor Arterial,Etobicoke York,43.602622,-79.540775,At Intersection,Stop Sign,Clear,Daylight,Dry,Non-Fatal Injury,Turning Movement,Driver,55 to 59,None,,South,"Automobile, Station Wagon",Turning Left,Failed to Yield Right of Way,Normal,,,,,,,,,Yes,Yes,,,,,,Yes,,,,20,Alderwood,20,Alderwood (20),D22,617770.995265463,4828771.92888399
1338,81510981,1472371,8/7/2020 4:00:00 AM,700,HORNER AVE,ALDERBRAE AVE,,Minor Arterial,Etobicoke York,43.602622,-79.540775,At Intersection,Stop Sign,Clear,Daylight,Dry,Non-Fatal Injury,Turning Movement,Motorcycle Driver,30 to 34,Major,,West,Motorcycle,Going Ahead,Driving Properly,Normal,,,,,,,,,Yes,Yes,,,,,,Yes,,,,20,Alderwood,20,Alderwood (20),D22,617770.995265463,4828771.92888399
1339,81511551,1491395,8/9/2020 4:00:00 AM,2239,GOLDSMITH AVE,CHRYSLER CRES,40 m East of,Local,Etobicoke York,43.743945,-79.305675,Non Intersection,No Control,Clear,Dark,Dry,Non-Fatal Injury,SMV Unattended Vehicle,Motorcycle Driver,40 to 44,Major,,East,Motorcycle,Going Ahead,Lost control,Unknown,,,,,,,,,,Yes,,,,,Yes,Yes,,,,119,Wexford/Maryvale,119,Wexford/Maryvale (119),D41,636425.024134518,4844828.00306985
1340,81509486,1533233,8/15/2020 4:00:00 AM,1835,THE WESTWAY,SANDWELL DR,21 m West of,Minor Arterial,Etobicoke York,43.683776,-79.564822,Intersection Related,No Control,Clear,Daylight,Dry,Non-Fatal Injury,Turning Movement,Driver,65 to 69,None,,North,Pick Up Truck,Turning Right,Improper Turn,Inattentive,,,,,,,,,Yes,Yes,,,,,,Yes,,,,7,Willowridge-Martingrove-Richview,7,Willowridge-Martingrove-Richview (7),D23,615674.347419601,4837751.28198484
1341,81509487,1533233,8/15/2020 4:00:00 AM,1835,THE WESTWAY,SANDWELL DR,21 m West of,Minor Arterial,Etobicoke York,43.683776,-79.564822,Intersection Related,No Control,Clear,Daylight,Dry,Non-Fatal Injury,Turning Movement,Motorcycle Driver,25 to 29,Major,,East,Motorcycle,Going Ahead,Driving Properly,Normal,,,,,,,,,Yes,Yes,,,,,,Yes,,,,7,Willowridge-Martingrove-Richview,7,Willowridge-Martingrove-Richview (7),D23,615674.347419601,4837751.28198484
1342,81508256,1535541,8/16/2020 4:00:00 AM,145,YONGE ST,GERRARD ST E,25 m East of,Major Arterial,Toronto and East York,43.659022,-79.382076,Intersection Related,No Control,Clear,"Dark, artificial",Dry,Non-Fatal Injury,SMV Other,Motorcycle Driver,30 to 34,Major,,North,Motorcycle,Unknown,Lost control,Normal,,,,,,,,,,Yes,,,,Yes,,,,,,168,Downtown Yonge East,75,Church-Yonge Corridor (75),D51,630457.307179503,4835273.12937902
1343,81508257,1535541,8/16/2020 4:00:00 AM,145,YONGE ST,GERRARD ST E,25 m East of,Major Arterial,Toronto and East York,43.659022,-79.382076,Intersection Related,No Control,Clear,"Dark, artificial",Dry,Non-Fatal Injury,SMV Other,Motorcycle Passenger,30 to 34,Major,,,,,,,,,,,,,,,,Yes,,,,Yes,,,,,,168,Downtown Yonge East,75,Church-Yonge Corridor (75),D51,630457.307179503,4835273.12937902
1344,81508025,1548237,8/17/2020 4:00:00 AM,2335,455 FINCHDENE SQ,,16 m West of,Local,Scarborough,43.816489,-79.236324,Non Intersection,No Control,Clear,Dark,Dry,Non-Fatal Injury,SMV Other,Motorcycle Driver,35 to 39,Major,,South,Motorcycle,Going Ahead,Lost control,Unknown,,,,,,,,,,Yes,,,,,,,,,,144,Morningside Heights,131,Rouge (131),D42,641837.495467961,4853001.71136769
1345,81509003,1554066,8/18/2020 4:00:00 AM,1925,KENNEDY RD,FLORA DR,50 m South o,Major Arterial,Scarborough,43.747805,-79.274371,At/Near Private Drive,No Control,Clear,Daylight,Dry,Non-Fatal Injury,Turning Movement,Driver,60 to 64,None,,East,"Automobile, Station Wagon",Turning Right,Failed to Yield Right of Way,Inattentive,,,,,,,,,Yes,Yes,,Yes,,,,Yes,,,,126,Dorset Park,126,Dorset Park (126),D41,638936.682731779,4845308.74407322
1346,81509004,1554066,8/18/2020 4:00:00 AM,1925,KENNEDY RD,FLORA DR,50 m South o,Major Arterial,Scarborough,43.747805,-79.274371,At/Near Private Drive,No Control,Clear,Daylight,Dry,Non-Fatal Injury,Turning Movement,Motorcycle Driver,55 to 59,Major,,South,Motorcycle,Going Ahead,Driving Properly,Normal,,,,,,,,,Yes,Yes,,Yes,,,,Yes,,,,126,Dorset Park,126,Dorset Park (126),D41,638936.682731779,4845308.74407322