OBJECTID,INDEX,ACCNUM,DATE,TIME,STREET1,STREET2,OFFSET,ROAD_CLASS,DISTRICT,LATITUDE,LONGITUDE,ACCLOC,TRAFFCTL,VISIBILITY,LIGHT,RDSFCOND,ACCLASS,IMPACTYPE,INVTYPE,INVAGE,INJURY,FATAL_NO,INITDIR,VEHTYPE,MANOEUVER,DRIVACT,DRIVCOND,PEDTYPE,PEDACT,PEDCOND,CYCLISTYPE,CYCACT,CYCCOND,PEDESTRIAN,CYCLIST,AUTOMOBILE,MOTORCYCLE,TRUCK,TRSN_CITY_VEH,EMERG_VEH,PASSENGER,SPEEDING,AG_DRIV,REDLIGHT,ALCOHOL,DISABILITY,HOOD_158,NEIGHBOURHOOD_158,HOOD_140,NEIGHBOURHOOD_140,DIVISION,x,y
1347,81509005,1554066,8/18/2020 4:00:00 AM,1925,KENNEDY RD,FLORA DR,50 m South o,Major Arterial,Scarborough,43.747805,-79.274371,At/Near Private Drive,No Control,Clear,Daylight,Dry,Non-Fatal Injury,Turning Movement,Driver,35 to 39,None,,North,Municipal Transit Bus (TTC),Going Ahead,Driving Properly,Normal,,,,,,,,,Yes,Yes,,Yes,,,,Yes,,,,126,Dorset Park,126,Dorset Park (126),D41,638936.682731779,4845308.74407322
1348,81504838,1558610,8/19/2020 4:00:00 AM,1244,JARVIS ST,SHUTER ST,,Major Arterial,Toronto and East York,43.655287,-79.373874,At Intersection,Traffic Signal,Clear,Daylight,Dry,Non-Fatal Injury,Turning Movement,Motorcycle Driver,30 to 34,Major,,South,Motorcycle,Going Ahead,Exceeding Speed Limit,Inattentive,,,,,,,,,,Yes,Yes,,,,Yes,Yes,,,,73,Moss Park,73,Moss Park (73),D51,631126.791917287,4834871.2371006
1349,81504839,1558610,8/19/2020 4:00:00 AM,1244,JARVIS ST,SHUTER ST,,Major Arterial,Toronto and East York,43.655287,-79.373874,At Intersection,Traffic Signal,Clear,Daylight,Dry,Non-Fatal Injury,Turning Movement,Truck Driver,60 to 64,None,,North,"Truck - Closed (Blazer, etc)",Turning Left,Driving Properly,Normal,,,,,,,,,,Yes,Yes,,,,Yes,Yes,,,,73,Moss Park,73,Moss Park (73),D51,631126.791917287,4834871.2371006
1350,81542565,1573372,8/21/2020 4:00:00 AM,1417,JARVIS ST,DUNDAS ST E,50 m North o,Major Arterial,Toronto and East York,43.657691,-79.374805,Non Intersection,No Control,Clear,Daylight,Dry,Non-Fatal Injury,Angle,Driver,25 to 29,None,,West,"Automobile, Station Wagon",Merging,Failed to Yield Right of Way,Normal,,,,,,,,,Yes,Yes,,,,,,Yes,,,,73,Moss Park,73,Moss Park (73),D51,631046.488034097,4835136.76230041
1351,81542566,1573372,8/21/2020 4:00:00 AM,1417,JARVIS ST,DUNDAS ST E,50 m North o,Major Arterial,Toronto and East York,43.657691,-79.374805,Non Intersection,No Control,Clear,Daylight,Dry,Non-Fatal Injury,Angle,Motorcycle Driver,60 to 64,Major,,North,Motorcycle,Going Ahead,Driving Properly,Normal,,,,,,,,,Yes,Yes,,,,,,Yes,,,,73,Moss Park,73,Moss Park (73),D51,631046.488034097,4835136.76230041
1352,81509540,1604895,8/25/2020 4:00:00 AM,2148,F G GARDINER XY  E,LAKE SHORE BLVD E,65 m West of,Expressway,Toronto and East York,43.653227,-79.341464,Non Intersection,No Control,Clear,"Dark, artificial",Dry,Non-Fatal Injury,Rear End,Motorcycle Driver,40 to 44,Major,,East,Motorcycle,Going Ahead,Speed too Fast For Condition,Inattentive,,,,,,,,,Yes,Yes,,,,,Yes,Yes,,,,70,South Riverdale,70,South Riverdale (70),D55,633744.856484732,4834694.17492554
1353,81509541,1604895,8/25/2020 4:00:00 AM,2148,F G GARDINER XY  E,LAKE SHORE BLVD E,65 m West of,Expressway,Toronto and East York,43.653227,-79.341464,Non Intersection,No Control,Clear,"Dark, artificial",Dry,Non-Fatal Injury,Rear End,Driver,30 to 34,None,,East,"Automobile, Station Wagon",Stopped,Driving Properly,Normal,,,,,,,,,Yes,Yes,,,,,Yes,Yes,,,,70,South Riverdale,70,South Riverdale (70),D55,633744.856484732,4834694.17492554
1354,81506508,1630486,8/29/2020 4:00:00 AM,1419,YONGE ST,FLORENCE AVE,,Major Arterial,North York,43.758155,-79.410083,At Intersection,Traffic Signal,Clear,Daylight,Dry,Non-Fatal Injury,Turning Movement,Driver,75 to 79,None,,North,"Automobile, Station Wagon",Turning Left,Failed to Yield Right of Way,Normal,,,,,,,,,Yes,Yes,,,,,,Yes,,,,153,Avondale,51,Willowdale East (51),D32,627987.841125372,4846239.59072073
1355,81506509,1630486,8/29/2020 4:00:00 AM,1419,YONGE ST,FLORENCE AVE,,Major Arterial,North York,43.758155,-79.410083,At Intersection,Traffic Signal,Clear,Daylight,Dry,Non-Fatal Injury,Turning Movement,Motorcycle Driver,25 to 29,Major,,South,Motorcycle,Going Ahead,Driving Properly,Normal,,,,,,,,,Yes,Yes,,,,,,Yes,,,,153,Avondale,51,Willowdale East (51),D32,627987.841125372,4846239.59072073
1356,81431977,1670162,9/4/2020 4:00:00 AM,431,DUNDAS ST W,NOTTINGHAM DR,,Major Arterial,Etobicoke York,43.655867,-79.522228,Non Intersection,No Control,Clear,"Dark, artificial",Dry,Fatal,SMV Other,Motorcycle Driver,30 to 34,Fatal,21,West,Motorcycle,Going Ahead,Lost control,Unknown,,,,,,,,,,Yes,,,,,,,,,,15,Kingsway South,15,Kingsway South (15),D22,619162.636229136,4834711.90980365
1357,81431978,1670162,9/4/2020 4:00:00 AM,431,DUNDAS ST W,NOTTINGHAM DR,,Major Arterial,Etobicoke York,43.655867,-79.522228,Non Intersection,No Control,Clear,"Dark, artificial",Dry,Fatal,SMV Other,,unknown,,,,,,,,,,,,,,,,,Yes,,,,,,,,,,15,Kingsway South,15,Kingsway South (15),D22,619162.636229136,4834711.90980365
1358,81432060,1673785,9/4/2020 4:00:00 AM,1543,BIRCHMOUNT RD,CASS AVE,,Major Arterial,Scarborough,43.77888,-79.297031,At Intersection,No Control,Clear,Daylight,Dry,Fatal,Turning Movement,Driver,25 to 29,Minor,,North,"Automobile, Station Wagon",Turning Left,Failed to Yield Right of Way,Inattentive,,,,,,,,,Yes,Yes,,,,,Yes,Yes,,,,118,Tam O'Shanter-Sullivan,118,Tam O'Shanter-Sullivan (118),D42,637041.247586785,4848722.3418328
1359,81432063,1673785,9/4/2020 4:00:00 AM,1543,BIRCHMOUNT RD,CASS AVE,,Major Arterial,Scarborough,43.77888,-79.297031,At Intersection,No Control,Clear,Daylight,Dry,Fatal,Turning Movement,Motorcycle Driver,30 to 34,Fatal,23,South,Motorcycle,Going Ahead,Exceeding Speed Limit,Normal,,,,,,,,,Yes,Yes,,,,,Yes,Yes,,,,118,Tam O'Shanter-Sullivan,118,Tam O'Shanter-Sullivan (118),D42,637041.247586785,4848722.3418328
1360,81504587,1676151,9/4/2020 4:00:00 AM,2146,AVENUE RD,BLOOR ST W,,Major Arterial,Toronto and East York,43.668646,-79.394099,At Intersection,Traffic Signal,Clear,Dark,Dry,Non-Fatal Injury,Turning Movement,Driver,25 to 29,Major,,South,"Automobile, Station Wagon",Turning Left,Improper Turn,Normal,,,,,,,,,Yes,Yes,,,,,Yes,Yes,,,,169,Bay-Cloverhill,76,Bay Street Corridor (76),D52,629467.162513043,4836323.16892394
1361,81504588,1676151,9/4/2020 4:00:00 AM,2146,AVENUE RD,BLOOR ST W,,Major Arterial,Toronto and East York,43.668646,-79.394099,At Intersection,Traffic Signal,Clear,Dark,Dry,Non-Fatal Injury,Turning Movement,Motorcycle Driver,30 to 34,None,,North,Motorcycle,Going Ahead,Driving Properly,Normal,,,,,,,,,Yes,Yes,,,,,Yes,Yes,,,,169,Bay-Cloverhill,76,Bay Street Corridor (76),D52,629467.162513043,4836323.16892394
1362,81504686,1685668,9/6/2020 4:00:00 AM,1100,ROGERS RD,BOON AVE,10 m East of,Minor Arterial,Etobicoke York,43.684645,-79.449245,At Intersection,No Control,Clear,Daylight,Dry,Non-Fatal Injury,Rear End,Motorcycle Driver,50 to 54,Major,,West,Motorcycle,Going Ahead,Lost control,Inattentive,,,,,,,,,Yes,Yes,,,,,,,,,,109,Caledonia-Fairbank,109,Caledonia-Fairbank (109),D13,624988.048297749,4838015.486408
1363,81504687,1685668,9/6/2020 4:00:00 AM,1100,ROGERS RD,BOON AVE,10 m East of,Minor Arterial,Etobicoke York,43.684645,-79.449245,At Intersection,No Control,Clear,Daylight,Dry,Non-Fatal Injury,Rear End,Driver,25 to 29,None,,West,"Automobile, Station Wagon",Going Ahead,Driving Properly,Normal,,,,,,,,,Yes,Yes,,,,,,,,,,109,Caledonia-Fairbank,109,Caledonia-Fairbank (109),D13,624988.048297749,4838015.486408
1364,81504491,1690188,9/7/2020 4:00:00 AM,1,KINGSTON RD,BELLAMY RD S,160 m East o,Major Arterial,Scarborough,43.733206,-79.223132,Non Intersection,No Control,Clear,"Dark, artificial",Dry,Non-Fatal Injury,Rear End,Driver,60 to 64,None,,West,"Automobile, Station Wagon",Going Ahead,Other,Unknown,,,,,,,,,Yes,Yes,,,,,,,,,,139,Scarborough Village,139,Scarborough Village (139),D43,643096.948936444,4843774.52459334
1365,81504492,1690188,9/7/2020 4:00:00 AM,1,KINGSTON RD,BELLAMY RD S,160 m East o,Major Arterial,Scarborough,43.733206,-79.223132,Non Intersection,No Control,Clear,"Dark, artificial",Dry,Non-Fatal Injury,Rear End,Motorcycle Driver,50 to 54,Major,,West,Motorcycle,Going Ahead,Other,Unknown,,,,,,,,,Yes,Yes,,,,,,,,,,139,Scarborough Village,139,Scarborough Village (139),D43,643096.948936444,4843774.52459334
1366,81505984,1717092,9/10/2020 4:00:00 AM,2240,BLOOR ST E,CHURCH ST,,Major Arterial,Toronto and East York,43.670973,-79.383121,Intersection Related,Traffic Signal,Clear,"Dark, artificial",Dry,Non-Fatal Injury,SMV Other,Motorcycle Driver,40 to 44,Major,,East,Motorcycle,Going Ahead,Improper Passing,Inattentive,,,,,,,,Yes,,Yes,,,,Yes,Yes,Yes,,,,167,Church-Wellesley,75,Church-Yonge Corridor (75),D51,630347.176769436,4836598.80520565
1367,81505985,1717092,9/10/2020 4:00:00 AM,2240,BLOOR ST E,CHURCH ST,,Major Arterial,Toronto and East York,43.670973,-79.383121,Intersection Related,Traffic Signal,Clear,"Dark, artificial",Dry,Non-Fatal Injury,SMV Other,Moped Passenger,35 to 39,Major,,,,,,,,,,,,,,Yes,,Yes,,,,Yes,Yes,Yes,,,,167,Church-Wellesley,75,Church-Yonge Corridor (75),D51,630347.176769436,4836598.80520565
1368,81505092,1759488,9/16/2020 4:00:00 AM,2230,POTTERY RD,BROADVIEW AVE,332 m West o,Minor Arterial,Toronto and East York,43.686358,-79.358859,Non Intersection,No Control,Clear,"Dark, artificial",Dry,Non-Fatal Injury,SMV Other,Motorcycle Driver,25 to 29,Major,,West,Motorcycle,Going Ahead,Speed too Fast For Condition,Normal,,,,,,,,,,Yes,,,,,Yes,Yes,,,,57,Broadview North,57,Broadview North (57),D55,632269.305885139,4838345.93024443
1369,81432062,1766820,9/17/2020 4:00:00 AM,2240,WARDEN AVE,401 C E WARDEN N RAMP,,Major Arterial,Scarborough,43.769049,-79.303577,At Intersection,Traffic Signal,Clear,"Dark, artificial",Dry,Fatal,Turning Movement,Motorcycle Driver,30 to 34,Fatal,24,North,Motorcycle,Going Ahead,Other,Normal,,,,,,,,,Yes,Yes,,,,,,,,,,119,Wexford/Maryvale,119,Wexford/Maryvale (119),D41,636536.844550088,4847619.64152804
1370,81432065,1766820,9/17/2020 4:00:00 AM,2240,WARDEN AVE,401 C E WARDEN N RAMP,,Major Arterial,Scarborough,43.769049,-79.303577,At Intersection,Traffic Signal,Clear,"Dark, artificial",Dry,Fatal,Turning Movement,Driver,20 to 24,None,,South,"Automobile, Station Wagon",Turning Left,Other,Unknown,,,,,,,,,Yes,Yes,,,,,,,,,,119,Wexford/Maryvale,119,Wexford/Maryvale (119),D41,636536.844550088,4847619.64152804
1371,81504826,1774332,9/18/2020 4:00:00 AM,2310,KENNEDY RD,VILLAGE GREEN  SQ,11 m North o,Major Arterial,Scarborough,43.777182,-79.285518,At Intersection,Traffic Signal,Clear,"Dark, artificial",Dry,Non-Fatal Injury,Turning Movement,Driver,50 to 54,None,,South,"Automobile, Station Wagon",Turning Left,Failed to Yield Right of Way,Normal,,,,,,,,,Yes,Yes,,,,,,Yes,,,,128,Agincourt South-Malvern West,128,Agincourt South-Malvern West (128),D42,637971.636882504,4848552.87489567
1372,81504827,1774332,9/18/2020 4:00:00 AM,2310,KENNEDY RD,VILLAGE GREEN  SQ,11 m North o,Major Arterial,Scarborough,43.777182,-79.285518,At Intersection,Traffic Signal,Clear,"Dark, artificial",Dry,Non-Fatal Injury,Turning Movement,Motorcycle Driver,20 to 24,Major,,North,Motorcycle,Going Ahead,Driving Properly,Normal,,,,,,,,,Yes,Yes,,,,,,Yes,,,,128,Agincourt South-Malvern West,128,Agincourt South-Malvern West (128),D42,637971.636882504,4848552.87489567
1373,81509143,1799525,9/22/2020 4:00:00 AM,1350,WILSON AVE,CLAYSON RD,120 m West o,Major Arterial,Etobicoke York,43.717372,-79.524051,Non Intersection,No Control,Clear,Daylight,Dry,Non-Fatal Injury,Turning Movement,Driver,75 to 79,None,,West,"Automobile, Station Wagon",Turning Left,Failed to Yield Right of Way,Normal,,,,,,,,,Yes,Yes,,,,,,Yes,,,,154,Oakdale-Beverley Heights,26,Downsview-Roding-CFB (26),D31,618894.064987648,4841540.24874555
1374,81509144,1799525,9/22/2020 4:00:00 AM,1350,WILSON AVE,CLAYSON RD,120 m West o,Major Arterial,Etobicoke York,43.717372,-79.524051,Non Intersection,No Control,Clear,Daylight,Dry,Non-Fatal Injury,Turning Movement,Motorcycle Driver,40 to 44,Major,,East,Motorcycle,Going Ahead,Driving Properly,Normal,,,,,,,,,Yes,Yes,,,,,,Yes,,,,154,Oakdale-Beverley Heights,26,Downsview-Roding-CFB (26),D31,618894.064987648,4841540.24874555
1375,81506355,1810261,9/23/2020 4:00:00 AM,2314,DON VALLEY PARKWAY  S,WYNFORD DR,280 m North ,Expressway,North York,43.728041,-79.330615,Non Intersection,No Control,Clear,Dark,Dry,Non-Fatal Injury,SMV Other,Motorcycle Driver,30 to 34,Major,,South,Motorcycle,Going Ahead,Lost control,Inattentive,,,,,,,,,,Yes,,,,,Yes,Yes,,,,42,Banbury-Don Mills,42,Banbury-Don Mills (42),D33,634452.453686092,4843020.85868264
1376,81504329,1832925,9/27/2020 4:00:00 AM,33,DON VALLEY PARKWAY  N,SPANBRIDGE RD,5 m South of,Expressway,North York,43.713195,-79.325092,At Intersection,No Control,Clear,"Dark, artificial",Dry,Non-Fatal Injury,Rear End,Motorcycle Driver,35 to 39,Major,,North,Motorcycle,Going Ahead,Lost control,Inattentive,,,,,,,,,Yes,Yes,,,,,Yes,Yes,,,,44,Flemingdon Park,44,Flemingdon Park (44),D55,634930.604575163,4841380.97101087
1377,81504330,1832925,9/27/2020 4:00:00 AM,33,DON VALLEY PARKWAY  N,SPANBRIDGE RD,5 m South of,Expressway,North York,43.713195,-79.325092,At Intersection,No Control,Clear,"Dark, artificial",Dry,Non-Fatal Injury,Rear End,Driver,40 to 44,None,,North,"Automobile, Station Wagon",Going Ahead,Driving Properly,Normal,,,,,,,,,Yes,Yes,,,,,Yes,Yes,,,,44,Flemingdon Park,44,Flemingdon Park (44),D55,634930.604575163,4841380.97101087
1378,81432341,1915138,10/8/2020 4:00:00 AM,2330,COLLEGE ST,RUSHOLME PARK CRES,,Major Arterial,Toronto and East York,43.652789,-79.430248,Non Intersection,No Control,Clear,"Dark, artificial",Dry,Fatal,SMV Unattended Vehicle,Other,unknown,None,,East,"Automobile, Station Wagon",Parked,,,,,,,,,,,Yes,Yes,,,,,,,,,,84,Little Portugal,84,Little Portugal (84),D14,626586.13410883,4834506.25889114
1379,81432343,1915138,10/8/2020 4:00:00 AM,2330,COLLEGE ST,RUSHOLME PARK CRES,,Major Arterial,Toronto and East York,43.652789,-79.430248,Non Intersection,No Control,Clear,"Dark, artificial",Dry,Fatal,SMV Unattended Vehicle,Motorcycle Driver,35 to 39,Fatal,28,West,Motorcycle,Going Ahead,Lost control,Unknown,,,,,,,,,Yes,Yes,,,,,,,,,,84,Little Portugal,84,Little Portugal (84),D14,626586.13410883,4834506.25889114
1380,81504799,1927144,10/10/2020 4:00:00 AM,1759,JANE ST,GOLDWIN AVE,5 m West of,Major Arterial,Etobicoke York,43.689208,-79.500339,At Intersection,Stop Sign,Clear,Daylight,Dry,Non-Fatal Injury,Turning Movement,Driver,35 to 39,None,,North,Pick Up Truck,Turning Left,Improper Turn,Inattentive,,,,,,,,,Yes,Yes,,,,,,,,,,115,Mount Dennis,115,Mount Dennis (115),D12,620860.764667912,4838446.53515143
1381,81504800,1927144,10/10/2020 4:00:00 AM,1759,JANE ST,GOLDWIN AVE,5 m West of,Major Arterial,Etobicoke York,43.689208,-79.500339,At Intersection,Stop Sign,Clear,Daylight,Dry,Non-Fatal Injury,Turning Movement,Motorcycle Driver,45 to 49,Major,,South,Motorcycle,Going Ahead,Driving Properly,Normal,,,,,,,,,Yes,Yes,,,,,,,,,,115,Mount Dennis,115,Mount Dennis (115),D12,620860.764667912,4838446.53515143
1382,81505326,1934074,10/11/2020 4:00:00 AM,2030,Kingston Road,Glen Everest Road,,Major Arterial,Scarborough,43.697543,-79.256755,At Intersection,Traffic Signal,Clear,"Dusk, artificial",Dry,Non-Fatal Injury,Cyclist Collisions,Cyclist,15 to 19,Major,,North,Bicycle,Going Ahead,,,,,,"Cyclist without ROW rides into path of motorist at inter, lnwy, dwy-Cyclist not turn.",Failed to Yield Right of Way,Inattentive,,Yes,,Yes,,,,,,,,,,122,Birchcliffe-Cliffside,122,Birchcliffe-Cliffside (122),D41,640472.455267982,4839756.10653696
1383,81505327,1934074,10/11/2020 4:00:00 AM,2030,Kingston Road,Glen Everest Road,,Major Arterial,Scarborough,43.697543,-79.256755,At Intersection,Traffic Signal,Clear,"Dusk, artificial",Dry,Non-Fatal Injury,Cyclist Collisions,Motorcycle Driver,30 to 34,Minimal,,West,Motorcycle,Going Ahead,Driving Properly,Normal,,,,,,,,Yes,,Yes,,,,,,,,,,122,Birchcliffe-Cliffside,122,Birchcliffe-Cliffside (122),D41,640472.455267982,4839756.10653696
1384,81509124,1985100,10/19/2020 4:00:00 AM,1641,GERRARD ST E,JONES AVE,60 m East of,Minor Arterial,Toronto and East York,43.669436,-79.334415,Non Intersection,No Control,Rain,"Daylight, artificial",Wet,Non-Fatal Injury,SMV Other,Motorcycle Driver,70 to 74,Major,,West,Motorcycle,Changing Lanes,Lost control,Normal,,,,,,,,,,Yes,,,,,,,,,,70,South Riverdale,70,South Riverdale (70),D55,634277.156252063,4836505.7880034
1385,81487812,2204531,11/20/2020 5:00:00 AM,2345,DON VALLEY PARKWAY  N,EASTERN AVE DIVERSION,666 m South ,Expressway,Toronto and East York,43.653292,-79.348758,Non Intersection,No Control,Clear,"Dark, artificial",Dry,Non-Fatal Injury,SMV Other,Motorcycle Driver,30 to 34,Major,,North,Motorcycle,Changing Lanes,Lost control,Normal,,,,,,,,,,Yes,,,,,,,,,,70,South Riverdale,70,South Riverdale (70),D55,633156.515808815,4834689.66336768
1386,81542562,1000521213,3/21/2021 4:00:00 AM,1515,ORIOLE PKWY,WILBERTON RD,10 m South o,Major Arterial,Toronto and East York,43.694503,-79.402149,Intersection Related,No Control,Clear,Daylight,Dry,Non-Fatal Injury,SMV Other,Motorcycle Driver,50 to 54,Major,,North,Motorcycle,Slowing or Stopping,Lost control,Normal,,,,,,,,,,Yes,,,,,,Yes,,,,97,Yonge-St.Clair,97,Yonge-St.Clair (97),D53,628762.841179096,4839182.40914542
1387,81579308,1000599778,4/1/2021 4:00:00 AM,1902,QUEENS QUAY E,SMALL ST,20 m South o,Minor Arterial,Toronto and East York,43.646342,-79.361942,Intersection Related,No Control,Clear,Daylight,Dry,Non-Fatal Injury,SMV Other,Motorcycle Driver,45 to 49,Major,,East,Motorcycle,Going Ahead,Lost control,Unknown,,,,,,,,,,Yes,,,,,,,,,,166,St Lawrence-East Bayfront-The Islands,77,Waterfront Communities-The Island (77),D51,632108.579963129,4833896.70234391
1388,81546072,1000617527,4/4/2021 4:00:00 AM,1719,WILSON  AVE,YONGE BLVD,,Major Arterial,North York,43.741217,-79.415187,At Intersection,Traffic Signal,Clear,Daylight,Dry,Non-Fatal Injury,Angle,Passenger,50 to 54,None,,,,,,,,,,,,,,,Yes,Yes,,,,Yes,,Yes,Yes,,,39,Bedford Park-Nortown,39,Bedford Park-Nortown (39),D32,627612.958643231,4844350.50005885
1389,81546073,1000617527,4/4/2021 4:00:00 AM,1719,WILSON  AVE,YONGE BLVD,,Major Arterial,North York,43.741217,-79.415187,At Intersection,Traffic Signal,Clear,Daylight,Dry,Non-Fatal Injury,Angle,Motorcycle Driver,45 to 49,Major,,East,Motorcycle,Going Ahead,Disobeyed Traffic Control,Normal,,,,,,,,,Yes,Yes,,,,Yes,,Yes,Yes,,,39,Bedford Park-Nortown,39,Bedford Park-Nortown (39),D32,627612.958643231,4844350.50005885
1390,81546074,1000617527,4/4/2021 4:00:00 AM,1719,WILSON  AVE,YONGE BLVD,,Major Arterial,North York,43.741217,-79.415187,At Intersection,Traffic Signal,Clear,Daylight,Dry,Non-Fatal Injury,Angle,Driver,15 to 19,None,,North,"Automobile, Station Wagon",Going Ahead,Driving Properly,Normal,,,,,,,,,Yes,Yes,,,,Yes,,Yes,Yes,,,39,Bedford Park-Nortown,39,Bedford Park-Nortown (39),D32,627612.958643231,4844350.50005885
1391,81515215,1000646644,4/8/2021 4:00:00 AM,1950,MORNINGSIDE AVE,MILNER AVE,,Major Arterial,Scarborough,43.800208,-79.199046,At Intersection,Traffic Signal,Clear,"Dusk, artificial",Dry,Non-Fatal Injury,Turning Movement,Driver,55 to 59,None,,South,"Automobile, Station Wagon",Turning Left,Failed to Yield Right of Way,Inattentive,,,,,,,,,Yes,Yes,,,,Yes,,Yes,,,,144,Morningside Heights,131,Rouge (131),D42,644874.843608757,4851258.02818753
1392,81515216,1000646644,4/8/2021 4:00:00 AM,1950,MORNINGSIDE AVE,MILNER AVE,,Major Arterial,Scarborough,43.800208,-79.199046,At Intersection,Traffic Signal,Clear,"Dusk, artificial",Dry,Non-Fatal Injury,Turning Movement,Motorcycle Driver,30 to 34,Major,,North,Motorcycle,Going Ahead,Driving Properly,Normal,,,,,,,,,Yes,Yes,,,,Yes,,Yes,,,,144,Morningside Heights,131,Rouge (131),D42,644874.843608757,4851258.02818753
1393,81515217,1000646644,4/8/2021 4:00:00 AM,1950,MORNINGSIDE AVE,MILNER AVE,,Major Arterial,Scarborough,43.800208,-79.199046,At Intersection,Traffic Signal,Clear,"Dusk, artificial",Dry,Non-Fatal Injury,Turning Movement,Passenger,25 to 29,None,,,,,,,,,,,,,,,Yes,Yes,,,,Yes,,Yes,,,,144,Morningside Heights,131,Rouge (131),D42,644874.843608757,4851258.02818753
1394,81542228,1000747804,4/23/2021 4:00:00 AM,2113,LEITCH AVE,MURRAY ROSS PKWY,,Collector,North York,43.765841,-79.496097,At Intersection,Stop Sign,Clear,"Dark, artificial",Dry,Non-Fatal Injury,Turning Movement,Driver,20 to 24,None,,South,"Automobile, Station Wagon",Turning Left,Failed to Yield Right of Way,Inattentive,,,,,,,,,Yes,Yes,,,,Yes,Yes,Yes,,,,27,York University Heights,27,York University Heights (27),D31,621048.181451544,4846963.91090636
1395,81542229,1000747804,4/23/2021 4:00:00 AM,2113,LEITCH AVE,MURRAY ROSS PKWY,,Collector,North York,43.765841,-79.496097,At Intersection,Stop Sign,Clear,"Dark, artificial",Dry,Non-Fatal Injury,Turning Movement,Motorcycle Driver,30 to 34,Major,,West,Motorcycle,Going Ahead,Exceeding Speed Limit,Normal,,,,,,,,,Yes,Yes,,,,Yes,Yes,Yes,,,,27,York University Heights,27,York University Heights (27),D31,621048.181451544,4846963.91090636
1396,81542230,1000747804,4/23/2021 4:00:00 AM,2113,LEITCH AVE,MURRAY ROSS PKWY,,Collector,North York,43.765841,-79.496097,At Intersection,Stop Sign,Clear,"Dark, artificial",Dry,Non-Fatal Injury,Turning Movement,Passenger,20 to 24,None,,,,,,,,,,,,,,,Yes,Yes,,,,Yes,Yes,Yes,,,,27,York University Heights,27,York University Heights (27),D31,621048.181451544,4846963.91090636
1397,81542231,1000747804,4/23/2021 4:00:00 AM,2113,LEITCH AVE,MURRAY ROSS PKWY,,Collector,North York,43.765841,-79.496097,At Intersection,Stop Sign,Clear,"Dark, artificial",Dry,Non-Fatal Injury,Turning Movement,Passenger,20 to 24,None,,,,,,,,,,,,,,,Yes,Yes,,,,Yes,Yes,Yes,,,,27,York University Heights,27,York University Heights (27),D31,621048.181451544,4846963.91090636
1398,81542232,1000747804,4/23/2021 4:00:00 AM,2113,LEITCH AVE,MURRAY ROSS PKWY,,Collector,North York,43.765841,-79.496097,At Intersection,Stop Sign,Clear,"Dark, artificial",Dry,Non-Fatal Injury,Turning Movement,Passenger,20 to 24,None,,,,,,,,,,,,,,,Yes,Yes,,,,Yes,Yes,Yes,,,,27,York University Heights,27,York University Heights (27),D31,621048.181451544,4846963.91090636
1399,81542233,1000747804,4/23/2021 4:00:00 AM,2113,LEITCH AVE,MURRAY ROSS PKWY,,Collector,North York,43.765841,-79.496097,At Intersection,Stop Sign,Clear,"Dark, artificial",Dry,Non-Fatal Injury,Turning Movement,Passenger,20 to 24,None,,,,,,,,,,,,,,,Yes,Yes,,,,Yes,Yes,Yes,,,,27,York University Heights,27,York University Heights (27),D31,621048.181451544,4846963.91090636
1400,81542446,1000799560,5/1/2021 4:00:00 AM,1303,LAWRENCE  AVE E,GREENBRAE  CRCT,11 m West of,Major Arterial,Scarborough,43.758113,-79.233043,Intersection Related,Traffic Signal,Clear,Daylight,Dry,Non-Fatal Injury,Rear End,Motorcycle Driver,60 to 64,Major,,East,Motorcycle,Slowing or Stopping,Lost control,Normal,,,,,,,,,Yes,Yes,,,,Yes,,,,,,141,Golfdale-Cedarbrae-Woburn,137,Woburn (137),D43,642239.766566053,4846523.75618428
1401,81542447,1000799560,5/1/2021 4:00:00 AM,1303,LAWRENCE  AVE E,GREENBRAE  CRCT,11 m West of,Major Arterial,Scarborough,43.758113,-79.233043,Intersection Related,Traffic Signal,Clear,Daylight,Dry,Non-Fatal Injury,Rear End,Driver,45 to 49,None,,East,"Automobile, Station Wagon",Slowing or Stopping,Driving Properly,Normal,,,,,,,,,Yes,Yes,,,,Yes,,,,,,141,Golfdale-Cedarbrae-Woburn,137,Woburn (137),D43,642239.766566053,4846523.75618428
1402,81542448,1000799560,5/1/2021 4:00:00 AM,1303,LAWRENCE  AVE E,GREENBRAE  CRCT,11 m West of,Major Arterial,Scarborough,43.758113,-79.233043,Intersection Related,Traffic Signal,Clear,Daylight,Dry,Non-Fatal Injury,Rear End,Passenger,45 to 49,Minimal,,,,,,,,,,,,,,,Yes,Yes,,,,Yes,,,,,,141,Golfdale-Cedarbrae-Woburn,137,Woburn (137),D43,642239.766566053,4846523.75618428
1403,81543103,1000885495,5/13/2021 4:00:00 AM,1902,ATTWELL DR,BELFIELD  RD,,Minor Arterial,Etobicoke York,43.697772,-79.593143,At Intersection,Traffic Signal,Clear,Daylight,Dry,Non-Fatal Injury,Turning Movement,Driver,45 to 49,None,,North,"Automobile, Station Wagon",Turning Left,Failed to Yield Right of Way,Unknown,,,,,,,,,Yes,Yes,,,,,,Yes,,,,1,West Humber-Clairville,1,West Humber-Clairville (1),D23,613365.307854891,4839266.61469151