OBJECTID,INDEX,ACCNUM,DATE,TIME,STREET1,STREET2,OFFSET,ROAD_CLASS,DISTRICT,LATITUDE,LONGITUDE,ACCLOC,TRAFFCTL,VISIBILITY,LIGHT,RDSFCOND,ACCLASS,IMPACTYPE,INVTYPE,INVAGE,INJURY,FATAL_NO,INITDIR,VEHTYPE,MANOEUVER,DRIVACT,DRIVCOND,PEDTYPE,PEDACT,PEDCOND,CYCLISTYPE,CYCACT,CYCCOND,PEDESTRIAN,CYCLIST,AUTOMOBILE,MOTORCYCLE,TRUCK,TRSN_CITY_VEH,EMERG_VEH,PASSENGER,SPEEDING,AG_DRIV,REDLIGHT,ALCOHOL,DISABILITY,HOOD_158,NEIGHBOURHOOD_158,HOOD_140,NEIGHBOURHOOD_140,DIVISION,x,y
1516,81664918,2001272860,7/4/2022 4:00:00 AM,2145,LAKE SHORE BV W,ONTARIO PLACE BV,25 m East of,Major Arterial,Toronto and East York,43.632376,-79.410892,Non Intersection,No Control,Clear,"Dark, artificial",Dry,Non-Fatal Injury,Sideswipe,Motorcycle Driver,20 to 24,Major,,East,Motorcycle,Going Ahead,Exceeding Speed Limit,Inattentive,,,,,,,,,Yes,Yes,,,,,Yes,Yes,,,,163,Fort York-Liberty Village,82,Niagara (82),D14,628190.441652719,4832268.84123902
1517,81664919,2001272860,7/4/2022 4:00:00 AM,2145,LAKE SHORE BV W,ONTARIO PLACE BV,25 m East of,Major Arterial,Toronto and East York,43.632376,-79.410892,Non Intersection,No Control,Clear,"Dark, artificial",Dry,Non-Fatal Injury,Sideswipe,Driver,30 to 34,None,,East,Pick Up Truck,Going Ahead,Driving Properly,Normal,,,,,,,,,Yes,Yes,,,,,Yes,Yes,,,,163,Fort York-Liberty Village,82,Niagara (82),D14,628190.441652719,4832268.84123902
1518,81664356,2001311462,7/9/2022 4:00:00 AM,2233,DON VALLEY PARKWAY  S,DVP S YORK MILLS E RAMP,30 m North o,Expressway,North York,43.758597,-79.335994,Non Intersection,No Control,Clear,"Dark, artificial",Dry,Non-Fatal Injury,Rear End,Driver,20 to 24,Major,,South,Motorcycle,Going Ahead,Lost control,Unknown,,,,,,,,,Yes,Yes,,,,Yes,Yes,Yes,,,,149,Parkwoods-O'Connor Hills,45,Parkwoods-Donalda (45),D33,633951.056617569,4846405.84407408
1519,81664357,2001311462,7/9/2022 4:00:00 AM,2233,DON VALLEY PARKWAY  S,DVP S YORK MILLS E RAMP,30 m North o,Expressway,North York,43.758597,-79.335994,Non Intersection,No Control,Clear,"Dark, artificial",Dry,Non-Fatal Injury,Rear End,Driver,30 to 34,None,,South,"Automobile, Station Wagon",Slowing or Stopping,Driving Properly,Normal,,,,,,,,,Yes,Yes,,,,Yes,Yes,Yes,,,,149,Parkwoods-O'Connor Hills,45,Parkwoods-Donalda (45),D33,633951.056617569,4846405.84407408
1520,81664358,2001311462,7/9/2022 4:00:00 AM,2233,DON VALLEY PARKWAY  S,DVP S YORK MILLS E RAMP,30 m North o,Expressway,North York,43.758597,-79.335994,Non Intersection,No Control,Clear,"Dark, artificial",Dry,Non-Fatal Injury,Rear End,Passenger,20 to 24,None,,,,,,,,,,,,,,,Yes,Yes,,,,Yes,Yes,Yes,,,,149,Parkwoods-O'Connor Hills,45,Parkwoods-Donalda (45),D33,633951.056617569,4846405.84407408
1521,81664359,2001311462,7/9/2022 4:00:00 AM,2233,DON VALLEY PARKWAY  S,DVP S YORK MILLS E RAMP,30 m North o,Expressway,North York,43.758597,-79.335994,Non Intersection,No Control,Clear,"Dark, artificial",Dry,Non-Fatal Injury,Rear End,Passenger,30 to 34,None,,,,,,,,,,,,,,,Yes,Yes,,,,Yes,Yes,Yes,,,,149,Parkwoods-O'Connor Hills,45,Parkwoods-Donalda (45),D33,633951.056617569,4846405.84407408
1522,81664360,2001311462,7/9/2022 4:00:00 AM,2233,DON VALLEY PARKWAY  S,DVP S YORK MILLS E RAMP,30 m North o,Expressway,North York,43.758597,-79.335994,Non Intersection,No Control,Clear,"Dark, artificial",Dry,Non-Fatal Injury,Rear End,Passenger,20 to 24,None,,,,,,,,,,,,,,,Yes,Yes,,,,Yes,Yes,Yes,,,,149,Parkwoods-O'Connor Hills,45,Parkwoods-Donalda (45),D33,633951.056617569,4846405.84407408
1523,81656789,2001361814,7/16/2022 4:00:00 AM,2237,NORTH QUEEN ST,MANSTOR RD,,Minor Arterial,Etobicoke York,43.618144,-79.557628,Intersection Related,No Control,Clear,"Dark, artificial",Dry,Fatal,SMV Other,Motorcycle Driver,45 to 49,Fatal,27,West,Motorcycle,Going Ahead,Lost control,Unknown,,,,,,,,,,Yes,,,,,,,,,,159,Etobicoke City Centre,14,Islington-City Centre West (14),D22,616380.873855553,4830472.07464277
1524,81666273,2001380523,7/19/2022 4:00:00 AM,1550,TRETHEWEY DR,BLACK CREEK DR,189 m West o,Minor Arterial,,43.695502,-79.488467,Non Intersection,No Control,Clear,Daylight,Dry,Non-Fatal Injury,Turning Movement,Driver,20 to 24,None,,East,"Automobile, Station Wagon",Turning Left,Improper Turn,Normal,,,,,,,,,Yes,Yes,,,,,,,,,,30,Brookhaven-Amesbury,30,Brookhaven-Amesbury (30),D12,621804.819645349,4839162.94044936
1525,81666274,2001380523,7/19/2022 4:00:00 AM,1550,TRETHEWEY DR,BLACK CREEK DR,189 m West o,Minor Arterial,,43.695502,-79.488467,Non Intersection,No Control,Clear,Daylight,Dry,Non-Fatal Injury,Turning Movement,Motorcycle Driver,35 to 39,Major,,West,Motorcycle,Going Ahead,Driving Properly,Normal,,,,,,,,,Yes,Yes,,,,,,,,,,30,Brookhaven-Amesbury,30,Brookhaven-Amesbury (30),D12,621804.819645349,4839162.94044936
1526,81645436,2001414066,7/24/2022 4:00:00 AM,142,BRIMLEY RD,WATERFIELD DR,,Major Arterial,Scarborough,43.765128,-79.259509,At Intersection,Traffic Signal,Clear,"Dark, artificial",Dry,Fatal,SMV Other,Motorcycle Driver,35 to 39,Fatal,29,South,Motorcycle,Going Ahead,Lost control,Unknown,,,,,,,,,,Yes,,,,,,,,,,156,Bendale-Glen Andrew,127,Bendale (127),D43,640092.857504991,4847257.76443785
1527,81687538,2001426544,7/25/2022 4:00:00 AM,2000,YORK ST,LAKESHORE W GARDINER,,Major Arterial,Toronto and East York,43.641688,-79.380946,At Intersection,Traffic Signal,Clear,Daylight,Dry,Non-Fatal Injury,Turning Movement,Motorcycle Driver,25 to 29,Major,,South,Motorcycle,Turning Right,Improper Turn,Normal,,,,,,,,,,Yes,,Yes,,,,,,,,166,St Lawrence-East Bayfront-The Islands,77,Waterfront Communities-The Island (77),D52,630585.983548357,4833349.73866734
1528,81687539,2001426544,7/25/2022 4:00:00 AM,2000,YORK ST,LAKESHORE W GARDINER,,Major Arterial,Toronto and East York,43.641688,-79.380946,At Intersection,Traffic Signal,Clear,Daylight,Dry,Non-Fatal Injury,Turning Movement,Driver,50 to 54,None,,West,"Bus (Other) (Go Bus, Gray Coa",Going Ahead,Driving Properly,Normal,,,,,,,,,,Yes,,Yes,,,,,,,,166,St Lawrence-East Bayfront-The Islands,77,Waterfront Communities-The Island (77),D52,630585.983548357,4833349.73866734
1529,81666799,2001456323,7/29/2022 4:00:00 AM,2045,636 TRETHEWEY DR,,3 m West of,Minor Arterial,North York,43.696936,-79.494991,At Intersection,No Control,Clear,"Dusk, artificial",Dry,Non-Fatal Injury,Turning Movement,Driver,40 to 44,Minimal,,East,"Automobile, Station Wagon",Turning Left,Speed too Fast For Condition,Inattentive,,,,,,,,,Yes,Yes,,,,Yes,Yes,Yes,,,,30,Brookhaven-Amesbury,30,Brookhaven-Amesbury (30),D12,621276.196861553,4839312.64282711
1530,81666800,2001456323,7/29/2022 4:00:00 AM,2045,636 TRETHEWEY DR,,3 m West of,Minor Arterial,North York,43.696936,-79.494991,At Intersection,No Control,Clear,"Dusk, artificial",Dry,Non-Fatal Injury,Turning Movement,Motorcycle Driver,20 to 24,Major,,West,Motorcycle,Going Ahead,Driving Properly,Normal,,,,,,,,,Yes,Yes,,,,Yes,Yes,Yes,,,,30,Brookhaven-Amesbury,30,Brookhaven-Amesbury (30),D12,621276.196861553,4839312.64282711
1531,81666801,2001456323,7/29/2022 4:00:00 AM,2045,636 TRETHEWEY DR,,3 m West of,Minor Arterial,North York,43.696936,-79.494991,At Intersection,No Control,Clear,"Dusk, artificial",Dry,Non-Fatal Injury,Turning Movement,Passenger,unknown,Minimal,,,,,,,,,,,,,,,Yes,Yes,,,,Yes,Yes,Yes,,,,30,Brookhaven-Amesbury,30,Brookhaven-Amesbury (30),D12,621276.196861553,4839312.64282711
1532,81658096,2001464726,7/31/2022 4:00:00 AM,112,KENNEDY RD,TRANSWAY CRES,,Major Arterial,Scarborough,43.731146,-79.26752,At Intersection,No Control,Clear,"Dark, artificial",Dry,Fatal,Turning Movement,Motorcycle Driver,35 to 39,Fatal,32,North,Motorcycle,Going Ahead,Exceeding Speed Limit,Unknown,,,,,,,,,Yes,Yes,,,,Yes,Yes,Yes,,,,124,Kennedy Park,124,Kennedy Park (124),D41,639526.980133897,4843470.02617516
1533,81658098,2001464726,7/31/2022 4:00:00 AM,112,KENNEDY RD,TRANSWAY CRES,,Major Arterial,Scarborough,43.731146,-79.26752,At Intersection,No Control,Clear,"Dark, artificial",Dry,Fatal,Turning Movement,Driver,30 to 34,None,,South,"Automobile, Station Wagon",Turning Left,Driving Properly,Normal,,,,,,,,,Yes,Yes,,,,Yes,Yes,Yes,,,,124,Kennedy Park,124,Kennedy Park (124),D41,639526.980133897,4843470.02617516
1534,81658384,2001464726,7/31/2022 4:00:00 AM,112,KENNEDY RD,TRANSWAY CRES,,Major Arterial,Scarborough,43.731146,-79.26752,At Intersection,No Control,Clear,"Dark, artificial",Dry,Fatal,Turning Movement,Passenger,15 to 19,None,,,,,,,,,,,,,,,Yes,Yes,,,,Yes,Yes,Yes,,,,124,Kennedy Park,124,Kennedy Park (124),D41,639526.980133897,4843470.02617516
1535,81738822,2001470034,7/31/2022 4:00:00 AM,2025,DISCO RD,ATTWELL DR,,Collector,Etobicoke York,43.701339,-79.608921,At Intersection,No Control,Clear,Daylight,Dry,Non-Fatal Injury,SMV Other,Motorcycle Driver,40 to 44,Major,,North,Motorcycle,Other,Lost control,Other,,,,,,,,,,Yes,,,,,,,,,,1,West Humber-Clairville,1,West Humber-Clairville (1),D23,612087.2530851,4839641.32727283
1536,81703108,2001514494,8/7/2022 4:00:00 AM,414,KENNEDY RD,MERRIAN RD,18 m East of,Major Arterial,Scarborough,43.727336,-79.26588,At Intersection,Traffic Signal,Clear,"Dark, artificial",Dry,Non-Fatal Injury,Pedestrian Collisions,Motorcycle Driver,30 to 34,Major,,South,Motorcycle,Going Ahead,Other,Unknown,,,,,,,Yes,,,Yes,,,,,,,,,,124,Kennedy Park,124,Kennedy Park (124),D41,639667.916488414,4843049.6321199
1537,81703109,2001514494,8/7/2022 4:00:00 AM,414,KENNEDY RD,MERRIAN RD,18 m East of,Major Arterial,Scarborough,43.727336,-79.26588,At Intersection,Traffic Signal,Clear,"Dark, artificial",Dry,Non-Fatal Injury,Pedestrian Collisions,Pedestrian,60 to 64,Major,,West,,,,,Vehicle is going straight thru inter.while ped cross without ROW,Crossing without right of way,Normal,,,,Yes,,,Yes,,,,,,,,,,124,Kennedy Park,124,Kennedy Park (124),D41,639667.916488414,4843049.6321199
1538,81663804,2001538160,8/10/2022 4:00:00 AM,1438,BLOOR ST W,JOPLING AVE S,,Major Arterial,Etobicoke York,43.640822,-79.539516,At Intersection,Stop Sign,Clear,Daylight,Dry,Fatal,Turning Movement,Motorcycle Driver,45 to 49,Fatal,38,East,Motorcycle,Going Ahead,Driving Properly,Normal,,,,,,,,,Yes,Yes,,,,,,Yes,,,,158,Islington,14,Islington-City Centre West (14),D22,617797.983088903,4833016.29056633
1539,81663807,2001538160,8/10/2022 4:00:00 AM,1438,BLOOR ST W,JOPLING AVE S,,Major Arterial,Etobicoke York,43.640822,-79.539516,At Intersection,Stop Sign,Clear,Daylight,Dry,Fatal,Turning Movement,Driver,90 to 94,None,,North,"Automobile, Station Wagon",Turning Left,Disobeyed Traffic Control,Normal,,,,,,,,,Yes,Yes,,,,,,Yes,,,,158,Islington,14,Islington-City Centre West (14),D22,617797.983088903,4833016.29056633
1540,81688568,2001544933,8/11/2022 4:00:00 AM,1314,QUEEN ST E,YONGE ST,1 m South of,Major Arterial,Toronto and East York,43.652369,-79.379222,At Intersection,Traffic Signal,Clear,Daylight,Dry,Non-Fatal Injury,Turning Movement,Truck Driver,50 to 54,None,,West,Truck - Dump,Turning Right,Disobeyed Traffic Control,Inattentive,,,,,,,,,,Yes,Yes,,,,,Yes,Yes,,,168,Downtown Yonge East,75,Church-Yonge Corridor (75),D51,630701.867873214,4834538.71719436
1541,81688569,2001544933,8/11/2022 4:00:00 AM,1314,QUEEN ST E,YONGE ST,1 m South of,Major Arterial,Toronto and East York,43.652369,-79.379222,At Intersection,Traffic Signal,Clear,Daylight,Dry,Non-Fatal Injury,Turning Movement,Motorcycle Driver,55 to 59,Major,,West,Motorcycle,Going Ahead,Driving Properly,Normal,,,,,,,,,,Yes,Yes,,,,,Yes,Yes,,,168,Downtown Yonge East,75,Church-Yonge Corridor (75),D51,630701.867873214,4834538.71719436
1542,81703498,2001591004,8/18/2022 4:00:00 AM,30,F G GARDINER XY  W,STRACHAN AVE,450 m West o,Expressway,Toronto and East York,43.636424,-79.415782,Non Intersection,No Control,Clear,"Dark, artificial",Dry,Non-Fatal Injury,Rear End,Motorcycle Driver,45 to 49,Major,,West,Motorcycle,Changing Lanes,Improper Lane Change,Normal,,,,,,,,,Yes,Yes,,,,,,,,,,163,Fort York-Liberty Village,82,Niagara (82),D14,627787.390085952,4832710.88347173
1543,81703499,2001591004,8/18/2022 4:00:00 AM,30,F G GARDINER XY  W,STRACHAN AVE,450 m West o,Expressway,Toronto and East York,43.636424,-79.415782,Non Intersection,No Control,Clear,"Dark, artificial",Dry,Non-Fatal Injury,Rear End,Driver,25 to 29,None,,West,"Automobile, Station Wagon",Stopped,Driving Properly,Normal,,,,,,,,,Yes,Yes,,,,,,,,,,163,Fort York-Liberty Village,82,Niagara (82),D14,627787.390085952,4832710.88347173
1544,81679942,2001661839,8/27/2022 4:00:00 AM,2220,F G GARDINER XY  E,STRACHAN AVE,380 m West o,Expressway,Toronto and East York,43.63666,-79.414516,Non Intersection,No Control,Clear,"Dark, artificial",Dry,Non-Fatal Injury,Rear End,Motorcycle Driver,30 to 34,Major,,East,Motorcycle,Changing Lanes,Improper Lane Change,Normal,,,,,,,,,Yes,Yes,,,,Yes,,,,,,163,Fort York-Liberty Village,82,Niagara (82),D14,627889.009529362,4832739.04407449
1545,81679943,2001661839,8/27/2022 4:00:00 AM,2220,F G GARDINER XY  E,STRACHAN AVE,380 m West o,Expressway,Toronto and East York,43.63666,-79.414516,Non Intersection,No Control,Clear,"Dark, artificial",Dry,Non-Fatal Injury,Rear End,Driver,20 to 24,None,,East,"Automobile, Station Wagon",Slowing or Stopping,Driving Properly,Normal,,,,,,,,,Yes,Yes,,,,Yes,,,,,,163,Fort York-Liberty Village,82,Niagara (82),D14,627889.009529362,4832739.04407449
1546,81679944,2001661839,8/27/2022 4:00:00 AM,2220,F G GARDINER XY  E,STRACHAN AVE,380 m West o,Expressway,Toronto and East York,43.63666,-79.414516,Non Intersection,No Control,Clear,"Dark, artificial",Dry,Non-Fatal Injury,Rear End,Passenger,25 to 29,None,,,,,,,,,,,,,,,Yes,Yes,,,,Yes,,,,,,163,Fort York-Liberty Village,82,Niagara (82),D14,627889.009529362,4832739.04407449
1547,81679945,2001661839,8/27/2022 4:00:00 AM,2220,F G GARDINER XY  E,STRACHAN AVE,380 m West o,Expressway,Toronto and East York,43.63666,-79.414516,Non Intersection,No Control,Clear,"Dark, artificial",Dry,Non-Fatal Injury,Rear End,Passenger,25 to 29,None,,,,,,,,,,,,,,,Yes,Yes,,,,Yes,,,,,,163,Fort York-Liberty Village,82,Niagara (82),D14,627889.009529362,4832739.04407449
1548,81679946,2001661839,8/27/2022 4:00:00 AM,2220,F G GARDINER XY  E,STRACHAN AVE,380 m West o,Expressway,Toronto and East York,43.63666,-79.414516,Non Intersection,No Control,Clear,"Dark, artificial",Dry,Non-Fatal Injury,Rear End,Passenger,25 to 29,None,,,,,,,,,,,,,,,Yes,Yes,,,,Yes,,,,,,163,Fort York-Liberty Village,82,Niagara (82),D14,627889.009529362,4832739.04407449
1549,81664323,2001697085,9/1/2022 4:00:00 AM,1820,DUNDAS ST W,CHELSEA AVE,3 m North of,Minor Arterial,,43.658145,-79.45296,At Intersection,No Control,Clear,Daylight,Dry,Non-Fatal Injury,Turning Movement,Driver,55 to 59,None,,North,"Automobile, Station Wagon",Turning Left,Improper Turn,Normal,,,,,,,,,Yes,Yes,,,,,,,,,,88,High Park North,88,High Park North (88),D11,624743.511364198,4835066.71656888
1550,81664324,2001697085,9/1/2022 4:00:00 AM,1820,DUNDAS ST W,CHELSEA AVE,3 m North of,Minor Arterial,,43.658145,-79.45296,At Intersection,No Control,Clear,Daylight,Dry,Non-Fatal Injury,Turning Movement,Motorcycle Driver,40 to 44,Major,,South,Motorcycle,Going Ahead,Driving Properly,Normal,,,,,,,,,Yes,Yes,,,,,,,,,,88,High Park North,88,High Park North (88),D11,624743.511364198,4835066.71656888
1551,81666002,2001708028,9/3/2022 4:00:00 AM,753,BAYVIEW BLOOR DVP S RAMP,DON VALLEY PARKWAY  S,3 m East of,Expressway Ramp,Toronto and East York,43.682494,-79.362987,Non Intersection,No Control,Clear,Daylight,Dry,Non-Fatal Injury,SMV Other,Motorcycle Driver,45 to 49,Major,,East,Motorcycle,Going Ahead,Lost control,Normal,,,,,,,,,,Yes,,,,,,,,,,57,Broadview North,57,Broadview North (57),D55,631945.073357327,4837910.20401404
1552,81665664,2001735076,9/7/2022 4:00:00 AM,640,WESTON RD,RAY AVE,3 m North of,Minor Arterial,,43.688578,-79.494197,At Intersection,Traffic Signal,Clear,Dawn,Dry,Non-Fatal Injury,Turning Movement,Driver,20 to 24,None,,South,"Automobile, Station Wagon",Turning Left,Failed to Yield Right of Way,Normal,,,,,,,,,Yes,Yes,,,,,Yes,Yes,,,,115,Mount Dennis,115,Mount Dennis (115),D12,621357.035728111,4838385.53492794
1553,81665665,2001735076,9/7/2022 4:00:00 AM,640,WESTON RD,RAY AVE,3 m North of,Minor Arterial,,43.688578,-79.494197,At Intersection,Traffic Signal,Clear,Dawn,Dry,Non-Fatal Injury,Turning Movement,Motorcycle Driver,30 to 34,Major,,North,Motorcycle,Going Ahead,Speed too Fast For Condition,Normal,,,,,,,,,Yes,Yes,,,,,Yes,Yes,,,,115,Mount Dennis,115,Mount Dennis (115),D12,621357.035728111,4838385.53492794
1554,81665517,2001762186,9/10/2022 4:00:00 AM,1632,LAKE SHORE BV W,NET DR,63 m West of,Major Arterial,Toronto and East York,43.634391,-79.439014,Non Intersection,No Control,Clear,Daylight,Dry,Non-Fatal Injury,Turning Movement,Motorcycle Driver,35 to 39,Major,,East,Motorcycle,Going Ahead,Improper Passing,Normal,,,,,,,,,Yes,Yes,,,,,Yes,Yes,,,,85,South Parkdale,85,South Parkdale (85),D14,625917.660392007,4832449.58972592
1555,81665518,2001762186,9/10/2022 4:00:00 AM,1632,LAKE SHORE BV W,NET DR,63 m West of,Major Arterial,Toronto and East York,43.634391,-79.439014,Non Intersection,No Control,Clear,Daylight,Dry,Non-Fatal Injury,Turning Movement,Driver,25 to 29,None,,North,"Automobile, Station Wagon",Turning Left,Driving Properly,Normal,,,,,,,,,Yes,Yes,,,,,Yes,Yes,,,,85,South Parkdale,85,South Parkdale (85),D14,625917.660392007,4832449.58972592
1556,81665398,2001778339,9/12/2022 4:00:00 AM,2140,ISLINGTON AVENUE AND SATTERLY ROAD,ISLINGTON AV,5 m East of,Major Arterial,Etobicoke York,43.758406,-79.570651,Intersection Related,Traffic Signal,Clear,"Dark, artificial",Dry,Non-Fatal Injury,Turning Movement,Driver,25 to 29,None,,South,"Automobile, Station Wagon",Turning Left,Failed to Yield Right of Way,Inattentive,,,,,,,,,Yes,Yes,,,,,,Yes,,,,21,Humber Summit,21,Humber Summit (21),D31,615061.587470604,4846031.87027939
1557,81665399,2001778339,9/12/2022 4:00:00 AM,2140,ISLINGTON AVENUE AND SATTERLY ROAD,ISLINGTON AV,5 m East of,Major Arterial,Etobicoke York,43.758406,-79.570651,Intersection Related,Traffic Signal,Clear,"Dark, artificial",Dry,Non-Fatal Injury,Turning Movement,Motorcycle Driver,30 to 34,Major,,North,Motorcycle,Going Ahead,Driving Properly,Normal,,,,,,,,,Yes,Yes,,,,,,Yes,,,,21,Humber Summit,21,Humber Summit (21),D31,615061.587470604,4846031.87027939
1558,81665285,2001790386,9/14/2022 4:00:00 AM,1436,KING ST E,CHURCH ST,52 m West of,Major Arterial,Toronto and East York,43.649707,-79.374957,Non Intersection,No Control,Clear,Daylight,Dry,Non-Fatal Injury,Cyclist Collisions,Motorcycle Driver,20 to 24,Major,,East,Motorcycle,Going Ahead,Exceeding Speed Limit,Normal,,,,,,,,Yes,,Yes,,,,,Yes,Yes,,,,168,Downtown Yonge East,75,Church-Yonge Corridor (75),D51,631051.596937282,4834249.79371037
1559,81665286,2001790386,9/14/2022 4:00:00 AM,1436,KING ST E,CHURCH ST,52 m West of,Major Arterial,Toronto and East York,43.649707,-79.374957,Non Intersection,No Control,Clear,Daylight,Dry,Non-Fatal Injury,Cyclist Collisions,Cyclist,40 to 44,None,,West,Bicycle,Turning Left,,,,,,Cyclist turned left across motorists path.,Improper Turn,Normal,,Yes,,Yes,,,,,Yes,Yes,,,,168,Downtown Yonge East,75,Church-Yonge Corridor (75),D51,631051.596937282,4834249.79371037
1560,81665959,2001792754,9/14/2022 4:00:00 AM,2005,RUNNYMEDE RD,MARIA ST,10 m South o,Minor Arterial,,43.666323,-79.482394,Non Intersection,No Control,Clear,"Dark, artificial",Dry,Non-Fatal Injury,Rear End,Driver,unknown,None,,South,"Automobile, Station Wagon",Going Ahead,Speed too Fast For Condition,Inattentive,,,,,,,,,Yes,Yes,,,,,Yes,Yes,,,,90,Junction Area,90,Junction Area (90),D11,622353.505122423,4835931.16023276
1561,81665960,2001792754,9/14/2022 4:00:00 AM,2005,RUNNYMEDE RD,MARIA ST,10 m South o,Minor Arterial,,43.666323,-79.482394,Non Intersection,No Control,Clear,"Dark, artificial",Dry,Non-Fatal Injury,Rear End,Driver,20 to 24,None,,South,"Automobile, Station Wagon",Stopped,Driving Properly,Normal,,,,,,,,,Yes,Yes,,,,,Yes,Yes,,,,90,Junction Area,90,Junction Area (90),D11,622353.505122423,4835931.16023276
1562,81665961,2001792754,9/14/2022 4:00:00 AM,2005,RUNNYMEDE RD,MARIA ST,10 m South o,Minor Arterial,,43.666323,-79.482394,Non Intersection,No Control,Clear,"Dark, artificial",Dry,Non-Fatal Injury,Rear End,Motorcycle Driver,50 to 54,Major,,South,Motorcycle,Stopped,Driving Properly,Normal,,,,,,,,,Yes,Yes,,,,,Yes,Yes,,,,90,Junction Area,90,Junction Area (90),D11,622353.505122423,4835931.16023276
1563,81666124,2001801385,9/16/2022 4:00:00 AM,120,DON VALLEY PKWY N,GERRARD ST,200 m North ,Expressway,Toronto and East York,43.666567,-79.356319,Non Intersection,No Control,Clear,"Dark, artificial",Dry,Non-Fatal Injury,SMV Other,Motorcycle Driver,25 to 29,Major,,North,Motorcycle,Going Ahead,Exceeding Speed Limit,Unknown,,,,,,,,,,Yes,,,,,Yes,Yes,,,,68,North Riverdale,68,North Riverdale (68),D55,632517.580102129,4836151.92393009
1564,81666760,2001815812,9/18/2022 4:00:00 AM,150,F G GARDINER XY  E,CHERRY ST,50 m East of,Expressway,Toronto and East York,43.648947,-79.355068,Non Intersection,No Control,Clear,"Dark, artificial",Dry,Non-Fatal Injury,SMV Other,Motorcycle Driver,30 to 34,Major,,East,Motorcycle,Going Ahead,Lost control,Unknown,,,,,,,,,,Yes,,,,Yes,Yes,Yes,,,,166,St Lawrence-East Bayfront-The Islands,77,Waterfront Communities-The Island (77),D51,632657.23616765,4834196.98735992
1565,81666761,2001815812,9/18/2022 4:00:00 AM,150,F G GARDINER XY  E,CHERRY ST,50 m East of,Expressway,Toronto and East York,43.648947,-79.355068,Non Intersection,No Control,Clear,"Dark, artificial",Dry,Non-Fatal Injury,SMV Other,Motorcycle Passenger,30 to 34,Major,,,,,,,,,,,,,,,,Yes,,,,Yes,Yes,Yes,,,,166,St Lawrence-East Bayfront-The Islands,77,Waterfront Communities-The Island (77),D51,632657.23616765,4834196.98735992
1566,81665922,2001862623,9/24/2022 4:00:00 AM,1910,FINCH AVE E,SENECA HILL DR,155 m East o,Major Arterial,North York,43.79402,-79.348445,Non Intersection,No Control,Clear,Dusk,Dry,Non-Fatal Injury,Turning Movement,Motorcycle Driver,20 to 24,Major,,West,Motorcycle,Overtaking,Improper Passing,Normal,,,,,,,,,Yes,Yes,,,,Yes,,Yes,,,,47,Don Valley Village,47,Don Valley Village (47),D33,632870.270680068,4850320.05287458
1567,81665923,2001862623,9/24/2022 4:00:00 AM,1910,FINCH AVE E,SENECA HILL DR,155 m East o,Major Arterial,North York,43.79402,-79.348445,Non Intersection,No Control,Clear,Dusk,Dry,Non-Fatal Injury,Turning Movement,Driver,25 to 29,None,,West,"Automobile, Station Wagon",Making U Turn,Driving Properly,Normal,,,,,,,,,Yes,Yes,,,,Yes,,Yes,,,,47,Don Valley Village,47,Don Valley Village (47),D33,632870.270680068,4850320.05287458
1568,81665924,2001862623,9/24/2022 4:00:00 AM,1910,FINCH AVE E,SENECA HILL DR,155 m East o,Major Arterial,North York,43.79402,-79.348445,Non Intersection,No Control,Clear,Dusk,Dry,Non-Fatal Injury,Turning Movement,Passenger,25 to 29,None,,,,,,,,,,,,,,,Yes,Yes,,,,Yes,,Yes,,,,47,Don Valley Village,47,Don Valley Village (47),D33,632870.270680068,4850320.05287458
1569,81665362,2001863583,9/24/2022 4:00:00 AM,2218,DUFFERIN ST,MARTIN ST,,Major Arterial,,43.689425,-79.447688,Non Intersection,No Control,Clear,"Dark, artificial",Dry,Fatal,Angle,Motorcycle Driver,30 to 34,Fatal,43,South,Motorcycle,Going Ahead,Driving Properly,Unknown,,,,,,,,,Yes,Yes,,Yes,,Yes,,,,,,107,Oakwood Village,107,Oakwood Village (107),D13,625103.603646324,4838548.71815848
1570,81665363,2001863583,9/24/2022 4:00:00 AM,2218,DUFFERIN ST,MARTIN ST,,Major Arterial,,43.689425,-79.447688,Non Intersection,No Control,Clear,"Dark, artificial",Dry,Fatal,Angle,Driver,20 to 24,Minor,,West,"Automobile, Station Wagon",Reversing,Other,Inattentive,,,,,,,,,Yes,Yes,,Yes,,Yes,,,,,,107,Oakwood Village,107,Oakwood Village (107),D13,625103.603646324,4838548.71815848
1571,81665364,2001863583,9/24/2022 4:00:00 AM,2218,DUFFERIN ST,MARTIN ST,,Major Arterial,,43.689425,-79.447688,Non Intersection,No Control,Clear,"Dark, artificial",Dry,Fatal,Angle,Driver,35 to 39,None,,North,Municipal Transit Bus (TTC),Going Ahead,Driving Properly,Normal,,,,,,,,,Yes,Yes,,Yes,,Yes,,,,,,107,Oakwood Village,107,Oakwood Village (107),D13,625103.603646324,4838548.71815848