OBJECTID,INDEX,ACCNUM,DATE,TIME,STREET1,STREET2,OFFSET,ROAD_CLASS,DISTRICT,LATITUDE,LONGITUDE,ACCLOC,TRAFFCTL,VISIBILITY,LIGHT,RDSFCOND,ACCLASS,IMPACTYPE,INVTYPE,INVAGE,INJURY,FATAL_NO,INITDIR,VEHTYPE,MANOEUVER,DRIVACT,DRIVCOND,PEDTYPE,PEDACT,PEDCOND,CYCLISTYPE,CYCACT,CYCCOND,PEDESTRIAN,CYCLIST,AUTOMOBILE,MOTORCYCLE,TRUCK,TRSN_CITY_VEH,EMERG_VEH,PASSENGER,SPEEDING,AG_DRIV,REDLIGHT,ALCOHOL,DISABILITY,HOOD_158,NEIGHBOURHOOD_158,HOOD_140,NEIGHBOURHOOD_140,DIVISION,x,y
1572,81665626,2001863583,9/24/2022 4:00:00 AM,2218,DUFFERIN ST,MARTIN ST,,Major Arterial,,43.689425,-79.447688,Non Intersection,No Control,Clear,"Dark, artificial",Dry,Fatal,Angle,Passenger,15 to 19,Minor,,,,,,,,,,,,,,,Yes,Yes,,Yes,,Yes,,,,,,107,Oakwood Village,107,Oakwood Village (107),D13,625103.603646324,4838548.71815848
1573,81665629,2001898372,9/29/2022 4:00:00 AM,1920,SKYWAY AVE,DIXON RD,,Minor Arterial,North York,43.686701,-79.58604,Non Intersection,No Control,,Daylight,,Fatal,Turning Movement,Driver,55 to 59,None,,South,"Automobile, Station Wagon",Making U Turn,Improper Turn,Inattentive,,,,,,,,,Yes,Yes,,,,,,,,,,1,West Humber-Clairville,1,West Humber-Clairville (1),D23,613958.640801096,4838046.76788218
1574,81667857,2001898372,9/29/2022 4:00:00 AM,1920,SKYWAY AVE,DIXON RD,,Minor Arterial,North York,43.686701,-79.58604,Non Intersection,No Control,,Daylight,,Fatal,Turning Movement,Motorcycle Driver,50 to 54,Fatal,44,South,Motorcycle,Going Ahead,Driving Properly,Normal,,,,,,,,,Yes,Yes,,,,,,,,,,1,West Humber-Clairville,1,West Humber-Clairville (1),D23,613958.640801096,4838046.76788218
1575,81688369,2001903424,9/30/2022 4:00:00 AM,1331,BURNHAMTHORPE RD,LAUREL AV,80 m West of,Major Arterial,Etobicoke York,43.646945,-79.556659,Non Intersection,No Control,Clear,Daylight,Dry,Non-Fatal Injury,Angle,Motorcycle Driver,35 to 39,Major,,West,Motorcycle,Going Ahead,Lost control,Normal,,,,,,,,,Yes,Yes,,,,Yes,Yes,Yes,,,,158,Islington,14,Islington-City Centre West (14),D22,616403.446723539,4833672.13992021
1576,81688370,2001903424,9/30/2022 4:00:00 AM,1331,BURNHAMTHORPE RD,LAUREL AV,80 m West of,Major Arterial,Etobicoke York,43.646945,-79.556659,Non Intersection,No Control,Clear,Daylight,Dry,Non-Fatal Injury,Angle,Driver,70 to 74,None,,North,"Automobile, Station Wagon",Going Ahead,Driving Properly,Normal,,,,,,,,,Yes,Yes,,,,Yes,Yes,Yes,,,,158,Islington,14,Islington-City Centre West (14),D22,616403.446723539,4833672.13992021
1577,81688371,2001903424,9/30/2022 4:00:00 AM,1331,BURNHAMTHORPE RD,LAUREL AV,80 m West of,Major Arterial,Etobicoke York,43.646945,-79.556659,Non Intersection,No Control,Clear,Daylight,Dry,Non-Fatal Injury,Angle,Passenger,65 to 69,None,,,,,,,,,,,,,,,Yes,Yes,,,,Yes,Yes,Yes,,,,158,Islington,14,Islington-City Centre West (14),D22,616403.446723539,4833672.13992021
1578,81667084,2001905181,9/30/2022 4:00:00 AM,1731,CARLTON ST,JARVIS ST,,Major Arterial,Toronto and East York,43.662413,-79.376689,At Intersection,Traffic Signal,Clear,Daylight,Dry,Non-Fatal Injury,Pedestrian Collisions,Driver,25 to 29,None,,West,"Automobile, Station Wagon",Turning Left,Failed to Yield Right of Way,Normal,,,,,,,Yes,,Yes,Yes,,,,Yes,,Yes,,,,73,Moss Park,73,Moss Park (73),D51,630884.310613812,4835658.22934923
1579,81667085,2001905181,9/30/2022 4:00:00 AM,1731,CARLTON ST,JARVIS ST,,Major Arterial,Toronto and East York,43.662413,-79.376689,At Intersection,Traffic Signal,Clear,Daylight,Dry,Non-Fatal Injury,Pedestrian Collisions,Motorcycle Driver,55 to 59,Major,,East,Motorcycle,Going Ahead,Driving Properly,Normal,,,,,,,Yes,,Yes,Yes,,,,Yes,,Yes,,,,73,Moss Park,73,Moss Park (73),D51,630884.310613812,4835658.22934923
1580,81667086,2001905181,9/30/2022 4:00:00 AM,1731,CARLTON ST,JARVIS ST,,Major Arterial,Toronto and East York,43.662413,-79.376689,At Intersection,Traffic Signal,Clear,Daylight,Dry,Non-Fatal Injury,Pedestrian Collisions,Passenger,unknown,None,,,,,,,,,,,,,Yes,,Yes,Yes,,,,Yes,,Yes,,,,73,Moss Park,73,Moss Park (73),D51,630884.310613812,4835658.22934923
1581,81667087,2001905181,9/30/2022 4:00:00 AM,1731,CARLTON ST,JARVIS ST,,Major Arterial,Toronto and East York,43.662413,-79.376689,At Intersection,Traffic Signal,Clear,Daylight,Dry,Non-Fatal Injury,Pedestrian Collisions,Pedestrian,35 to 39,Minimal,,Unknown,,,,,Pedestrian hit on sidewalk or shoulder,On Sidewalk or Shoulder,Normal,,,,Yes,,Yes,Yes,,,,Yes,,Yes,,,,73,Moss Park,73,Moss Park (73),D51,630884.310613812,4835658.22934923
1582,81667088,2001905181,9/30/2022 4:00:00 AM,1731,CARLTON ST,JARVIS ST,,Major Arterial,Toronto and East York,43.662413,-79.376689,At Intersection,Traffic Signal,Clear,Daylight,Dry,Non-Fatal Injury,Pedestrian Collisions,Pedestrian,35 to 39,Minimal,,Unknown,,,,,Pedestrian hit on sidewalk or shoulder,On Sidewalk or Shoulder,Normal,,,,Yes,,Yes,Yes,,,,Yes,,Yes,,,,73,Moss Park,73,Moss Park (73),D51,630884.310613812,4835658.22934923
1583,81703208,2001921551,10/3/2022 4:00:00 AM,622,BLOOR ST W,BATHURST ST,,Major Arterial,Toronto and East York,43.665042,-79.411174,At Intersection,Traffic Signal,Clear,"Dark, artificial",Dry,Non-Fatal Injury,Turning Movement,Driver,30 to 34,None,,East,"Automobile, Station Wagon",Turning Left,Failed to Yield Right of Way,Inattentive,,,,,,,,,Yes,Yes,,,,,,Yes,,,,79,University,79,University (79),D14,628098.234172265,4835896.39000984
1584,81703209,2001921551,10/3/2022 4:00:00 AM,622,BLOOR ST W,BATHURST ST,,Major Arterial,Toronto and East York,43.665042,-79.411174,At Intersection,Traffic Signal,Clear,"Dark, artificial",Dry,Non-Fatal Injury,Turning Movement,Motorcycle Driver,25 to 29,Major,,West,Motorcycle,Going Ahead,Driving Properly,Normal,,,,,,,,,Yes,Yes,,,,,,Yes,,,,79,University,79,University (79),D14,628098.234172265,4835896.39000984
1585,81687632,2002015530,10/16/2022 4:00:00 AM,1752,EVANS AVE,DELTA ST,,Major Arterial,Etobicoke York,43.612651,-79.539836,At Intersection,Stop Sign,Clear,Daylight,Dry,Non-Fatal Injury,Turning Movement,Driver,25 to 29,None,,North,"Automobile, Station Wagon",Turning Left,Disobeyed Traffic Control,Normal,,,,,,,,,Yes,Yes,,,,Yes,,Yes,,,,20,Alderwood,20,Alderwood (20),D22,617827.198211758,4829887.10086621
1586,81687633,2002015530,10/16/2022 4:00:00 AM,1752,EVANS AVE,DELTA ST,,Major Arterial,Etobicoke York,43.612651,-79.539836,At Intersection,Stop Sign,Clear,Daylight,Dry,Non-Fatal Injury,Turning Movement,Motorcycle Driver,40 to 44,Major,,East,Motorcycle,Going Ahead,Driving Properly,Normal,,,,,,,,,Yes,Yes,,,,Yes,,Yes,,,,20,Alderwood,20,Alderwood (20),D22,617827.198211758,4829887.10086621
1587,81687634,2002015530,10/16/2022 4:00:00 AM,1752,EVANS AVE,DELTA ST,,Major Arterial,Etobicoke York,43.612651,-79.539836,At Intersection,Stop Sign,Clear,Daylight,Dry,Non-Fatal Injury,Turning Movement,Driver,35 to 39,None,,West,"Automobile, Station Wagon",Going Ahead,Driving Properly,Normal,,,,,,,,,Yes,Yes,,,,Yes,,Yes,,,,20,Alderwood,20,Alderwood (20),D22,617827.198211758,4829887.10086621
1588,81687635,2002015530,10/16/2022 4:00:00 AM,1752,EVANS AVE,DELTA ST,,Major Arterial,Etobicoke York,43.612651,-79.539836,At Intersection,Stop Sign,Clear,Daylight,Dry,Non-Fatal Injury,Turning Movement,Passenger,30 to 34,None,,,,,,,,,,,,,,,Yes,Yes,,,,Yes,,Yes,,,,20,Alderwood,20,Alderwood (20),D22,617827.198211758,4829887.10086621
1589,81667642,2002057432,10/22/2022 4:00:00 AM,1822,ROYAL YORK RD,THE QUEENSWAY,,Major Arterial,Etobicoke York,43.626265,-79.502589,At Intersection,Traffic Signal,Clear,Dusk,Dry,Non-Fatal Injury,Turning Movement,Driver,60 to 64,None,,East,"Automobile, Station Wagon",Turning Left,Improper Turn,Inattentive,,,,,,,,,Yes,Yes,,,,,,Yes,,,,16,Stonegate-Queensway,16,Stonegate-Queensway (16),D22,620805.585455023,4831452.62381265
1590,81667643,2002057432,10/22/2022 4:00:00 AM,1822,ROYAL YORK RD,THE QUEENSWAY,,Major Arterial,Etobicoke York,43.626265,-79.502589,At Intersection,Traffic Signal,Clear,Dusk,Dry,Non-Fatal Injury,Turning Movement,Motorcycle Driver,30 to 34,Major,,West,Motorcycle,Going Ahead,Driving Properly,Normal,,,,,,,,,Yes,Yes,,,,,,Yes,,,,16,Stonegate-Queensway,16,Stonegate-Queensway (16),D22,620805.585455023,4831452.62381265
1591,81667644,2002057432,10/22/2022 4:00:00 AM,1822,ROYAL YORK RD,THE QUEENSWAY,,Major Arterial,Etobicoke York,43.626265,-79.502589,At Intersection,Traffic Signal,Clear,Dusk,Dry,Non-Fatal Injury,Turning Movement,Motorcycle Driver,30 to 34,Minimal,,West,Motorcycle,Going Ahead,Driving Properly,Normal,,,,,,,,,Yes,Yes,,,,,,Yes,,,,16,Stonegate-Queensway,16,Stonegate-Queensway (16),D22,620805.585455023,4831452.62381265
1592,81667645,2002057432,10/22/2022 4:00:00 AM,1822,ROYAL YORK RD,THE QUEENSWAY,,Major Arterial,Etobicoke York,43.626265,-79.502589,At Intersection,Traffic Signal,Clear,Dusk,Dry,Non-Fatal Injury,Turning Movement,Driver,50 to 54,None,,South,"Automobile, Station Wagon",Stopped,Driving Properly,Normal,,,,,,,,,Yes,Yes,,,,,,Yes,,,,16,Stonegate-Queensway,16,Stonegate-Queensway (16),D22,620805.585455023,4831452.62381265
1593,81667646,2002057432,10/22/2022 4:00:00 AM,1822,ROYAL YORK RD,THE QUEENSWAY,,Major Arterial,Etobicoke York,43.626265,-79.502589,At Intersection,Traffic Signal,Clear,Dusk,Dry,Non-Fatal Injury,Turning Movement,Other,50 to 54,None,,,,,,,,,,,,,,,Yes,Yes,,,,,,Yes,,,,16,Stonegate-Queensway,16,Stonegate-Queensway (16),D22,620805.585455023,4831452.62381265
1594,81667660,2002062999,10/23/2022 4:00:00 AM,1552,STEELES AVE W,400 S STEELES AVE W RAMP,,Major Arterial,North York,43.772029,-79.537761,At Intersection,Traffic Signal,Clear,Daylight,Dry,Non-Fatal Injury,Turning Movement,Driver,60 to 64,Minimal,,East,Pick Up Truck,Turning Left,Improper Turn,Inattentive,,,,,,,,,Yes,Yes,,,,,Yes,Yes,,,,21,Humber Summit,21,Humber Summit (21),D31,617682.512597401,4847591.1232635
1595,81667661,2002062999,10/23/2022 4:00:00 AM,1552,STEELES AVE W,400 S STEELES AVE W RAMP,,Major Arterial,North York,43.772029,-79.537761,At Intersection,Traffic Signal,Clear,Daylight,Dry,Non-Fatal Injury,Turning Movement,Motorcycle Driver,35 to 39,Major,,West,Motorcycle,Going Ahead,Exceeding Speed Limit,Normal,,,,,,,,,Yes,Yes,,,,,Yes,Yes,,,,21,Humber Summit,21,Humber Summit (21),D31,617682.512597401,4847591.1232635
1596,81665630,2002129087,11/1/2022 4:00:00 AM,1729,MARKHAM RD,EASTPARK BLVD,,Major Arterial,Scarborough,43.755606,-79.224025,At Intersection,Traffic Signal,Clear,Daylight,Dry,Fatal,Turning Movement,Motorcycle Driver,15 to 19,Fatal,44,South,Motorcycle,Going Ahead,Driving Properly,Unknown,,,,,,,,,Yes,Yes,,,,,,Yes,,,,141,Golfdale-Cedarbrae-Woburn,137,Woburn (137),D43,642971.69396739,4846260.84344827
1597,81667856,2002129087,11/1/2022 4:00:00 AM,1729,MARKHAM RD,EASTPARK BLVD,,Major Arterial,Scarborough,43.755606,-79.224025,At Intersection,Traffic Signal,Clear,Daylight,Dry,Fatal,Turning Movement,Driver,90 to 94,None,,North,"Automobile, Station Wagon",Turning Left,Failed to Yield Right of Way,Normal,,,,,,,,,Yes,Yes,,,,,,Yes,,,,141,Golfdale-Cedarbrae-Woburn,137,Woburn (137),D43,642971.69396739,4846260.84344827
1598,81707830,2002366866,12/4/2022 5:00:00 AM,1538,YONGE ST,GLEBE RD W,10 m East of,,,43.700851,-79.397136,Intersection Related,Stop Sign,Clear,Daylight,Dry,Non-Fatal Injury,Turning Movement,Driver,35 to 39,None,,East,"Automobile, Station Wagon",Turning Left,Failed to Yield Right of Way,Inattentive,,,,,,,,,Yes,Yes,,,,Yes,,Yes,,,,174,South Eglinton-Davisville,104,Mount Pleasant West (104),D53,629153.18825732,4839895.23988338
1599,81707831,2002366866,12/4/2022 5:00:00 AM,1538,YONGE ST,GLEBE RD W,10 m East of,,,43.700851,-79.397136,Intersection Related,Stop Sign,Clear,Daylight,Dry,Non-Fatal Injury,Turning Movement,Motorcycle Driver,45 to 49,Major,,South,Motorcycle,Going Ahead,Driving Properly,Normal,,,,,,,,,Yes,Yes,,,,Yes,,Yes,,,,174,South Eglinton-Davisville,104,Mount Pleasant West (104),D53,629153.18825732,4839895.23988338
1600,81707832,2002366866,12/4/2022 5:00:00 AM,1538,YONGE ST,GLEBE RD W,10 m East of,,,43.700851,-79.397136,Intersection Related,Stop Sign,Clear,Daylight,Dry,Non-Fatal Injury,Turning Movement,Passenger,40 to 44,Minimal,,,,,,,,,,,,,,,Yes,Yes,,,,Yes,,Yes,,,,174,South Eglinton-Davisville,104,Mount Pleasant West (104),D53,629153.18825732,4839895.23988338
1601,81709127,3000743879,4/4/2023 4:00:00 AM,2010,YONGE ST,GLEBE RD W,5 m North of,Major Arterial ,Toronto and East York,43.700858,-79.397121,Intersection Related,Stop Sign,Clear,"Dark, artificial",Dry,Non-Fatal Injury,Turning Movement,Driver,15 to 19,None,,East,"Automobile, Station Wagon",Turning Left,Failed to Yield Right of Way,Normal,,,,,,,,,Yes,Yes,,,,,Yes,Yes,,,,174,South Eglinton-Davisville,104,Mount Pleasant West (104),D53,629154.381886446,4839896.04069833
1602,81709128,3000743879,4/4/2023 4:00:00 AM,2010,YONGE ST,GLEBE RD W,5 m North of,Major Arterial ,Toronto and East York,43.700858,-79.397121,Intersection Related,Stop Sign,Clear,"Dark, artificial",Dry,Non-Fatal Injury,Turning Movement,Motorcycle Driver,20 to 24,Major,,South,Motorcycle,Going Ahead,Exceeding Speed Limit,Normal,,,,,,,,,Yes,Yes,,,,,Yes,Yes,,,,174,South Eglinton-Davisville,104,Mount Pleasant West (104),D53,629154.381886446,4839896.04069833
1603,81708782,3000790865,4/10/2023 4:00:00 AM,2120,VICTORIA PARK AV,VAN HORNE AV,36 m North o,Major Arterial,North York,43.789252,-79.329593,Intersection Related,Traffic Signal,Clear,Daylight,Dry,Non-Fatal Injury,SMV Other,Motorcycle Driver,20 to 24,Major,,South,Motorcycle,Pulling Onto Shoulder or towardCurb,Lost control,Normal,,,,,,,,,,Yes,,,,,,Yes,,,,46,Pleasant View,46,Pleasant View (46),D33,634397.647100098,4849820.9287488
1604,81805406,3001015348,5/7/2023 4:00:00 AM,100,STEELES AV W,KEELE ST,70 m East of,,,43.781745,-79.493648,Non Intersection,No Control,Clear,"Dark, artificial",Dry,Non-Fatal Injury,Rear End,Motorcycle Driver,25 to 29,Major,,East,Motorcycle,Going Ahead,Exceeding Speed Limit,Other,,,,,,,,,Yes,Yes,,,,,Yes,Yes,,,,27,York University Heights,27,York University Heights (27),NSA,621213.16655506,4848733.87244674
1605,81805407,3001015348,5/7/2023 4:00:00 AM,100,STEELES AV W,KEELE ST,70 m East of,,,43.781745,-79.493648,Non Intersection,No Control,Clear,"Dark, artificial",Dry,Non-Fatal Injury,Rear End,Driver,35 to 39,None,,East,"Automobile, Station Wagon",Going Ahead,Driving Properly,Normal,,,,,,,,,Yes,Yes,,,,,Yes,Yes,,,,27,York University Heights,27,York University Heights (27),NSA,621213.16655506,4848733.87244674
1606,81709664,3001076357,5/13/2023 4:00:00 AM,2212,FINCH AVE W,CHAMPAGNE DR,,Major Arterial,North York,43.767756,-79.471439,Intersection Related,Traffic Signal,Clear,"Dark, artificial",Dry,Fatal,Turning Movement,Driver,40 to 44,Minor,,West,"Automobile, Station Wagon",Turning Left,Failed to Yield Right of Way,Normal,,,,,,,,,Yes,Yes,,,,,,Yes,,,,27,York University Heights,27,York University Heights (27),D32,623028.977934833,4847212.93911532
1607,81731843,3001076357,5/13/2023 4:00:00 AM,2212,FINCH AVE W,CHAMPAGNE DR,,Major Arterial,North York,43.767756,-79.471439,Intersection Related,Traffic Signal,Clear,"Dark, artificial",Dry,Fatal,Turning Movement,Motorcycle Driver,55 to 59,Fatal,12,East,Motorcycle,Going Ahead,,,,,,,,,,,Yes,Yes,,,,,,Yes,,,,27,York University Heights,27,York University Heights (27),D32,623028.977934833,4847212.93911532
1608,81738504,3001160562,5/23/2023 4:00:00 AM,1733,YORKWOODS GT,JANE ST,7 m West of,Collector,North York,43.750727,-79.51601,Intersection Related,Traffic Signal,Clear,Daylight,Dry,Non-Fatal Injury,Turning Movement,Driver,65 to 69,Minor,,East,"Automobile, Station Wagon",Turning Left,Failed to Yield Right of Way,Other,,,,,,,,,Yes,Yes,,,,,,Yes,,,,25,Glenfield-Jane Heights,25,Glenfield-Jane Heights (25),D31,619475.461295113,4845256.36401296
1609,81738505,3001160562,5/23/2023 4:00:00 AM,1733,YORKWOODS GT,JANE ST,7 m West of,Collector,North York,43.750727,-79.51601,Intersection Related,Traffic Signal,Clear,Daylight,Dry,Non-Fatal Injury,Turning Movement,Motorcycle Driver,25 to 29,Major,,North,Motorcycle,Going Ahead,Driving Properly,Normal,,,,,,,,,Yes,Yes,,,,,,Yes,,,,25,Glenfield-Jane Heights,25,Glenfield-Jane Heights (25),D31,619475.461295113,4845256.36401296
1610,81739171,3001193849,5/27/2023 4:00:00 AM,1237,FORT YORK BV,LAKE SHORE BV W,,Collector,Toronto and East York,43.635489,-79.40668,Intersection Related,Traffic Signal,Clear,Daylight,Dry,Non-Fatal Injury,Pedestrian Collisions,Motorcycle Driver,25 to 29,None,,East,Motorcycle,Going Ahead,Improper Passing,Normal,,,,,,,Yes,,Yes,Yes,,,,,,Yes,,,,163,Fort York-Liberty Village,82,Niagara (82),D14,628523.583319463,4832621.09257249
1611,81739172,3001193849,5/27/2023 4:00:00 AM,1237,FORT YORK BV,LAKE SHORE BV W,,Collector,Toronto and East York,43.635489,-79.40668,Intersection Related,Traffic Signal,Clear,Daylight,Dry,Non-Fatal Injury,Pedestrian Collisions,Driver,50 to 54,None,,East,"Automobile, Station Wagon",Slowing or Stopping,Driving Properly,Normal,,,,,,,Yes,,Yes,Yes,,,,,,Yes,,,,163,Fort York-Liberty Village,82,Niagara (82),D14,628523.583319463,4832621.09257249
1612,81739173,3001193849,5/27/2023 4:00:00 AM,1237,FORT YORK BV,LAKE SHORE BV W,,Collector,Toronto and East York,43.635489,-79.40668,Intersection Related,Traffic Signal,Clear,Daylight,Dry,Non-Fatal Injury,Pedestrian Collisions,Pedestrian,35 to 39,Major,,,,,,,Vehicle is going straight thru inter.while ped cross without ROW,"Crossing, Pedestrian Crossover",Normal,,,,Yes,,Yes,Yes,,,,,,Yes,,,,163,Fort York-Liberty Village,82,Niagara (82),D14,628523.583319463,4832621.09257249
1613,81731844,3001202915,5/28/2023 4:00:00 AM,1330,GREENHOLM CRCT,LAWRENCE AVE E,GREENCREST C,Major Arterial,Scarborough,43.760241,-79.222949,At Intersection,Traffic Signal,Clear,Daylight,Dry,Fatal,Turning Movement,Motorcycle Driver,20 to 24,Fatal,13,East,Motorcycle,Going Ahead,Speed too Fast For Condition,Other,,,,,,,,,Yes,Yes,,,,,Yes,Yes,,,,141,Golfdale-Cedarbrae-Woburn,137,Woburn (137),D43,643047.270398697,4846777.48989492
1614,81731845,3001202915,5/28/2023 4:00:00 AM,1330,GREENHOLM CRCT,LAWRENCE AVE E,GREENCREST C,Major Arterial,Scarborough,43.760241,-79.222949,At Intersection,Traffic Signal,Clear,Daylight,Dry,Fatal,Turning Movement,Driver,50 to 54,None,,West,"Automobile, Station Wagon",Turning Left,Failed to Yield Right of Way,Normal,,,,,,,,,Yes,Yes,,,,,Yes,Yes,,,,141,Golfdale-Cedarbrae-Woburn,137,Woburn (137),D43,643047.270398697,4846777.48989492
1615,81806606,3001266373,6/3/2023 4:00:00 AM,1750,Dufferin St,OVERBROOK PL,,,,43.76105,-79.465183,Intersection Related,Traffic Signal,Clear,Daylight,Dry,Non-Fatal Injury,Pedestrian Collisions,Motorcycle Driver,50 to 54,Major,,North,Motorcycle,Going Ahead,,Unknown,,,,,,,Yes,,,Yes,,,,,,,,,,34,Bathurst Manor,34,Bathurst Manor (34),D32,623546.311073973,4846477.45105704
1616,81806607,3001266373,6/3/2023 4:00:00 AM,1750,Dufferin St,OVERBROOK PL,,,,43.76105,-79.465183,Intersection Related,Traffic Signal,Clear,Daylight,Dry,Non-Fatal Injury,Pedestrian Collisions,Pedestrian,10 to 14,Minor,,,,,,,,,Unknown,,,,Yes,,,Yes,,,,,,,,,,34,Bathurst Manor,34,Bathurst Manor (34),D32,623546.311073973,4846477.45105704
1617,81746098,3001330203,6/10/2023 4:00:00 AM,1859,LAWRENCE AVE E,THE DON WAY E,,Major Arterial,North York,43.737704,-79.340938,Intersection Related,Traffic Signal,Clear,"Dusk, artificial",Dry,Non-Fatal Injury,Turning Movement,Driver,60 to 64,None,,West,"Automobile, Station Wagon",Turning Left,Failed to Yield Right of Way,Normal,,,,,,,,,Yes,Yes,,,,,,Yes,,,,42,Banbury-Don Mills,42,Banbury-Don Mills (42),D33,633599.540368242,4844077.37902934
1618,81746099,3001330203,6/10/2023 4:00:00 AM,1859,LAWRENCE AVE E,THE DON WAY E,,Major Arterial,North York,43.737704,-79.340938,Intersection Related,Traffic Signal,Clear,"Dusk, artificial",Dry,Non-Fatal Injury,Turning Movement,Motorcycle Driver,25 to 29,Major,,East,Motorcycle,Going Ahead,Driving Properly,Normal,,,,,,,,,Yes,Yes,,,,,,Yes,,,,42,Banbury-Don Mills,42,Banbury-Don Mills (42),D33,633599.540368242,4844077.37902934
1619,81739120,3001338095,6/11/2023 4:00:00 AM,1735,KEELE ST,ROGERS RD,2 m South of,Major Arterial,Toronto and East York,43.682143,-79.471561,Intersection Related,Traffic Signal,Clear,Daylight,Dry,Non-Fatal Injury,Turning Movement,Driver,20 to 24,None,,North,"Automobile, Station Wagon",Turning Left,Improper Turn,Normal,,,,,,,,,Yes,Yes,,,,,,,,,,110,Keelesdale-Eglinton West,110,Keelesdale-Eglinton West (110),D12,623194.524039309,4837704.21554785
1620,81739121,3001338095,6/11/2023 4:00:00 AM,1735,KEELE ST,ROGERS RD,2 m South of,Major Arterial,Toronto and East York,43.682143,-79.471561,Intersection Related,Traffic Signal,Clear,Daylight,Dry,Non-Fatal Injury,Turning Movement,Motorcycle Driver,30 to 34,Major,,South,Motorcycle,Going Ahead,Other,Normal,,,,,,,,,Yes,Yes,,,,,,,,,,110,Keelesdale-Eglinton West,110,Keelesdale-Eglinton West (110),D12,623194.524039309,4837704.21554785
1621,81739176,3001338848,6/11/2023 4:00:00 AM,1912,SHAW ST,QUEEN ST W,30 m South o,Collector,Toronto and East York,43.644469,-79.416209,Non Intersection,,Rain,Daylight,Wet,Non-Fatal Injury,SMV Other,Motorcycle Driver,40 to 44,Major,,North,Motorcycle,Going Ahead,Driving Properly,Normal,,,,,,,,,,Yes,,,,,,,,,,162,West Queen West,82,Niagara (82),D14,627735.897223886,4833603.72678693
1622,81746241,3001349626,6/13/2023 4:00:00 AM,210,FINCH AV W,TORRESDALE AV,60 m West of,Collector,North York,43.77283,-79.451167,Non Intersection,Traffic Signal,Clear,"Dusk, artificial",Dry,Non-Fatal Injury,Turning Movement,Driver,25 to 29,Minor,,West,"Automobile, Station Wagon",Turning Left,Other,Normal,,,,,,,,,Yes,Yes,,,,,Yes,Yes,,,,35,Westminster-Branson,35,Westminster-Branson (35),D32,624650.078995559,4847806.80146037
1623,81746242,3001349626,6/13/2023 4:00:00 AM,210,FINCH AV W,TORRESDALE AV,60 m West of,Collector,North York,43.77283,-79.451167,Non Intersection,Traffic Signal,Clear,"Dusk, artificial",Dry,Non-Fatal Injury,Turning Movement,Motorcycle Driver,55 to 59,Major,,East,Motorcycle,Going Ahead,Exceeding Speed Limit,Normal,,,,,,,,,Yes,Yes,,,,,Yes,Yes,,,,35,Westminster-Branson,35,Westminster-Branson (35),D32,624650.078995559,4847806.80146037
1624,81747479,3001489552,6/27/2023 4:00:00 AM,2122,EGLINTON AV W,WILLOWRIDGE RD,20 m West of,Major Arterial,Etobicoke York,43.674327,-79.565357,Intersection Related,Traffic Signal,Clear,"Dark, artificial",Dry,Non-Fatal Injury,SMV Other,Motorcycle Driver,20 to 24,Major,,West,Motorcycle,Turning Left,Lost control,Other,,,,,,,,,,Yes,,,,,,,,,,7,Willowridge-Martingrove-Richview,7,Willowridge-Martingrove-Richview (7),D23,615649.377692124,4836701.09997698
1625,81786758,4000062087,6/28/2023 4:00:00 AM,2315,WOLFE AV,COMMONWEALTH AV,5 m West of,,,43.727428,-79.25365,Intersection Related,Traffic Signal,Clear,"Dark, artificial",Dry,Non-Fatal Injury,,Driver,unknown,None,,East,"Automobile, Station Wagon",Overtaking,Improper Passing,,,,,,,,,,Yes,Yes,,,,,,Yes,,,,124,Kennedy Park,124,Kennedy Park (124),D41,640652.730528936,4843080.53668311
1626,81786759,4000062087,6/28/2023 4:00:00 AM,2315,WOLFE AV,COMMONWEALTH AV,5 m West of,,,43.727428,-79.25365,Intersection Related,Traffic Signal,Clear,"Dark, artificial",Dry,Non-Fatal Injury,,Motorcycle Driver,60 to 64,Major,,East,Motorcycle,Slowing or Stopping,Driving Properly,Normal,,,,,,,,,Yes,Yes,,,,,,Yes,,,,124,Kennedy Park,124,Kennedy Park (124),D41,640652.730528936,4843080.53668311
1627,81746696,3001506035,6/29/2023 4:00:00 AM,1650,SPADINA AV,BALDWIN ST,100 m North ,Major Arterial,Toronto and East York,43.655223,-79.398967,Non Intersection,No Control,Clear,Daylight,Dry,Non-Fatal Injury,Pedestrian Collisions,Motorcycle Driver,25 to 29,None,,North,Motorcycle,Going Ahead,Driving Properly,Normal,,,,,,,Yes,,,Yes,,,,,,,,,,78,Kensington-Chinatown,78,Kensington-Chinatown (78),D14,629103.470308417,4834824.78073752